--------------------------------------------------------
--  파일이 생성됨 - 수요일-11월-19-2025   
--------------------------------------------------------
--------------------------------------------------------
--  DDL for Sequence LOGIN_SEQ
--------------------------------------------------------

   CREATE SEQUENCE  "CM"."LOGIN_SEQ"  MINVALUE 1 MAXVALUE 9999999999999999999999999999 INCREMENT BY 1 START WITH 65 NOCACHE  NOORDER  NOCYCLE  NOKEEP  NOSCALE  GLOBAL ;
--------------------------------------------------------
--  DDL for Sequence MILEAGE_SEQ
--------------------------------------------------------

   CREATE SEQUENCE  "CM"."MILEAGE_SEQ"  MINVALUE 1 MAXVALUE 9999999999999999999999999999 INCREMENT BY 1 START WITH 210 NOCACHE  NOORDER  NOCYCLE  NOKEEP  NOSCALE  GLOBAL ;
--------------------------------------------------------
--  DDL for Sequence SEQ_INQUIRY_ID
--------------------------------------------------------

   CREATE SEQUENCE  "CM"."SEQ_INQUIRY_ID"  MINVALUE 1 MAXVALUE 9999 INCREMENT BY 1 START WITH 1 NOCACHE  NOORDER  NOCYCLE  NOKEEP  NOSCALE  GLOBAL ;
--------------------------------------------------------
--  DDL for Sequence TEST_SEQ1
--------------------------------------------------------

   CREATE SEQUENCE  "CM"."TEST_SEQ1"  MINVALUE 1 MAXVALUE 9999999999999999999999999999 INCREMENT BY 1 START WITH 21 CACHE 20 NOORDER  NOCYCLE  NOKEEP  NOSCALE  GLOBAL ;
--------------------------------------------------------
--  DDL for Table ADMIN_TAB
--------------------------------------------------------

  CREATE TABLE "CM"."ADMIN_TAB" 
   (	"ADM_ID" VARCHAR2(30 BYTE), 
	"ADM_PWD" VARCHAR2(50 BYTE)
   ) SEGMENT CREATION IMMEDIATE 
  PCTFREE 10 PCTUSED 40 INITRANS 1 MAXTRANS 255 
 NOCOMPRESS LOGGING
  STORAGE(INITIAL 65536 NEXT 1048576 MINEXTENTS 1 MAXEXTENTS 2147483645
  PCTINCREASE 0 FREELISTS 1 FREELIST GROUPS 1
  BUFFER_POOL DEFAULT FLASH_CACHE DEFAULT CELL_FLASH_CACHE DEFAULT)
  TABLESPACE "USERS" ;
--------------------------------------------------------
--  DDL for Table CONSULTATION
--------------------------------------------------------

  CREATE TABLE "CM"."CONSULTATION" 
   (	"CUS_ID" VARCHAR2(20 BYTE), 
	"INQUIRY_ID" VARCHAR2(20 BYTE), 
	"INQUIRY_DATE" DATE DEFAULT SYSDATE, 
	"CONTENT" VARCHAR2(1000 BYTE), 
	"STATUS" VARCHAR2(20 BYTE) DEFAULT '대기', 
	"ANSWER" VARCHAR2(1000 BYTE), 
	"ANS_DATE" DATE, 
	"ADM_ID" VARCHAR2(30 BYTE) DEFAULT '담당자 미정'
   ) SEGMENT CREATION IMMEDIATE 
  PCTFREE 10 PCTUSED 40 INITRANS 1 MAXTRANS 255 
 NOCOMPRESS LOGGING
  STORAGE(INITIAL 65536 NEXT 1048576 MINEXTENTS 1 MAXEXTENTS 2147483645
  PCTINCREASE 0 FREELISTS 1 FREELIST GROUPS 1
  BUFFER_POOL DEFAULT FLASH_CACHE DEFAULT CELL_FLASH_CACHE DEFAULT)
  TABLESPACE "USERS" ;
--------------------------------------------------------
--  DDL for Table CONSULTATION_LOG_BAK
--------------------------------------------------------

  CREATE TABLE "CM"."CONSULTATION_LOG_BAK" 
   (	"INQUIRY_ID" VARCHAR2(20 BYTE), 
	"CUS_ID" VARCHAR2(20 BYTE), 
	"CONTENT" VARCHAR2(1000 BYTE), 
	"ANSWER" VARCHAR2(1000 BYTE), 
	"INQUIRY_DATE" DATE, 
	"STATUS" VARCHAR2(20 BYTE), 
	"ADM_ID" VARCHAR2(30 BYTE), 
	"ANS_DATE" DATE
   ) SEGMENT CREATION DEFERRED 
  PCTFREE 10 PCTUSED 40 INITRANS 1 MAXTRANS 255 
 NOCOMPRESS LOGGING
  TABLESPACE "USERS" ;
--------------------------------------------------------
--  DDL for Table CUSTOMER
--------------------------------------------------------

  CREATE TABLE "CM"."CUSTOMER" 
   (	"CUS_ID" VARCHAR2(20 BYTE), 
	"PWD" VARCHAR2(50 BYTE), 
	"NAME" VARCHAR2(50 BYTE), 
	"TEL" VARCHAR2(20 BYTE), 
	"EMAIL" VARCHAR2(50 BYTE), 
	"ADDRESS" VARCHAR2(200 BYTE), 
	"REG" DATE DEFAULT SYSDATE, 
	"RRN" VARCHAR2(30 BYTE), 
	"CLASS_ID" VARCHAR2(10 BYTE) DEFAULT '0', 
	"DORMANCY" CHAR(1 BYTE) DEFAULT 'N'
   ) SEGMENT CREATION IMMEDIATE 
  PCTFREE 10 PCTUSED 40 INITRANS 1 MAXTRANS 255 
 NOCOMPRESS LOGGING
  STORAGE(INITIAL 65536 NEXT 1048576 MINEXTENTS 1 MAXEXTENTS 2147483645
  PCTINCREASE 0 FREELISTS 1 FREELIST GROUPS 1
  BUFFER_POOL DEFAULT FLASH_CACHE DEFAULT CELL_FLASH_CACHE DEFAULT)
  TABLESPACE "USERS" ;

   COMMENT ON COLUMN "CM"."CUSTOMER"."CUS_ID" IS 'PK';
--------------------------------------------------------
--  DDL for Table CUSTOMER_CLASS
--------------------------------------------------------

  CREATE TABLE "CM"."CUSTOMER_CLASS" 
   (	"CLASS_ID" VARCHAR2(20 BYTE), 
	"CLASS_LEVEL" VARCHAR2(20 BYTE)
   ) SEGMENT CREATION IMMEDIATE 
  PCTFREE 10 PCTUSED 40 INITRANS 1 MAXTRANS 255 
 NOCOMPRESS LOGGING
  STORAGE(INITIAL 65536 NEXT 1048576 MINEXTENTS 1 MAXEXTENTS 2147483645
  PCTINCREASE 0 FREELISTS 1 FREELIST GROUPS 1
  BUFFER_POOL DEFAULT FLASH_CACHE DEFAULT CELL_FLASH_CACHE DEFAULT)
  TABLESPACE "USERS" ;
--------------------------------------------------------
--  DDL for Table CUSTOMER_LOGINRECORD
--------------------------------------------------------

  CREATE TABLE "CM"."CUSTOMER_LOGINRECORD" 
   (	"LOGIN_ID" VARCHAR2(20 BYTE), 
	"LOGIN_DATE" DATE, 
	"CUS_ID" VARCHAR2(20 BYTE)
   ) SEGMENT CREATION IMMEDIATE 
  PCTFREE 10 PCTUSED 40 INITRANS 1 MAXTRANS 255 
 NOCOMPRESS LOGGING
  STORAGE(INITIAL 65536 NEXT 1048576 MINEXTENTS 1 MAXEXTENTS 2147483645
  PCTINCREASE 0 FREELISTS 1 FREELIST GROUPS 1
  BUFFER_POOL DEFAULT FLASH_CACHE DEFAULT CELL_FLASH_CACHE DEFAULT)
  TABLESPACE "USERS" ;
--------------------------------------------------------
--  DDL for Table CUSTOMER_MILEAGE
--------------------------------------------------------

  CREATE TABLE "CM"."CUSTOMER_MILEAGE" 
   (	"MILEAGE_ID" NUMBER, 
	"MILEAGE_YN" VARCHAR2(30 BYTE), 
	"CHANGE_MIL" NUMBER, 
	"REMAIN_MIL" NUMBER, 
	"MILEAGE_DATE" DATE, 
	"ORDER_CODE" VARCHAR2(30 BYTE), 
	"CUS_ID" VARCHAR2(30 BYTE)
   ) SEGMENT CREATION IMMEDIATE 
  PCTFREE 10 PCTUSED 40 INITRANS 1 MAXTRANS 255 
 NOCOMPRESS LOGGING
  STORAGE(INITIAL 65536 NEXT 1048576 MINEXTENTS 1 MAXEXTENTS 2147483645
  PCTINCREASE 0 FREELISTS 1 FREELIST GROUPS 1
  BUFFER_POOL DEFAULT FLASH_CACHE DEFAULT CELL_FLASH_CACHE DEFAULT)
  TABLESPACE "USERS" ;
--------------------------------------------------------
--  DDL for Table ORDER_DETAILS
--------------------------------------------------------

  CREATE TABLE "CM"."ORDER_DETAILS" 
   (	"ORDER_CODE" VARCHAR2(30 BYTE), 
	"ORDER_PRICE" NUMBER(30,0), 
	"ORDER_DATE" DATE, 
	"TOTAL_COST" NUMBER(30,0), 
	"CUS_ID" VARCHAR2(20 BYTE)
   ) SEGMENT CREATION IMMEDIATE 
  PCTFREE 10 PCTUSED 40 INITRANS 1 MAXTRANS 255 
 NOCOMPRESS LOGGING
  STORAGE(INITIAL 65536 NEXT 1048576 MINEXTENTS 1 MAXEXTENTS 2147483645
  PCTINCREASE 0 FREELISTS 1 FREELIST GROUPS 1
  BUFFER_POOL DEFAULT FLASH_CACHE DEFAULT CELL_FLASH_CACHE DEFAULT)
  TABLESPACE "USERS" ;

   COMMENT ON COLUMN "CM"."ORDER_DETAILS"."ORDER_CODE" IS 'PK';
--------------------------------------------------------
--  DDL for Table PRODUCT_CLASS
--------------------------------------------------------

  CREATE TABLE "CM"."PRODUCT_CLASS" 
   (	"PRODUCT_CLASS_ID" VARCHAR2(30 BYTE), 
	"PRODUCT_CLASS_NAME" VARCHAR2(50 BYTE), 
	"PRODUCT_CLASS_ID2" VARCHAR2(30 BYTE)
   ) SEGMENT CREATION IMMEDIATE 
  PCTFREE 10 PCTUSED 40 INITRANS 1 MAXTRANS 255 
 NOCOMPRESS LOGGING
  STORAGE(INITIAL 65536 NEXT 1048576 MINEXTENTS 1 MAXEXTENTS 2147483645
  PCTINCREASE 0 FREELISTS 1 FREELIST GROUPS 1
  BUFFER_POOL DEFAULT FLASH_CACHE DEFAULT CELL_FLASH_CACHE DEFAULT)
  TABLESPACE "USERS" ;

   COMMENT ON COLUMN "CM"."PRODUCT_CLASS"."PRODUCT_CLASS_ID" IS 'PK';
   COMMENT ON COLUMN "CM"."PRODUCT_CLASS"."PRODUCT_CLASS_NAME" IS 'Unique';
--------------------------------------------------------
--  DDL for Table PRODUCT_TAB
--------------------------------------------------------

  CREATE TABLE "CM"."PRODUCT_TAB" 
   (	"PRODUCT_ID" VARCHAR2(30 BYTE), 
	"PRODUCT_NAME" VARCHAR2(50 BYTE), 
	"PRODUCT_PRICE" NUMBER, 
	"PRODUCT_CLASS_ID" VARCHAR2(30 BYTE), 
	"PRODUCT_CLASS_NAME" VARCHAR2(30 BYTE)
   ) SEGMENT CREATION IMMEDIATE 
  PCTFREE 10 PCTUSED 40 INITRANS 1 MAXTRANS 255 
 NOCOMPRESS LOGGING
  STORAGE(INITIAL 65536 NEXT 1048576 MINEXTENTS 1 MAXEXTENTS 2147483645
  PCTINCREASE 0 FREELISTS 1 FREELIST GROUPS 1
  BUFFER_POOL DEFAULT FLASH_CACHE DEFAULT CELL_FLASH_CACHE DEFAULT)
  TABLESPACE "USERS" ;

   COMMENT ON COLUMN "CM"."PRODUCT_TAB"."PRODUCT_ID" IS 'PK';
   COMMENT ON COLUMN "CM"."PRODUCT_TAB"."PRODUCT_NAME" IS 'Unique';
--------------------------------------------------------
--  DDL for Table SALE_DETAILS
--------------------------------------------------------

  CREATE TABLE "CM"."SALE_DETAILS" 
   (	"ORDER_DETAIL" VARCHAR2(30 BYTE), 
	"QTY" NUMBER, 
	"PRODUCT_ID" VARCHAR2(30 BYTE), 
	"ORDER_CODE" VARCHAR2(30 BYTE)
   ) SEGMENT CREATION IMMEDIATE 
  PCTFREE 10 PCTUSED 40 INITRANS 1 MAXTRANS 255 
 NOCOMPRESS LOGGING
  STORAGE(INITIAL 65536 NEXT 1048576 MINEXTENTS 1 MAXEXTENTS 2147483645
  PCTINCREASE 0 FREELISTS 1 FREELIST GROUPS 1
  BUFFER_POOL DEFAULT FLASH_CACHE DEFAULT CELL_FLASH_CACHE DEFAULT)
  TABLESPACE "USERS" ;
--------------------------------------------------------
--  DDL for View VW_PENDING_CONSULTATION
--------------------------------------------------------

  CREATE OR REPLACE FORCE NONEDITIONABLE VIEW "CM"."VW_PENDING_CONSULTATION" ("CUS_ID", "INQUIRY_ID", "INQUIRY_DATE", "CONTENT", "STATUS", "ANSWER", "ANS_DATE", "ADM_ID") AS 
  SELECT "CUS_ID","INQUIRY_ID","INQUIRY_DATE","CONTENT","STATUS","ANSWER","ANS_DATE","ADM_ID"
FROM consultation
WHERE STATUS IN ('대기', '진행중')
;
REM INSERTING into CM.ADMIN_TAB
SET DEFINE OFF;
Insert into CM.ADMIN_TAB (ADM_ID,ADM_PWD) values ('admin1','admin1');
Insert into CM.ADMIN_TAB (ADM_ID,ADM_PWD) values ('admin2','admin2');
REM INSERTING into CM.CONSULTATION
SET DEFINE OFF;
Insert into CM.CONSULTATION (CUS_ID,INQUIRY_ID,INQUIRY_DATE,CONTENT,STATUS,ANSWER,ANS_DATE,ADM_ID) values ('CUS048','I0001',to_date('25/10/11','RR/MM/DD'),'회원가입이 되지 않습니다.','완료','처리했습니다',to_date('25/11/13','RR/MM/DD'),'ADMIN1');
Insert into CM.CONSULTATION (CUS_ID,INQUIRY_ID,INQUIRY_DATE,CONTENT,STATUS,ANSWER,ANS_DATE,ADM_ID) values ('CUS062','I0002',to_date('25/10/11','RR/MM/DD'),'비밀번호를 분실했습니다.','진행중','.',to_date('25/11/18','RR/MM/DD'),'ADMIN2');
Insert into CM.CONSULTATION (CUS_ID,INQUIRY_ID,INQUIRY_DATE,CONTENT,STATUS,ANSWER,ANS_DATE,ADM_ID) values ('CUS134','I0003',to_date('25/10/11','RR/MM/DD'),'결제 내역이 보이지 않습니다.','대기',null,null,'담당자 미정');
Insert into CM.CONSULTATION (CUS_ID,INQUIRY_ID,INQUIRY_DATE,CONTENT,STATUS,ANSWER,ANS_DATE,ADM_ID) values ('CUS105','I0004',to_date('25/11/01','RR/MM/DD'),'상품 환불 절차가 궁금합니다.','대기',null,null,'담당자 미정');
Insert into CM.CONSULTATION (CUS_ID,INQUIRY_ID,INQUIRY_DATE,CONTENT,STATUS,ANSWER,ANS_DATE,ADM_ID) values ('CUS111','I0005',to_date('25/11/01','RR/MM/DD'),'배송 주소를 변경하고 싶어요.','대기',null,null,'담당자 미정');
Insert into CM.CONSULTATION (CUS_ID,INQUIRY_ID,INQUIRY_DATE,CONTENT,STATUS,ANSWER,ANS_DATE,ADM_ID) values ('CUS051','I0006',to_date('25/11/01','RR/MM/DD'),'적립금이 반영되지 않았습니다.','완료','반영되었습니다',to_date('25/11/13','RR/MM/DD'),'ADMIN1');
REM INSERTING into CM.CONSULTATION_LOG_BAK
SET DEFINE OFF;
REM INSERTING into CM.CUSTOMER
SET DEFINE OFF;
Insert into CM.CUSTOMER (CUS_ID,PWD,NAME,TEL,EMAIL,ADDRESS,REG,RRN,CLASS_ID,DORMANCY) values ('CUS190','pw190','신유영','010-5995-4132','syy@test.com','서울시 테스트로 190번지',to_date('25/11/12','RR/MM/DD'),'971020-2748188','0','N');
Insert into CM.CUSTOMER (CUS_ID,PWD,NAME,TEL,EMAIL,ADDRESS,REG,RRN,CLASS_ID,DORMANCY) values ('CUS191','pw191','이유빈','010-9118-8050','lyb@test.com','서울시 테스트로 191번지',to_date('25/11/12','RR/MM/DD'),'721016-4567589','5','N');
Insert into CM.CUSTOMER (CUS_ID,PWD,NAME,TEL,EMAIL,ADDRESS,REG,RRN,CLASS_ID,DORMANCY) values ('CUS192','pw192','신은준','010-7640-1479','se@test.com','서울시 테스트로 192번지',to_date('25/11/12','RR/MM/DD'),'920414-7659876','2','Y');
Insert into CM.CUSTOMER (CUS_ID,PWD,NAME,TEL,EMAIL,ADDRESS,REG,RRN,CLASS_ID,DORMANCY) values ('CUS193','pw193','오연화','01012345678','babo12@naver.com','서울시 가산동 디지털로91',to_date('25/11/12','RR/MM/DD'),'991118-1111111','0','N');
Insert into CM.CUSTOMER (CUS_ID,PWD,NAME,TEL,EMAIL,ADDRESS,REG,RRN,CLASS_ID,DORMANCY) values ('CUS194','pw194','이예솔','010-2506-2922','lys@test.com','서울시 테스트로 194번지',to_date('25/11/12','RR/MM/DD'),'930517-1083436','0','N');
Insert into CM.CUSTOMER (CUS_ID,PWD,NAME,TEL,EMAIL,ADDRESS,REG,RRN,CLASS_ID,DORMANCY) values ('CUS195','pw195','이예경','010-3431-3891','lyk@test.com','서울시 테스트로 195번지',to_date('25/11/12','RR/MM/DD'),'710403-7583988','0','Y');
Insert into CM.CUSTOMER (CUS_ID,PWD,NAME,TEL,EMAIL,ADDRESS,REG,RRN,CLASS_ID,DORMANCY) values ('CUS196','pw196','한은솔','010-6621-3344','hes@test.com','서울시 테스트로 196번지',to_date('25/11/12','RR/MM/DD'),'940808-2678138','0','Y');
Insert into CM.CUSTOMER (CUS_ID,PWD,NAME,TEL,EMAIL,ADDRESS,REG,RRN,CLASS_ID,DORMANCY) values ('CUS197','pw197','강지아','010-8430-1947','gj@test.com','서울시 테스트로 197번지',to_date('25/11/12','RR/MM/DD'),'840903-6181522','0','Y');
Insert into CM.CUSTOMER (CUS_ID,PWD,NAME,TEL,EMAIL,ADDRESS,REG,RRN,CLASS_ID,DORMANCY) values ('CUS198','pw198','신지민','010-3446-5099','sjm@test.com','서울시 테스트로 198번지',to_date('25/11/12','RR/MM/DD'),'700327-8466335','0','Y');
Insert into CM.CUSTOMER (CUS_ID,PWD,NAME,TEL,EMAIL,ADDRESS,REG,RRN,CLASS_ID,DORMANCY) values ('CUS199','pw199','장시준','010-8415-4804','js@test.com','서울시 테스트로 199번지',to_date('25/11/12','RR/MM/DD'),'951114-6434445','0','Y');
Insert into CM.CUSTOMER (CUS_ID,PWD,NAME,TEL,EMAIL,ADDRESS,REG,RRN,CLASS_ID,DORMANCY) values ('CUS200','pw200','정서빈','010-4976-6996','jsb@test.com','서울시 테스트로 200번지',to_date('25/11/12','RR/MM/DD'),'980126-8356286','1','N');
Insert into CM.CUSTOMER (CUS_ID,PWD,NAME,TEL,EMAIL,ADDRESS,REG,RRN,CLASS_ID,DORMANCY) values ('CUS201','cus201','오바보','010-6125-5632','babo@test.com','서울시 테스트로 201번지',to_date('25/11/14','RR/MM/DD'),'000111-1234567','1','N');
Insert into CM.CUSTOMER (CUS_ID,PWD,NAME,TEL,EMAIL,ADDRESS,REG,RRN,CLASS_ID,DORMANCY) values ('ss','ssss','sss','010-0030-0002','ssssss','서울 군자동',to_date('25/11/17','RR/MM/DD'),'020404-3000020','0','N');
Insert into CM.CUSTOMER (CUS_ID,PWD,NAME,TEL,EMAIL,ADDRESS,REG,RRN,CLASS_ID,DORMANCY) values ('CUS203','pw203','권혁찬','010-6440-3930','oyh@naver.com','서울시 가산동 디지털로10',to_date('25/11/12','RR/MM/DD'),'990101-1111111','0','N');
Insert into CM.CUSTOMER (CUS_ID,PWD,NAME,TEL,EMAIL,ADDRESS,REG,RRN,CLASS_ID,DORMANCY) values ('CUS001','pw193','강서람','010-6440-3930','zpzg0233@naver.com','부산역',to_date('25/11/12','RR/MM/DD'),'900907-2952441','0','N');
Insert into CM.CUSTOMER (CUS_ID,PWD,NAME,TEL,EMAIL,ADDRESS,REG,RRN,CLASS_ID,DORMANCY) values ('CUS002','pw002','오현현','010-9427-5493','ohh@test.com','서울시 테스트로 2번지',to_date('25/11/12','RR/MM/DD'),'700415-2325881','5','N');
Insert into CM.CUSTOMER (CUS_ID,PWD,NAME,TEL,EMAIL,ADDRESS,REG,RRN,CLASS_ID,DORMANCY) values ('CUS003','pw003','신지경','010-9129-5705','sjk@test.com','서울시 테스트로 3번지',to_date('25/11/12','RR/MM/DD'),'701012-6561345','0','Y');
Insert into CM.CUSTOMER (CUS_ID,PWD,NAME,TEL,EMAIL,ADDRESS,REG,RRN,CLASS_ID,DORMANCY) values ('CUS004','pw004','최민연','010-1873-1478','cmy@test.com','서울시 테스트로 4번지',to_date('25/11/12','RR/MM/DD'),'710106-7190159','0','Y');
Insert into CM.CUSTOMER (CUS_ID,PWD,NAME,TEL,EMAIL,ADDRESS,REG,RRN,CLASS_ID,DORMANCY) values ('CUS005','pw005','오예민','010-9221-9230','oym@test.com','서울시 테스트로 5번지',to_date('25/11/12','RR/MM/DD'),'800503-7818161','0','N');
Insert into CM.CUSTOMER (CUS_ID,PWD,NAME,TEL,EMAIL,ADDRESS,REG,RRN,CLASS_ID,DORMANCY) values ('CUS006','pw006','권하후','010-9516-8717','khh@test.com','서울시 테스트로 6번지',to_date('25/11/12','RR/MM/DD'),'991008-6438099','0','Y');
Insert into CM.CUSTOMER (CUS_ID,PWD,NAME,TEL,EMAIL,ADDRESS,REG,RRN,CLASS_ID,DORMANCY) values ('CUS007','pw007','임예현','010-7814-9773','lyh@test.com','서울시 테스트로 7번지',to_date('25/11/12','RR/MM/DD'),'910626-8810388','0','Y');
Insert into CM.CUSTOMER (CUS_ID,PWD,NAME,TEL,EMAIL,ADDRESS,REG,RRN,CLASS_ID,DORMANCY) values ('CUS008','pw008','김나아','010-9853-1956','kn@test.com','서울시 테스트로 8번지',to_date('25/11/12','RR/MM/DD'),'850903-6381328','0','Y');
Insert into CM.CUSTOMER (CUS_ID,PWD,NAME,TEL,EMAIL,ADDRESS,REG,RRN,CLASS_ID,DORMANCY) values ('CUS009','pw009','오은람','010-4981-1741','oer@test.com','서울시 테스트로 9번지',to_date('25/11/12','RR/MM/DD'),'730223-7122663','0','Y');
Insert into CM.CUSTOMER (CUS_ID,PWD,NAME,TEL,EMAIL,ADDRESS,REG,RRN,CLASS_ID,DORMANCY) values ('CUS010','pw010','이수솔','010-4233-5539','lss@test.com','서울시 테스트로 10번지',to_date('25/11/12','RR/MM/DD'),'731107-4783066','0','Y');
Insert into CM.CUSTOMER (CUS_ID,PWD,NAME,TEL,EMAIL,ADDRESS,REG,RRN,CLASS_ID,DORMANCY) values ('CUS011','pw011','조시람','010-7269-1691','jsr@test.com','서울시 테스트로 11번지',to_date('25/11/12','RR/MM/DD'),'801127-1313529','0','Y');
Insert into CM.CUSTOMER (CUS_ID,PWD,NAME,TEL,EMAIL,ADDRESS,REG,RRN,CLASS_ID,DORMANCY) values ('CUS012','pw012','정현율','010-5183-4625','jhy@test.com','서울시 테스트로 12번지',to_date('25/11/12','RR/MM/DD'),'851110-8536402','0','Y');
Insert into CM.CUSTOMER (CUS_ID,PWD,NAME,TEL,EMAIL,ADDRESS,REG,RRN,CLASS_ID,DORMANCY) values ('CUS013','pw013','강시솔','010-5244-4917','gss@test.com','서울시 테스트로 13번지',to_date('25/11/12','RR/MM/DD'),'810611-8643551','0','Y');
Insert into CM.CUSTOMER (CUS_ID,PWD,NAME,TEL,EMAIL,ADDRESS,REG,RRN,CLASS_ID,DORMANCY) values ('CUS014','pw014','서도후','010-3223-5530','sdh@test.com','서울시 테스트로 14번지',to_date('25/11/12','RR/MM/DD'),'740609-8681272','0','Y');
Insert into CM.CUSTOMER (CUS_ID,PWD,NAME,TEL,EMAIL,ADDRESS,REG,RRN,CLASS_ID,DORMANCY) values ('CUS015','pw015','조도우','010-6253-3503','jdw@test.com','서울시 테스트로 15번지',to_date('25/11/12','RR/MM/DD'),'940105-9608741','5','N');
Insert into CM.CUSTOMER (CUS_ID,PWD,NAME,TEL,EMAIL,ADDRESS,REG,RRN,CLASS_ID,DORMANCY) values ('CUS016','pw016','이예우','010-9196-1745','lyw@test.com','서울시 테스트로 16번지',to_date('25/11/12','RR/MM/DD'),'960725-6418715','5','Y');
Insert into CM.CUSTOMER (CUS_ID,PWD,NAME,TEL,EMAIL,ADDRESS,REG,RRN,CLASS_ID,DORMANCY) values ('CUS017','pw017','장예우','010-3522-2860','jyw@test.com','서울시 테스트로 17번지',to_date('25/11/12','RR/MM/DD'),'881015-2354915','0','Y');
Insert into CM.CUSTOMER (CUS_ID,PWD,NAME,TEL,EMAIL,ADDRESS,REG,RRN,CLASS_ID,DORMANCY) values ('CUS018','pw018','강나윤','010-3900-6118','gny@test.com','서울시 테스트로 18번지',to_date('25/11/12','RR/MM/DD'),'950308-7453860','0','Y');
Insert into CM.CUSTOMER (CUS_ID,PWD,NAME,TEL,EMAIL,ADDRESS,REG,RRN,CLASS_ID,DORMANCY) values ('CUS019','pw019','신서우','010-3317-1073','ssw@test.com','서울시 테스트로 19번지',to_date('25/11/12','RR/MM/DD'),'930405-2682416','0','N');
Insert into CM.CUSTOMER (CUS_ID,PWD,NAME,TEL,EMAIL,ADDRESS,REG,RRN,CLASS_ID,DORMANCY) values ('CUS020','pw020','서재민','010-9158-2095','sjm@test.com','서울시 테스트로 20번지',to_date('25/11/12','RR/MM/DD'),'890811-8110176','5','Y');
Insert into CM.CUSTOMER (CUS_ID,PWD,NAME,TEL,EMAIL,ADDRESS,REG,RRN,CLASS_ID,DORMANCY) values ('CUS021','pw021','조태연','010-2438-6471','jty@test.com','서울시 테스트로 21번지',to_date('25/11/12','RR/MM/DD'),'891023-8524590','0','Y');
Insert into CM.CUSTOMER (CUS_ID,PWD,NAME,TEL,EMAIL,ADDRESS,REG,RRN,CLASS_ID,DORMANCY) values ('CUS022','pw022','김은윤','010-5827-3485','key@test.com','서울시 테스트로 22번지',to_date('25/11/12','RR/MM/DD'),'980510-7062323','0','Y');
Insert into CM.CUSTOMER (CUS_ID,PWD,NAME,TEL,EMAIL,ADDRESS,REG,RRN,CLASS_ID,DORMANCY) values ('CUS023','pw023','오도빈','010-3172-6827','odb@test.com','서울시 테스트로 23번지',to_date('25/11/12','RR/MM/DD'),'740808-2047843','5','Y');
Insert into CM.CUSTOMER (CUS_ID,PWD,NAME,TEL,EMAIL,ADDRESS,REG,RRN,CLASS_ID,DORMANCY) values ('CUS024','pw024','박하빈','010-6625-8702','phb@test.com','서울시 테스트로 24번지',to_date('25/11/12','RR/MM/DD'),'840804-7918986','0','Y');
Insert into CM.CUSTOMER (CUS_ID,PWD,NAME,TEL,EMAIL,ADDRESS,REG,RRN,CLASS_ID,DORMANCY) values ('CUS025','pw025','정재윤','010-6098-4803','jjy@test.com','서울시 테스트로 25번지',to_date('25/11/12','RR/MM/DD'),'781118-2323354','0','Y');
Insert into CM.CUSTOMER (CUS_ID,PWD,NAME,TEL,EMAIL,ADDRESS,REG,RRN,CLASS_ID,DORMANCY) values ('CUS026','pw026','김현솔','010-9196-7978','khs@test.com','서울시 테스트로 26번지',to_date('25/11/12','RR/MM/DD'),'760525-3371439','0','Y');
Insert into CM.CUSTOMER (CUS_ID,PWD,NAME,TEL,EMAIL,ADDRESS,REG,RRN,CLASS_ID,DORMANCY) values ('CUS027','pw027','박현윤','010-6505-2382','phy@test.com','서울시 테스트로 27번지',to_date('25/11/12','RR/MM/DD'),'940612-7712264','0','Y');
Insert into CM.CUSTOMER (CUS_ID,PWD,NAME,TEL,EMAIL,ADDRESS,REG,RRN,CLASS_ID,DORMANCY) values ('CUS028','pw028','장서민','010-8724-6220','jsm@test.com','서울시 테스트로 28번지',to_date('25/11/12','RR/MM/DD'),'810326-1518834','0','Y');
Insert into CM.CUSTOMER (CUS_ID,PWD,NAME,TEL,EMAIL,ADDRESS,REG,RRN,CLASS_ID,DORMANCY) values ('CUS029','pw029','장수준','010-1291-4877','js@test.com','서울시 테스트로 29번지',to_date('25/11/12','RR/MM/DD'),'881206-6470007','0','N');
Insert into CM.CUSTOMER (CUS_ID,PWD,NAME,TEL,EMAIL,ADDRESS,REG,RRN,CLASS_ID,DORMANCY) values ('CUS030','pw030','장재율','010-4433-9282','jjy@test.com','서울시 테스트로 30번지',to_date('25/11/12','RR/MM/DD'),'900825-5481834','5','Y');
Insert into CM.CUSTOMER (CUS_ID,PWD,NAME,TEL,EMAIL,ADDRESS,REG,RRN,CLASS_ID,DORMANCY) values ('CUS031','pw031','권재경','010-4565-5416','kjk@test.com','서울시 테스트로 31번지',to_date('25/11/12','RR/MM/DD'),'940116-3520635','0','Y');
Insert into CM.CUSTOMER (CUS_ID,PWD,NAME,TEL,EMAIL,ADDRESS,REG,RRN,CLASS_ID,DORMANCY) values ('CUS032','pw032','강서경','010-3870-7748','gsk@test.com','서울시 테스트로 32번지',to_date('25/11/12','RR/MM/DD'),'900328-7366793','0','Y');
Insert into CM.CUSTOMER (CUS_ID,PWD,NAME,TEL,EMAIL,ADDRESS,REG,RRN,CLASS_ID,DORMANCY) values ('CUS033','pw033','이재율','010-9457-5327','ljy@test.com','서울시 테스트로 33번지',to_date('25/11/12','RR/MM/DD'),'721225-4428978','0','Y');
Insert into CM.CUSTOMER (CUS_ID,PWD,NAME,TEL,EMAIL,ADDRESS,REG,RRN,CLASS_ID,DORMANCY) values ('CUS034','pw034','한서경','010-5543-9584','hsk@test.com','서울시 테스트로 34번지',to_date('25/11/12','RR/MM/DD'),'900217-6315963','0','Y');
Insert into CM.CUSTOMER (CUS_ID,PWD,NAME,TEL,EMAIL,ADDRESS,REG,RRN,CLASS_ID,DORMANCY) values ('CUS035','pw035','박서후','010-2997-8693','psh@test.com','서울시 테스트로 35번지',to_date('25/11/12','RR/MM/DD'),'880321-1519350','0','Y');
Insert into CM.CUSTOMER (CUS_ID,PWD,NAME,TEL,EMAIL,ADDRESS,REG,RRN,CLASS_ID,DORMANCY) values ('CUS036','pw036','이은우','010-2879-9064','lew@test.com','서울시 테스트로 36번지',to_date('25/11/12','RR/MM/DD'),'860203-1883394','0','Y');
Insert into CM.CUSTOMER (CUS_ID,PWD,NAME,TEL,EMAIL,ADDRESS,REG,RRN,CLASS_ID,DORMANCY) values ('CUS037','pw037','이시윤','010-4023-3664','lsy@test.com','서울시 테스트로 37번지',to_date('25/11/12','RR/MM/DD'),'761228-8176187','0','Y');
Insert into CM.CUSTOMER (CUS_ID,PWD,NAME,TEL,EMAIL,ADDRESS,REG,RRN,CLASS_ID,DORMANCY) values ('CUS038','pw038','최지윤','010-1205-1907','cjy@test.com','서울시 테스트로 38번지',to_date('25/11/12','RR/MM/DD'),'990816-5261481','0','Y');
Insert into CM.CUSTOMER (CUS_ID,PWD,NAME,TEL,EMAIL,ADDRESS,REG,RRN,CLASS_ID,DORMANCY) values ('CUS039','pw039','조시현','010-2207-4278','jsh@test.com','서울시 테스트로 39번지',to_date('25/11/12','RR/MM/DD'),'930724-3362449','0','Y');
Insert into CM.CUSTOMER (CUS_ID,PWD,NAME,TEL,EMAIL,ADDRESS,REG,RRN,CLASS_ID,DORMANCY) values ('CUS040','pw040','박지진','010-7984-2663','pjj@test.com','서울시 테스트로 40번지',to_date('25/11/12','RR/MM/DD'),'781216-7199791','0','Y');
Insert into CM.CUSTOMER (CUS_ID,PWD,NAME,TEL,EMAIL,ADDRESS,REG,RRN,CLASS_ID,DORMANCY) values ('CUS041','pw041','김재연','010-8413-5435','kjy@test.com','서울시 테스트로 41번지',to_date('25/11/12','RR/MM/DD'),'740226-5806464','0','Y');
Insert into CM.CUSTOMER (CUS_ID,PWD,NAME,TEL,EMAIL,ADDRESS,REG,RRN,CLASS_ID,DORMANCY) values ('CUS042','pw042','이지빈','010-5623-6289','ljb@test.com','서울시 테스트로 42번지',to_date('25/11/12','RR/MM/DD'),'990804-7365832','0','Y');
Insert into CM.CUSTOMER (CUS_ID,PWD,NAME,TEL,EMAIL,ADDRESS,REG,RRN,CLASS_ID,DORMANCY) values ('CUS043','pw043','이유솔','010-4794-8783','lys@test.com','서울시 테스트로 43번지',to_date('25/11/12','RR/MM/DD'),'790804-8315233','0','Y');
Insert into CM.CUSTOMER (CUS_ID,PWD,NAME,TEL,EMAIL,ADDRESS,REG,RRN,CLASS_ID,DORMANCY) values ('CUS044','pw044','한도경','010-9186-9226','hdk@test.com','서울시 테스트로 44번지',to_date('25/11/12','RR/MM/DD'),'820418-8478064','0','Y');
Insert into CM.CUSTOMER (CUS_ID,PWD,NAME,TEL,EMAIL,ADDRESS,REG,RRN,CLASS_ID,DORMANCY) values ('CUS045','pw045','서도민','010-1379-4939','sdm@test.com','서울시 테스트로 45번지',to_date('25/11/12','RR/MM/DD'),'970208-3138873','0','Y');
Insert into CM.CUSTOMER (CUS_ID,PWD,NAME,TEL,EMAIL,ADDRESS,REG,RRN,CLASS_ID,DORMANCY) values ('CUS046','pw046','신재윤','010-7577-8964','sjy@test.com','서울시 테스트로 46번지',to_date('25/11/12','RR/MM/DD'),'791215-2862256','0','Y');
Insert into CM.CUSTOMER (CUS_ID,PWD,NAME,TEL,EMAIL,ADDRESS,REG,RRN,CLASS_ID,DORMANCY) values ('CUS047','pw047','박유빈','010-7103-2985','pyb@test.com','서울시 테스트로 47번지',to_date('25/11/12','RR/MM/DD'),'940308-3503149','5','Y');
Insert into CM.CUSTOMER (CUS_ID,PWD,NAME,TEL,EMAIL,ADDRESS,REG,RRN,CLASS_ID,DORMANCY) values ('CUS048','pw048','윤은율','010-9635-8454','yey@test.com','서울시 테스트로 48번지',to_date('25/11/12','RR/MM/DD'),'890815-5691836','0','Y');
Insert into CM.CUSTOMER (CUS_ID,PWD,NAME,TEL,EMAIL,ADDRESS,REG,RRN,CLASS_ID,DORMANCY) values ('CUS049','pw049','한현율','010-9746-5035','hhy@test.com','서울시 테스트로 49번지',to_date('25/11/12','RR/MM/DD'),'951121-2391004','0','Y');
Insert into CM.CUSTOMER (CUS_ID,PWD,NAME,TEL,EMAIL,ADDRESS,REG,RRN,CLASS_ID,DORMANCY) values ('CUS050','pw050','권재람','010-7856-6421','kjr@test.com','서울시 테스트로 50번지',to_date('25/11/12','RR/MM/DD'),'710423-1853914','0','Y');
Insert into CM.CUSTOMER (CUS_ID,PWD,NAME,TEL,EMAIL,ADDRESS,REG,RRN,CLASS_ID,DORMANCY) values ('CUS051','pw051','최민후','010-2120-5825','cmh@test.com','서울시 테스트로 51번지',to_date('25/11/12','RR/MM/DD'),'911123-6205818','0','Y');
Insert into CM.CUSTOMER (CUS_ID,PWD,NAME,TEL,EMAIL,ADDRESS,REG,RRN,CLASS_ID,DORMANCY) values ('CUS052','pw052','최서영','010-1503-5908','csy@test.com','서울시 테스트로 52번지',to_date('25/11/12','RR/MM/DD'),'751107-3999655','0','Y');
Insert into CM.CUSTOMER (CUS_ID,PWD,NAME,TEL,EMAIL,ADDRESS,REG,RRN,CLASS_ID,DORMANCY) values ('CUS053','pw053','최현윤','010-4033-2572','chy@test.com','서울시 테스트로 53번지',to_date('25/11/12','RR/MM/DD'),'730208-5320780','0','Y');
Insert into CM.CUSTOMER (CUS_ID,PWD,NAME,TEL,EMAIL,ADDRESS,REG,RRN,CLASS_ID,DORMANCY) values ('CUS054','pw054','박지빈','010-8331-4213','pjb@test.com','서울시 테스트로 54번지',to_date('25/11/12','RR/MM/DD'),'960121-2635291','4','Y');
Insert into CM.CUSTOMER (CUS_ID,PWD,NAME,TEL,EMAIL,ADDRESS,REG,RRN,CLASS_ID,DORMANCY) values ('CUS055','pw055','한지후','010-3004-5123','hjh@test.com','서울시 테스트로 55번지',to_date('25/11/12','RR/MM/DD'),'750201-8074950','3','Y');
Insert into CM.CUSTOMER (CUS_ID,PWD,NAME,TEL,EMAIL,ADDRESS,REG,RRN,CLASS_ID,DORMANCY) values ('CUS056','pw056','오지솔','010-6638-6786','ojs@test.com','서울시 테스트로 56번지',to_date('25/11/12','RR/MM/DD'),'781215-2314390','0','Y');
Insert into CM.CUSTOMER (CUS_ID,PWD,NAME,TEL,EMAIL,ADDRESS,REG,RRN,CLASS_ID,DORMANCY) values ('CUS057','pw057','정예준','010-8646-8762','jy@test.com','서울시 테스트로 57번지',to_date('25/11/12','RR/MM/DD'),'810408-3904106','5','N');
Insert into CM.CUSTOMER (CUS_ID,PWD,NAME,TEL,EMAIL,ADDRESS,REG,RRN,CLASS_ID,DORMANCY) values ('CUS058','pw058','신하민','010-9225-6403','shm@test.com','서울시 테스트로 58번지',to_date('25/11/12','RR/MM/DD'),'820326-6561440','5','N');
Insert into CM.CUSTOMER (CUS_ID,PWD,NAME,TEL,EMAIL,ADDRESS,REG,RRN,CLASS_ID,DORMANCY) values ('CUS059','pw059','강도현','010-4706-7407','gdh@test.com','서울시 테스트로 59번지',to_date('25/11/12','RR/MM/DD'),'900819-6849756','0','Y');
Insert into CM.CUSTOMER (CUS_ID,PWD,NAME,TEL,EMAIL,ADDRESS,REG,RRN,CLASS_ID,DORMANCY) values ('CUS060','pw060','한재현','010-5615-8108','hjh@test.com','서울시 테스트로 60번지',to_date('25/11/12','RR/MM/DD'),'860220-1366058','0','Y');
Insert into CM.CUSTOMER (CUS_ID,PWD,NAME,TEL,EMAIL,ADDRESS,REG,RRN,CLASS_ID,DORMANCY) values ('CUS061','pw061','정수현','010-3037-2236','jsh@test.com','서울시 테스트로 61번지',to_date('25/11/12','RR/MM/DD'),'951115-6245048','0','Y');
Insert into CM.CUSTOMER (CUS_ID,PWD,NAME,TEL,EMAIL,ADDRESS,REG,RRN,CLASS_ID,DORMANCY) values ('CUS062','pw062','최태연','010-8251-9819','cty@test.com','서울시 테스트로 62번지',to_date('25/11/12','RR/MM/DD'),'791005-7510978','0','N');
Insert into CM.CUSTOMER (CUS_ID,PWD,NAME,TEL,EMAIL,ADDRESS,REG,RRN,CLASS_ID,DORMANCY) values ('CUS063','pw063','한현빈','010-8929-6071','hhb@test.com','서울시 테스트로 63번지',to_date('25/11/12','RR/MM/DD'),'810126-7735229','0','Y');
Insert into CM.CUSTOMER (CUS_ID,PWD,NAME,TEL,EMAIL,ADDRESS,REG,RRN,CLASS_ID,DORMANCY) values ('CUS064','pw064','오시솔','010-3723-3051','oss@test.com','서울시 테스트로 64번지',to_date('25/11/12','RR/MM/DD'),'860217-8318002','0','Y');
Insert into CM.CUSTOMER (CUS_ID,PWD,NAME,TEL,EMAIL,ADDRESS,REG,RRN,CLASS_ID,DORMANCY) values ('CUS065','pw065','조도율','010-7646-7156','jdy@test.com','서울시 테스트로 65번지',to_date('25/11/12','RR/MM/DD'),'760426-9589836','5','Y');
Insert into CM.CUSTOMER (CUS_ID,PWD,NAME,TEL,EMAIL,ADDRESS,REG,RRN,CLASS_ID,DORMANCY) values ('CUS066','pw066','조재후','010-9308-4130','jjh@test.com','서울시 테스트로 66번지',to_date('25/11/12','RR/MM/DD'),'700319-2229664','3','Y');
Insert into CM.CUSTOMER (CUS_ID,PWD,NAME,TEL,EMAIL,ADDRESS,REG,RRN,CLASS_ID,DORMANCY) values ('CUS067','pw067','정은아','010-1872-9828','je@test.com','서울시 테스트로 67번지',to_date('25/11/12','RR/MM/DD'),'900427-5463982','0','N');
Insert into CM.CUSTOMER (CUS_ID,PWD,NAME,TEL,EMAIL,ADDRESS,REG,RRN,CLASS_ID,DORMANCY) values ('CUS068','pw068','강지율','010-1571-6483','gjy@test.com','서울시 테스트로 68번지',to_date('25/11/12','RR/MM/DD'),'730928-5358022','0','Y');
Insert into CM.CUSTOMER (CUS_ID,PWD,NAME,TEL,EMAIL,ADDRESS,REG,RRN,CLASS_ID,DORMANCY) values ('CUS069','pw069','정유경','010-9709-7145','jyk@test.com','서울시 테스트로 69번지',to_date('25/11/12','RR/MM/DD'),'990215-1148548','0','Y');
Insert into CM.CUSTOMER (CUS_ID,PWD,NAME,TEL,EMAIL,ADDRESS,REG,RRN,CLASS_ID,DORMANCY) values ('CUS070','pw070','권도율','010-9038-4411','kdy@test.com','서울시 테스트로 70번지',to_date('25/11/12','RR/MM/DD'),'960918-4179806','0','Y');
Insert into CM.CUSTOMER (CUS_ID,PWD,NAME,TEL,EMAIL,ADDRESS,REG,RRN,CLASS_ID,DORMANCY) values ('CUS071','pw071','장은아','010-1595-1266','je@test.com','서울시 테스트로 71번지',to_date('25/11/12','RR/MM/DD'),'790301-6258137','0','Y');
Insert into CM.CUSTOMER (CUS_ID,PWD,NAME,TEL,EMAIL,ADDRESS,REG,RRN,CLASS_ID,DORMANCY) values ('CUS072','pw072','강나준','010-4041-3749','gn@test.com','서울시 테스트로 72번지',to_date('25/11/12','RR/MM/DD'),'751119-5461341','0','Y');
Insert into CM.CUSTOMER (CUS_ID,PWD,NAME,TEL,EMAIL,ADDRESS,REG,RRN,CLASS_ID,DORMANCY) values ('CUS073','pw073','임도현','010-5475-4154','ldh@test.com','서울시 테스트로 73번지',to_date('25/11/12','RR/MM/DD'),'910605-3744506','2','Y');
Insert into CM.CUSTOMER (CUS_ID,PWD,NAME,TEL,EMAIL,ADDRESS,REG,RRN,CLASS_ID,DORMANCY) values ('CUS074','pw074','오태민','010-1741-8041','otm@test.com','서울시 테스트로 74번지',to_date('25/11/12','RR/MM/DD'),'720102-1854339','0','Y');
Insert into CM.CUSTOMER (CUS_ID,PWD,NAME,TEL,EMAIL,ADDRESS,REG,RRN,CLASS_ID,DORMANCY) values ('CUS075','pw075','권하진','010-8191-9403','khj@test.com','서울시 테스트로 75번지',to_date('25/11/12','RR/MM/DD'),'780228-5431231','0','Y');
Insert into CM.CUSTOMER (CUS_ID,PWD,NAME,TEL,EMAIL,ADDRESS,REG,RRN,CLASS_ID,DORMANCY) values ('CUS076','pw076','권수우','010-7346-4860','ksw@test.com','서울시 테스트로 76번지',to_date('25/11/12','RR/MM/DD'),'710712-9730492','0','Y');
Insert into CM.CUSTOMER (CUS_ID,PWD,NAME,TEL,EMAIL,ADDRESS,REG,RRN,CLASS_ID,DORMANCY) values ('CUS077','pw077','신도준','010-2374-6777','sd@test.com','서울시 테스트로 77번지',to_date('25/11/12','RR/MM/DD'),'881216-2318933','0','Y');
Insert into CM.CUSTOMER (CUS_ID,PWD,NAME,TEL,EMAIL,ADDRESS,REG,RRN,CLASS_ID,DORMANCY) values ('CUS078','pw078','강수민','010-7648-2323','gsm@test.com','서울시 테스트로 78번지',to_date('25/11/12','RR/MM/DD'),'770923-1703985','0','Y');
Insert into CM.CUSTOMER (CUS_ID,PWD,NAME,TEL,EMAIL,ADDRESS,REG,RRN,CLASS_ID,DORMANCY) values ('CUS079','pw079','장수진','010-8216-1705','jsj@test.com','서울시 테스트로 79번지',to_date('25/11/12','RR/MM/DD'),'920718-7628611','0','Y');
Insert into CM.CUSTOMER (CUS_ID,PWD,NAME,TEL,EMAIL,ADDRESS,REG,RRN,CLASS_ID,DORMANCY) values ('CUS080','pw080','이하아','010-4323-4638','lh@test.com','서울시 테스트로 80번지',to_date('25/11/12','RR/MM/DD'),'701109-2312072','0','Y');
Insert into CM.CUSTOMER (CUS_ID,PWD,NAME,TEL,EMAIL,ADDRESS,REG,RRN,CLASS_ID,DORMANCY) values ('CUS081','pw081','이유아','010-4429-7948','ly@test.com','서울시 테스트로 81번지',to_date('25/11/12','RR/MM/DD'),'870424-8186053','0','Y');
Insert into CM.CUSTOMER (CUS_ID,PWD,NAME,TEL,EMAIL,ADDRESS,REG,RRN,CLASS_ID,DORMANCY) values ('CUS082','pw082','이지준','010-7624-6672','lj@test.com','서울시 테스트로 82번지',to_date('25/11/12','RR/MM/DD'),'890701-8189179','0','Y');
Insert into CM.CUSTOMER (CUS_ID,PWD,NAME,TEL,EMAIL,ADDRESS,REG,RRN,CLASS_ID,DORMANCY) values ('CUS083','pw083','권민율','010-5845-4778','kmy@test.com','서울시 테스트로 83번지',to_date('25/11/12','RR/MM/DD'),'740126-5326086','0','N');
Insert into CM.CUSTOMER (CUS_ID,PWD,NAME,TEL,EMAIL,ADDRESS,REG,RRN,CLASS_ID,DORMANCY) values ('CUS106','pw106','김도율','010-6268-1375','kdy@test.com','서울시 테스트로 106번지',to_date('25/11/12','RR/MM/DD'),'990614-9016962','0','Y');
Insert into CM.CUSTOMER (CUS_ID,PWD,NAME,TEL,EMAIL,ADDRESS,REG,RRN,CLASS_ID,DORMANCY) values ('CUS084','pw084','장나빈','010-2024-6368','jnb@test.com','서울시 테스트로 84번지',to_date('25/11/12','RR/MM/DD'),'820514-2619688','0','Y');
Insert into CM.CUSTOMER (CUS_ID,PWD,NAME,TEL,EMAIL,ADDRESS,REG,RRN,CLASS_ID,DORMANCY) values ('CUS085','pw085','신나솔','010-7329-8366','sns@test.com','서울시 테스트로 85번지',to_date('25/11/12','RR/MM/DD'),'801123-8037056','0','Y');
Insert into CM.CUSTOMER (CUS_ID,PWD,NAME,TEL,EMAIL,ADDRESS,REG,RRN,CLASS_ID,DORMANCY) values ('CUS107','pw107','김수윤','010-1942-4373','ksy@test.com','서울시 테스트로 107번지',to_date('25/11/12','RR/MM/DD'),'710306-6415422','0','Y');
Insert into CM.CUSTOMER (CUS_ID,PWD,NAME,TEL,EMAIL,ADDRESS,REG,RRN,CLASS_ID,DORMANCY) values ('CUS108','pw108','오지람','010-9601-5597','ojr@test.com','서울시 테스트로 108번지',to_date('25/11/12','RR/MM/DD'),'880920-8205899','3','Y');
Insert into CM.CUSTOMER (CUS_ID,PWD,NAME,TEL,EMAIL,ADDRESS,REG,RRN,CLASS_ID,DORMANCY) values ('CUS109','pw109','한나율','010-7278-7342','hny@test.com','서울시 테스트로 109번지',to_date('25/11/12','RR/MM/DD'),'740414-8040286','0','N');
Insert into CM.CUSTOMER (CUS_ID,PWD,NAME,TEL,EMAIL,ADDRESS,REG,RRN,CLASS_ID,DORMANCY) values ('CUS110','pw110','김은후','010-7752-2009','keh@test.com','서울시 테스트로 110번지',to_date('25/11/12','RR/MM/DD'),'871206-6506678','5','Y');
Insert into CM.CUSTOMER (CUS_ID,PWD,NAME,TEL,EMAIL,ADDRESS,REG,RRN,CLASS_ID,DORMANCY) values ('CUS111','pw111','조서후','010-2983-9851','jsh@test.com','서울시 테스트로 111번지',to_date('25/11/12','RR/MM/DD'),'821225-4325351','2','N');
Insert into CM.CUSTOMER (CUS_ID,PWD,NAME,TEL,EMAIL,ADDRESS,REG,RRN,CLASS_ID,DORMANCY) values ('CUS112','pw112','이민경','010-4795-7053','lmk@test.com','서울시 테스트로 112번지',to_date('25/11/12','RR/MM/DD'),'881217-2062300','2','Y');
Insert into CM.CUSTOMER (CUS_ID,PWD,NAME,TEL,EMAIL,ADDRESS,REG,RRN,CLASS_ID,DORMANCY) values ('CUS113','pw113','오나준','010-6189-5622','on@test.com','서울시 테스트로 113번지',to_date('25/11/12','RR/MM/DD'),'900606-8460015','0','Y');
Insert into CM.CUSTOMER (CUS_ID,PWD,NAME,TEL,EMAIL,ADDRESS,REG,RRN,CLASS_ID,DORMANCY) values ('CUS114','pw114','서민경','010-9851-6585','smk@test.com','서울시 테스트로 114번지',to_date('25/11/12','RR/MM/DD'),'781009-9675333','0','Y');
Insert into CM.CUSTOMER (CUS_ID,PWD,NAME,TEL,EMAIL,ADDRESS,REG,RRN,CLASS_ID,DORMANCY) values ('CUS115','pw115','강유진','010-5682-1089','gyj@test.com','서울시 테스트로 115번지',to_date('25/11/12','RR/MM/DD'),'771213-2899570','0','Y');
Insert into CM.CUSTOMER (CUS_ID,PWD,NAME,TEL,EMAIL,ADDRESS,REG,RRN,CLASS_ID,DORMANCY) values ('CUS116','pw116','서도람','010-1793-3508','sdr@test.com','서울시 테스트로 116번지',to_date('25/11/12','RR/MM/DD'),'830928-8643039','0','Y');
Insert into CM.CUSTOMER (CUS_ID,PWD,NAME,TEL,EMAIL,ADDRESS,REG,RRN,CLASS_ID,DORMANCY) values ('CUS117','pw117','장지민','010-5894-7787','jjm@test.com','서울시 테스트로 117번지',to_date('25/11/12','RR/MM/DD'),'780326-3653007','0','Y');
Insert into CM.CUSTOMER (CUS_ID,PWD,NAME,TEL,EMAIL,ADDRESS,REG,RRN,CLASS_ID,DORMANCY) values ('CUS118','pw118','오서윤','010-2682-6243','osy@test.com','서울시 테스트로 118번지',to_date('25/11/12','RR/MM/DD'),'750314-5236516','4','Y');
Insert into CM.CUSTOMER (CUS_ID,PWD,NAME,TEL,EMAIL,ADDRESS,REG,RRN,CLASS_ID,DORMANCY) values ('CUS119','pw119','장재율','010-6754-7323','jjy@test.com','서울시 테스트로 119번지',to_date('25/11/12','RR/MM/DD'),'990120-8191761','0','Y');
Insert into CM.CUSTOMER (CUS_ID,PWD,NAME,TEL,EMAIL,ADDRESS,REG,RRN,CLASS_ID,DORMANCY) values ('CUS120','pw120','최시후','010-1785-8906','csh@test.com','서울시 테스트로 120번지',to_date('25/11/12','RR/MM/DD'),'760508-6691256','0','Y');
Insert into CM.CUSTOMER (CUS_ID,PWD,NAME,TEL,EMAIL,ADDRESS,REG,RRN,CLASS_ID,DORMANCY) values ('CUS121','pw121','최서준','010-7277-1487','cs@test.com','서울시 테스트로 121번지',to_date('25/11/12','RR/MM/DD'),'830207-9847568','0','N');
Insert into CM.CUSTOMER (CUS_ID,PWD,NAME,TEL,EMAIL,ADDRESS,REG,RRN,CLASS_ID,DORMANCY) values ('CUS122','pw122','한지준','010-1502-1124','hj@test.com','서울시 테스트로 122번지',to_date('25/11/12','RR/MM/DD'),'920714-3684141','0','Y');
Insert into CM.CUSTOMER (CUS_ID,PWD,NAME,TEL,EMAIL,ADDRESS,REG,RRN,CLASS_ID,DORMANCY) values ('CUS123','pw123','서도람','010-7251-6430','sdr@test.com','서울시 테스트로 123번지',to_date('25/11/12','RR/MM/DD'),'920108-2970914','0','Y');
Insert into CM.CUSTOMER (CUS_ID,PWD,NAME,TEL,EMAIL,ADDRESS,REG,RRN,CLASS_ID,DORMANCY) values ('CUS086','pw086','권지우','010-8949-4016','kjw@test.com','서울시 테스트로 86번지',to_date('25/11/12','RR/MM/DD'),'910812-4917231','0','Y');
Insert into CM.CUSTOMER (CUS_ID,PWD,NAME,TEL,EMAIL,ADDRESS,REG,RRN,CLASS_ID,DORMANCY) values ('CUS087','pw087','강태연','010-8325-7312','gty@test.com','서울시 테스트로 87번지',to_date('25/11/12','RR/MM/DD'),'981222-5591553','5','Y');
Insert into CM.CUSTOMER (CUS_ID,PWD,NAME,TEL,EMAIL,ADDRESS,REG,RRN,CLASS_ID,DORMANCY) values ('CUS088','pw088','조예경','010-4980-1329','jyk@test.com','서울시 테스트로 88번지',to_date('25/11/12','RR/MM/DD'),'851118-3619313','0','Y');
Insert into CM.CUSTOMER (CUS_ID,PWD,NAME,TEL,EMAIL,ADDRESS,REG,RRN,CLASS_ID,DORMANCY) values ('CUS089','pw089','오은진','010-9892-5631','oej@test.com','서울시 테스트로 89번지',to_date('25/11/12','RR/MM/DD'),'950427-7688202','0','Y');
Insert into CM.CUSTOMER (CUS_ID,PWD,NAME,TEL,EMAIL,ADDRESS,REG,RRN,CLASS_ID,DORMANCY) values ('CUS090','pw090','권시윤','010-1397-4805','ksy@test.com','서울시 테스트로 90번지',to_date('25/11/12','RR/MM/DD'),'750910-3014408','0','Y');
Insert into CM.CUSTOMER (CUS_ID,PWD,NAME,TEL,EMAIL,ADDRESS,REG,RRN,CLASS_ID,DORMANCY) values ('CUS091','pw091','장예준','010-4395-2403','jy@test.com','서울시 테스트로 91번지',to_date('25/11/12','RR/MM/DD'),'910614-5483427','0','Y');
Insert into CM.CUSTOMER (CUS_ID,PWD,NAME,TEL,EMAIL,ADDRESS,REG,RRN,CLASS_ID,DORMANCY) values ('CUS092','pw092','강현빈','010-2037-3877','ghb@test.com','서울시 테스트로 92번지',to_date('25/11/12','RR/MM/DD'),'771226-8032874','0','Y');
Insert into CM.CUSTOMER (CUS_ID,PWD,NAME,TEL,EMAIL,ADDRESS,REG,RRN,CLASS_ID,DORMANCY) values ('CUS093','pw093','조도민','010-3429-9358','jdm@test.com','서울시 테스트로 93번지',to_date('25/11/12','RR/MM/DD'),'981017-1888807','0','Y');
Insert into CM.CUSTOMER (CUS_ID,PWD,NAME,TEL,EMAIL,ADDRESS,REG,RRN,CLASS_ID,DORMANCY) values ('CUS094','pw094','한도영','010-3093-8303','hdy@test.com','서울시 테스트로 94번지',to_date('25/11/12','RR/MM/DD'),'700125-5324473','0','Y');
Insert into CM.CUSTOMER (CUS_ID,PWD,NAME,TEL,EMAIL,ADDRESS,REG,RRN,CLASS_ID,DORMANCY) values ('CUS095','pw095','최현우','010-8210-2264','chw@test.com','서울시 테스트로 95번지',to_date('25/11/12','RR/MM/DD'),'850406-7196678','5','Y');
Insert into CM.CUSTOMER (CUS_ID,PWD,NAME,TEL,EMAIL,ADDRESS,REG,RRN,CLASS_ID,DORMANCY) values ('CUS096','pw096','김지율','010-7422-4204','kjy@test.com','서울시 테스트로 96번지',to_date('25/11/12','RR/MM/DD'),'870120-6412831','0','Y');
Insert into CM.CUSTOMER (CUS_ID,PWD,NAME,TEL,EMAIL,ADDRESS,REG,RRN,CLASS_ID,DORMANCY) values ('CUS097','pw097','박도연','010-1832-4255','pdy@test.com','서울시 테스트로 97번지',to_date('25/11/12','RR/MM/DD'),'960328-7917727','0','Y');
Insert into CM.CUSTOMER (CUS_ID,PWD,NAME,TEL,EMAIL,ADDRESS,REG,RRN,CLASS_ID,DORMANCY) values ('CUS098','pw098','조시람','010-1983-6289','jsr@test.com','서울시 테스트로 98번지',to_date('25/11/12','RR/MM/DD'),'760914-3647993','0','N');
Insert into CM.CUSTOMER (CUS_ID,PWD,NAME,TEL,EMAIL,ADDRESS,REG,RRN,CLASS_ID,DORMANCY) values ('CUS099','pw099','권서준','010-1930-5545','ks@test.com','서울시 테스트로 99번지',to_date('25/11/12','RR/MM/DD'),'870212-9597532','0','Y');
Insert into CM.CUSTOMER (CUS_ID,PWD,NAME,TEL,EMAIL,ADDRESS,REG,RRN,CLASS_ID,DORMANCY) values ('CUS100','pw100','권유현','010-2739-9755','kyh@test.com','서울시 테스트로 100번지',to_date('25/11/12','RR/MM/DD'),'780719-8813086','5','Y');
Insert into CM.CUSTOMER (CUS_ID,PWD,NAME,TEL,EMAIL,ADDRESS,REG,RRN,CLASS_ID,DORMANCY) values ('CUS101','pw101','김예진','010-5173-5166','kyj@test.com','서울시 테스트로 101번지',to_date('25/11/12','RR/MM/DD'),'780305-1403714','3','N');
Insert into CM.CUSTOMER (CUS_ID,PWD,NAME,TEL,EMAIL,ADDRESS,REG,RRN,CLASS_ID,DORMANCY) values ('CUS102','pw102','장유연','010-2506-7135','jyy@test.com','서울시 테스트로 102번지',to_date('25/11/12','RR/MM/DD'),'831107-8517800','0','Y');
Insert into CM.CUSTOMER (CUS_ID,PWD,NAME,TEL,EMAIL,ADDRESS,REG,RRN,CLASS_ID,DORMANCY) values ('CUS103','pw103','윤지연','010-1156-2300','yjy@test.com','서울시 테스트로 103번지',to_date('25/11/12','RR/MM/DD'),'910224-2010355','0','Y');
Insert into CM.CUSTOMER (CUS_ID,PWD,NAME,TEL,EMAIL,ADDRESS,REG,RRN,CLASS_ID,DORMANCY) values ('CUS104','pw104','서수람','010-7617-4602','ssr@test.com','서울시 테스트로 104번지',to_date('25/11/12','RR/MM/DD'),'790922-7206821','0','Y');
Insert into CM.CUSTOMER (CUS_ID,PWD,NAME,TEL,EMAIL,ADDRESS,REG,RRN,CLASS_ID,DORMANCY) values ('CUS105','pw105','서유우','010-8957-4227','syw@test.com','서울시 테스트로 105번지',to_date('25/11/12','RR/MM/DD'),'930213-4973247','0','Y');
Insert into CM.CUSTOMER (CUS_ID,PWD,NAME,TEL,EMAIL,ADDRESS,REG,RRN,CLASS_ID,DORMANCY) values ('CUS124','pw124','박나솔','010-7174-5492','pns@test.com','서울시 테스트로 124번지',to_date('25/11/12','RR/MM/DD'),'930811-9784169','0','Y');
Insert into CM.CUSTOMER (CUS_ID,PWD,NAME,TEL,EMAIL,ADDRESS,REG,RRN,CLASS_ID,DORMANCY) values ('CUS125','pw125','박태연','010-6460-9045','pty@test.com','서울시 테스트로 125번지',to_date('25/11/12','RR/MM/DD'),'700503-2465441','0','Y');
Insert into CM.CUSTOMER (CUS_ID,PWD,NAME,TEL,EMAIL,ADDRESS,REG,RRN,CLASS_ID,DORMANCY) values ('CUS126','pw126','서민준','010-1228-8967','sm@test.com','서울시 테스트로 126번지',to_date('25/11/12','RR/MM/DD'),'870214-6196929','0','Y');
Insert into CM.CUSTOMER (CUS_ID,PWD,NAME,TEL,EMAIL,ADDRESS,REG,RRN,CLASS_ID,DORMANCY) values ('CUS189','pw189','한예우','010-1526-5452','yeah@naver.com','서울역',to_date('25/11/12','RR/MM/DD'),'781217-8800652','2','Y');
Insert into CM.CUSTOMER (CUS_ID,PWD,NAME,TEL,EMAIL,ADDRESS,REG,RRN,CLASS_ID,DORMANCY) values ('CUS127','pw127','정하아','010-9754-8314','jh@test.com','서울시 테스트로 127번지',to_date('25/11/12','RR/MM/DD'),'870210-3693413','5','N');
Insert into CM.CUSTOMER (CUS_ID,PWD,NAME,TEL,EMAIL,ADDRESS,REG,RRN,CLASS_ID,DORMANCY) values ('CUS128','pw128','조예율','010-1331-3223','jyy@test.com','서울시 테스트로 128번지',to_date('25/11/12','RR/MM/DD'),'750428-9291879','0','Y');
Insert into CM.CUSTOMER (CUS_ID,PWD,NAME,TEL,EMAIL,ADDRESS,REG,RRN,CLASS_ID,DORMANCY) values ('CUS129','pw129','서지람','010-9301-8301','sjr@test.com','서울시 테스트로 129번지',to_date('25/11/12','RR/MM/DD'),'780323-8844271','0','Y');
Insert into CM.CUSTOMER (CUS_ID,PWD,NAME,TEL,EMAIL,ADDRESS,REG,RRN,CLASS_ID,DORMANCY) values ('CUS130','pw130','권하율','010-4930-4330','khy@test.com','서울시 테스트로 130번지',to_date('25/11/12','RR/MM/DD'),'801106-6802814','0','Y');
Insert into CM.CUSTOMER (CUS_ID,PWD,NAME,TEL,EMAIL,ADDRESS,REG,RRN,CLASS_ID,DORMANCY) values ('CUS131','pw131','한현준','010-4385-2116','hh@test.com','서울시 테스트로 131번지',to_date('25/11/12','RR/MM/DD'),'990916-6432157','0','Y');
Insert into CM.CUSTOMER (CUS_ID,PWD,NAME,TEL,EMAIL,ADDRESS,REG,RRN,CLASS_ID,DORMANCY) values ('CUS132','pw132','강은준','010-9416-1258','ge@test.com','서울시 테스트로 132번지',to_date('25/11/12','RR/MM/DD'),'931225-4944194','0','Y');
Insert into CM.CUSTOMER (CUS_ID,PWD,NAME,TEL,EMAIL,ADDRESS,REG,RRN,CLASS_ID,DORMANCY) values ('CUS133','pw133','신현후','010-7382-7227','shh@test.com','서울시 테스트로 133번지',to_date('25/11/12','RR/MM/DD'),'770517-8447662','0','Y');
Insert into CM.CUSTOMER (CUS_ID,PWD,NAME,TEL,EMAIL,ADDRESS,REG,RRN,CLASS_ID,DORMANCY) values ('CUS134','pw134','윤현준','010-8340-9481','yh@test.com','서울시 테스트로 134번지',to_date('25/11/12','RR/MM/DD'),'950502-4184517','0','Y');
Insert into CM.CUSTOMER (CUS_ID,PWD,NAME,TEL,EMAIL,ADDRESS,REG,RRN,CLASS_ID,DORMANCY) values ('CUS135','pw135','임민우','010-8048-9807','lmw@test.com','서울시 테스트로 135번지',to_date('25/11/12','RR/MM/DD'),'710818-8588969','0','Y');
Insert into CM.CUSTOMER (CUS_ID,PWD,NAME,TEL,EMAIL,ADDRESS,REG,RRN,CLASS_ID,DORMANCY) values ('CUS136','pw136','이나람','010-6222-3697','lnr@test.com','서울시 테스트로 136번지',to_date('25/11/12','RR/MM/DD'),'860903-3682500','0','Y');
Insert into CM.CUSTOMER (CUS_ID,PWD,NAME,TEL,EMAIL,ADDRESS,REG,RRN,CLASS_ID,DORMANCY) values ('CUS137','pw137','강지민','010-6044-6277','gjm@test.com','서울시 테스트로 137번지',to_date('25/11/12','RR/MM/DD'),'980905-9426461','5','Y');
Insert into CM.CUSTOMER (CUS_ID,PWD,NAME,TEL,EMAIL,ADDRESS,REG,RRN,CLASS_ID,DORMANCY) values ('CUS138','pw138','최은빈','010-4646-7020','ceb@test.com','서울시 테스트로 138번지',to_date('25/11/12','RR/MM/DD'),'910624-2046800','3','Y');
Insert into CM.CUSTOMER (CUS_ID,PWD,NAME,TEL,EMAIL,ADDRESS,REG,RRN,CLASS_ID,DORMANCY) values ('CUS139','pw139','강은준','010-9286-9495','ge@test.com','서울시 테스트로 139번지',to_date('25/11/12','RR/MM/DD'),'771205-2932728','0','Y');
Insert into CM.CUSTOMER (CUS_ID,PWD,NAME,TEL,EMAIL,ADDRESS,REG,RRN,CLASS_ID,DORMANCY) values ('CUS140','pw140','박나윤','010-3806-7991','pny@test.com','서울시 테스트로 140번지',to_date('25/11/12','RR/MM/DD'),'710823-9547487','0','Y');
Insert into CM.CUSTOMER (CUS_ID,PWD,NAME,TEL,EMAIL,ADDRESS,REG,RRN,CLASS_ID,DORMANCY) values ('CUS141','pw141','윤민우','010-4660-7234','ymw@test.com','서울시 테스트로 141번지',to_date('25/11/12','RR/MM/DD'),'910712-3716403','0','Y');
Insert into CM.CUSTOMER (CUS_ID,PWD,NAME,TEL,EMAIL,ADDRESS,REG,RRN,CLASS_ID,DORMANCY) values ('CUS142','pw142','조시진','010-1806-4855','jsj@test.com','서울시 테스트로 142번지',to_date('25/11/12','RR/MM/DD'),'741116-3536792','5','Y');
Insert into CM.CUSTOMER (CUS_ID,PWD,NAME,TEL,EMAIL,ADDRESS,REG,RRN,CLASS_ID,DORMANCY) values ('CUS143','pw143','권은람','010-7991-1819','ker@test.com','서울시 테스트로 143번지',to_date('25/11/12','RR/MM/DD'),'770201-4463462','0','Y');
Insert into CM.CUSTOMER (CUS_ID,PWD,NAME,TEL,EMAIL,ADDRESS,REG,RRN,CLASS_ID,DORMANCY) values ('CUS144','pw144','김예연','010-2290-4957','kyy@test.com','서울시 테스트로 144번지',to_date('25/11/12','RR/MM/DD'),'931113-5085090','4','Y');
Insert into CM.CUSTOMER (CUS_ID,PWD,NAME,TEL,EMAIL,ADDRESS,REG,RRN,CLASS_ID,DORMANCY) values ('CUS145','pw145','윤하율','010-3053-6533','yhy@test.com','서울시 테스트로 145번지',to_date('25/11/12','RR/MM/DD'),'870905-9424688','3','Y');
Insert into CM.CUSTOMER (CUS_ID,PWD,NAME,TEL,EMAIL,ADDRESS,REG,RRN,CLASS_ID,DORMANCY) values ('CUS146','pw146','조예아','010-6834-8015','jy@test.com','서울시 테스트로 146번지',to_date('25/11/12','RR/MM/DD'),'770125-8946729','5','Y');
Insert into CM.CUSTOMER (CUS_ID,PWD,NAME,TEL,EMAIL,ADDRESS,REG,RRN,CLASS_ID,DORMANCY) values ('CUS147','pw147','최지민','010-1909-2218','cjm@test.com','서울시 테스트로 147번지',to_date('25/11/12','RR/MM/DD'),'740604-2068952','0','N');
Insert into CM.CUSTOMER (CUS_ID,PWD,NAME,TEL,EMAIL,ADDRESS,REG,RRN,CLASS_ID,DORMANCY) values ('CUS148','pw148','오시연','010-2092-5036','osy@test.com','서울시 테스트로 148번지',to_date('25/11/12','RR/MM/DD'),'931213-9478273','0','Y');
Insert into CM.CUSTOMER (CUS_ID,PWD,NAME,TEL,EMAIL,ADDRESS,REG,RRN,CLASS_ID,DORMANCY) values ('CUS149','pw149','최유경','010-7516-5961','cyk@test.com','서울시 테스트로 149번지',to_date('25/11/12','RR/MM/DD'),'820822-1316535','0','Y');
Insert into CM.CUSTOMER (CUS_ID,PWD,NAME,TEL,EMAIL,ADDRESS,REG,RRN,CLASS_ID,DORMANCY) values ('CUS150','pw150','최태영','010-6173-3498','cty@test.com','서울시 테스트로 150번지',to_date('25/11/12','RR/MM/DD'),'850706-4977781','0','N');
Insert into CM.CUSTOMER (CUS_ID,PWD,NAME,TEL,EMAIL,ADDRESS,REG,RRN,CLASS_ID,DORMANCY) values ('CUS151','pw151','신현윤','010-3070-1059','shy@test.com','서울시 테스트로 151번지',to_date('25/11/12','RR/MM/DD'),'920416-2949682','0','Y');
Insert into CM.CUSTOMER (CUS_ID,PWD,NAME,TEL,EMAIL,ADDRESS,REG,RRN,CLASS_ID,DORMANCY) values ('CUS152','pw152','강도연','010-4490-8551','gdy@test.com','서울시 테스트로 152번지',to_date('25/11/12','RR/MM/DD'),'750907-1582024','0','N');
Insert into CM.CUSTOMER (CUS_ID,PWD,NAME,TEL,EMAIL,ADDRESS,REG,RRN,CLASS_ID,DORMANCY) values ('CUS153','pw153','이하우','010-1452-1095','lhw@test.com','서울시 테스트로 153번지',to_date('25/11/12','RR/MM/DD'),'930204-4582209','0','Y');
Insert into CM.CUSTOMER (CUS_ID,PWD,NAME,TEL,EMAIL,ADDRESS,REG,RRN,CLASS_ID,DORMANCY) values ('CUS154','pw154','박유경','010-2979-4880','pyk@test.com','서울시 테스트로 154번지',to_date('25/11/12','RR/MM/DD'),'930523-9071834','0','Y');
Insert into CM.CUSTOMER (CUS_ID,PWD,NAME,TEL,EMAIL,ADDRESS,REG,RRN,CLASS_ID,DORMANCY) values ('CUS155','pw155','윤수솔','010-5466-9925','yss@test.com','서울시 테스트로 155번지',to_date('25/11/12','RR/MM/DD'),'990515-3665994','0','Y');
Insert into CM.CUSTOMER (CUS_ID,PWD,NAME,TEL,EMAIL,ADDRESS,REG,RRN,CLASS_ID,DORMANCY) values ('CUS156','pw156','정현경','010-7948-7460','jhk@test.com','서울시 테스트로 156번지',to_date('25/11/12','RR/MM/DD'),'860825-5116179','0','Y');
Insert into CM.CUSTOMER (CUS_ID,PWD,NAME,TEL,EMAIL,ADDRESS,REG,RRN,CLASS_ID,DORMANCY) values ('CUS157','pw157','권하우','010-6747-5933','khw@test.com','서울시 테스트로 157번지',to_date('25/11/12','RR/MM/DD'),'930802-4750214','0','Y');
Insert into CM.CUSTOMER (CUS_ID,PWD,NAME,TEL,EMAIL,ADDRESS,REG,RRN,CLASS_ID,DORMANCY) values ('CUS158','pw158','서유아','010-7433-2663','sy@test.com','서울시 테스트로 158번지',to_date('25/11/12','RR/MM/DD'),'910106-6985083','0','Y');
Insert into CM.CUSTOMER (CUS_ID,PWD,NAME,TEL,EMAIL,ADDRESS,REG,RRN,CLASS_ID,DORMANCY) values ('CUS159','pw159','강지람','010-6309-4676','gjr@test.com','서울시 테스트로 159번지',to_date('25/11/12','RR/MM/DD'),'920610-2360238','0','Y');
Insert into CM.CUSTOMER (CUS_ID,PWD,NAME,TEL,EMAIL,ADDRESS,REG,RRN,CLASS_ID,DORMANCY) values ('CUS160','pw160','오재연','010-1545-7932','ojy@test.com','서울시 테스트로 160번지',to_date('25/11/12','RR/MM/DD'),'951221-8446983','0','Y');
Insert into CM.CUSTOMER (CUS_ID,PWD,NAME,TEL,EMAIL,ADDRESS,REG,RRN,CLASS_ID,DORMANCY) values ('CUS161','pw161','김나준','010-2042-9594','kn@test.com','서울시 테스트로 161번지',to_date('25/11/12','RR/MM/DD'),'730802-6558371','0','Y');
Insert into CM.CUSTOMER (CUS_ID,PWD,NAME,TEL,EMAIL,ADDRESS,REG,RRN,CLASS_ID,DORMANCY) values ('CUS162','pw162','강현솔','010-4638-4146','ghs@test.com','서울시 테스트로 162번지',to_date('25/11/12','RR/MM/DD'),'750608-2504106','0','Y');
Insert into CM.CUSTOMER (CUS_ID,PWD,NAME,TEL,EMAIL,ADDRESS,REG,RRN,CLASS_ID,DORMANCY) values ('CUS163','pw163','장유현','010-1558-8669','jyh@test.com','서울시 테스트로 163번지',to_date('25/11/12','RR/MM/DD'),'880110-8779275','0','Y');
Insert into CM.CUSTOMER (CUS_ID,PWD,NAME,TEL,EMAIL,ADDRESS,REG,RRN,CLASS_ID,DORMANCY) values ('CUS164','pw164','장나빈','010-5937-2463','jnb@test.com','서울시 테스트로 164번지',to_date('25/11/12','RR/MM/DD'),'970312-8934583','0','Y');
Insert into CM.CUSTOMER (CUS_ID,PWD,NAME,TEL,EMAIL,ADDRESS,REG,RRN,CLASS_ID,DORMANCY) values ('CUS165','pw165','오민현','010-4790-8749','omh@test.com','서울시 테스트로 165번지',to_date('25/11/12','RR/MM/DD'),'770425-9043812','0','N');
Insert into CM.CUSTOMER (CUS_ID,PWD,NAME,TEL,EMAIL,ADDRESS,REG,RRN,CLASS_ID,DORMANCY) values ('CUS166','pw166','신시연','010-8202-5006','ssy@test.com','서울시 테스트로 166번지',to_date('25/11/12','RR/MM/DD'),'791212-6494793','0','Y');
Insert into CM.CUSTOMER (CUS_ID,PWD,NAME,TEL,EMAIL,ADDRESS,REG,RRN,CLASS_ID,DORMANCY) values ('CUS167','pw167','장나율','010-5283-8267','jny@test.com','서울시 테스트로 167번지',to_date('25/11/12','RR/MM/DD'),'730620-4240618','3','Y');
Insert into CM.CUSTOMER (CUS_ID,PWD,NAME,TEL,EMAIL,ADDRESS,REG,RRN,CLASS_ID,DORMANCY) values ('CUS168','pw168','한서민','010-1900-6654','hsm@test.com','서울시 테스트로 168번지',to_date('25/11/12','RR/MM/DD'),'870413-7550427','0','Y');
Insert into CM.CUSTOMER (CUS_ID,PWD,NAME,TEL,EMAIL,ADDRESS,REG,RRN,CLASS_ID,DORMANCY) values ('CUS169','pw169','최지연','010-6989-2891','cjy@test.com','서울시 테스트로 169번지',to_date('25/11/12','RR/MM/DD'),'701122-6143656','0','Y');
Insert into CM.CUSTOMER (CUS_ID,PWD,NAME,TEL,EMAIL,ADDRESS,REG,RRN,CLASS_ID,DORMANCY) values ('CUS170','pw170','권예진','010-4160-5597','kyj@test.com','서울시 테스트로 170번지',to_date('25/11/12','RR/MM/DD'),'820416-5886593','0','Y');
Insert into CM.CUSTOMER (CUS_ID,PWD,NAME,TEL,EMAIL,ADDRESS,REG,RRN,CLASS_ID,DORMANCY) values ('CUS171','pw171','최현진','010-9307-7985','chj@test.com','서울시 테스트로 171번지',to_date('25/11/12','RR/MM/DD'),'970201-6009848','0','Y');
Insert into CM.CUSTOMER (CUS_ID,PWD,NAME,TEL,EMAIL,ADDRESS,REG,RRN,CLASS_ID,DORMANCY) values ('CUS172','pw172','정도현','010-9205-4556','jdh@test.com','서울시 테스트로 172번지',to_date('25/11/12','RR/MM/DD'),'980417-4321392','0','Y');
Insert into CM.CUSTOMER (CUS_ID,PWD,NAME,TEL,EMAIL,ADDRESS,REG,RRN,CLASS_ID,DORMANCY) values ('CUS173','pw173','윤유진','010-4504-2988','yyj@test.com','서울시 테스트로 173번지',to_date('25/11/12','RR/MM/DD'),'731111-8148360','3','Y');
Insert into CM.CUSTOMER (CUS_ID,PWD,NAME,TEL,EMAIL,ADDRESS,REG,RRN,CLASS_ID,DORMANCY) values ('CUS174','pw174','조하율','010-8105-1428','jhy@test.com','서울시 테스트로 174번지',to_date('25/11/12','RR/MM/DD'),'940519-2957402','2','Y');
Insert into CM.CUSTOMER (CUS_ID,PWD,NAME,TEL,EMAIL,ADDRESS,REG,RRN,CLASS_ID,DORMANCY) values ('CUS175','pw175','정예율','010-4992-1667','jyy@test.com','서울시 테스트로 175번지',to_date('25/11/12','RR/MM/DD'),'860402-6899213','0','Y');
Insert into CM.CUSTOMER (CUS_ID,PWD,NAME,TEL,EMAIL,ADDRESS,REG,RRN,CLASS_ID,DORMANCY) values ('CUS176','pw176','이수민','010-9906-5211','lsm@test.com','서울시 테스트로 176번지',to_date('25/11/12','RR/MM/DD'),'851111-3683054','0','Y');
Insert into CM.CUSTOMER (CUS_ID,PWD,NAME,TEL,EMAIL,ADDRESS,REG,RRN,CLASS_ID,DORMANCY) values ('CUS177','pw177','윤지영','010-2375-4162','yjy@test.com','서울시 테스트로 177번지',to_date('25/11/12','RR/MM/DD'),'930804-1250954','5','Y');
Insert into CM.CUSTOMER (CUS_ID,PWD,NAME,TEL,EMAIL,ADDRESS,REG,RRN,CLASS_ID,DORMANCY) values ('CUS178','pw178','서민람','010-9860-6007','smr@test.com','서울시 테스트로 178번지',to_date('25/11/12','RR/MM/DD'),'850809-2301176','4','Y');
Insert into CM.CUSTOMER (CUS_ID,PWD,NAME,TEL,EMAIL,ADDRESS,REG,RRN,CLASS_ID,DORMANCY) values ('CUS179','pw179','정수영','010-7394-8754','jsy@test.com','서울시 테스트로 179번지',to_date('25/11/12','RR/MM/DD'),'820714-5840925','0','Y');
Insert into CM.CUSTOMER (CUS_ID,PWD,NAME,TEL,EMAIL,ADDRESS,REG,RRN,CLASS_ID,DORMANCY) values ('CUS180','pw180','신나연','010-2925-5382','sny@test.com','서울시 테스트로 180번지',to_date('25/11/12','RR/MM/DD'),'880128-3731492','5','Y');
Insert into CM.CUSTOMER (CUS_ID,PWD,NAME,TEL,EMAIL,ADDRESS,REG,RRN,CLASS_ID,DORMANCY) values ('CUS181','pw181','정나람','010-4015-6313','jnr@test.com','서울시 테스트로 181번지',to_date('25/11/12','RR/MM/DD'),'900123-5564219','4','Y');
Insert into CM.CUSTOMER (CUS_ID,PWD,NAME,TEL,EMAIL,ADDRESS,REG,RRN,CLASS_ID,DORMANCY) values ('CUS182','pw182','장은준','010-6725-5489','je@test.com','서울시 테스트로 182번지',to_date('25/11/12','RR/MM/DD'),'821008-4875974','0','Y');
Insert into CM.CUSTOMER (CUS_ID,PWD,NAME,TEL,EMAIL,ADDRESS,REG,RRN,CLASS_ID,DORMANCY) values ('CUS183','pw183','신은율','010-1278-9375','sey@test.com','서울시 테스트로 183번지',to_date('25/11/12','RR/MM/DD'),'960422-9368673','0','Y');
Insert into CM.CUSTOMER (CUS_ID,PWD,NAME,TEL,EMAIL,ADDRESS,REG,RRN,CLASS_ID,DORMANCY) values ('CUS184','pw184','한민아','010-1413-1672','hm@test.com','서울시 테스트로 184번지',to_date('25/11/12','RR/MM/DD'),'760114-1610725','0','Y');
Insert into CM.CUSTOMER (CUS_ID,PWD,NAME,TEL,EMAIL,ADDRESS,REG,RRN,CLASS_ID,DORMANCY) values ('CUS185','pw185','서지경','010-1234-5678','sjk@naver.com','서울시 가산동 디지털로39',to_date('25/11/12','RR/MM/DD'),'980411-7000459','0','Y');
Insert into CM.CUSTOMER (CUS_ID,PWD,NAME,TEL,EMAIL,ADDRESS,REG,RRN,CLASS_ID,DORMANCY) values ('CUS186','pw186','강수솔','010-2002-3000','gss@test.com','서울시 테스트로 186번지',to_date('25/11/12','RR/MM/DD'),'920914-5185554','0','N');
Insert into CM.CUSTOMER (CUS_ID,PWD,NAME,TEL,EMAIL,ADDRESS,REG,RRN,CLASS_ID,DORMANCY) values ('CUS187','pw187','권예솔','010-0001-0002','kys@test.com','서울시 테스트로 187번지',to_date('25/11/12','RR/MM/DD'),'800511-8376797','0','N');
Insert into CM.CUSTOMER (CUS_ID,PWD,NAME,TEL,EMAIL,ADDRESS,REG,RRN,CLASS_ID,DORMANCY) values ('CUS188','pw188','신재람','010-1668-2626','sjr@test.com','서울시 테스트로 188번지',to_date('25/11/12','RR/MM/DD'),'761205-1286062','0','Y');
REM INSERTING into CM.CUSTOMER_CLASS
SET DEFINE OFF;
Insert into CM.CUSTOMER_CLASS (CLASS_ID,CLASS_LEVEL) values ('1','1등급');
Insert into CM.CUSTOMER_CLASS (CLASS_ID,CLASS_LEVEL) values ('2','2등급');
Insert into CM.CUSTOMER_CLASS (CLASS_ID,CLASS_LEVEL) values ('3','3등급');
Insert into CM.CUSTOMER_CLASS (CLASS_ID,CLASS_LEVEL) values ('4','4등급');
Insert into CM.CUSTOMER_CLASS (CLASS_ID,CLASS_LEVEL) values ('5','5등급');
Insert into CM.CUSTOMER_CLASS (CLASS_ID,CLASS_LEVEL) values ('0','6등급');
REM INSERTING into CM.CUSTOMER_LOGINRECORD
SET DEFINE OFF;
Insert into CM.CUSTOMER_LOGINRECORD (LOGIN_ID,LOGIN_DATE,CUS_ID) values ('LOGIN_4333152231905',to_date('24/03/02','RR/MM/DD'),'CUS181');
Insert into CM.CUSTOMER_LOGINRECORD (LOGIN_ID,LOGIN_DATE,CUS_ID) values ('LOGIN_9527921113887',to_date('24/03/21','RR/MM/DD'),'CUS182');
Insert into CM.CUSTOMER_LOGINRECORD (LOGIN_ID,LOGIN_DATE,CUS_ID) values ('LOGIN_4140606717493',to_date('21/12/15','RR/MM/DD'),'CUS182');
Insert into CM.CUSTOMER_LOGINRECORD (LOGIN_ID,LOGIN_DATE,CUS_ID) values ('LOGIN_6213260479991',to_date('23/07/23','RR/MM/DD'),'CUS182');
Insert into CM.CUSTOMER_LOGINRECORD (LOGIN_ID,LOGIN_DATE,CUS_ID) values ('LOGIN_9505124481696',to_date('23/09/23','RR/MM/DD'),'CUS183');
Insert into CM.CUSTOMER_LOGINRECORD (LOGIN_ID,LOGIN_DATE,CUS_ID) values ('LOGIN_4991554870266',to_date('24/08/23','RR/MM/DD'),'CUS184');
Insert into CM.CUSTOMER_LOGINRECORD (LOGIN_ID,LOGIN_DATE,CUS_ID) values ('LOGIN_1285730323393',to_date('23/04/24','RR/MM/DD'),'CUS185');
Insert into CM.CUSTOMER_LOGINRECORD (LOGIN_ID,LOGIN_DATE,CUS_ID) values ('LOGIN_6406479017451',to_date('19/09/29','RR/MM/DD'),'CUS186');
Insert into CM.CUSTOMER_LOGINRECORD (LOGIN_ID,LOGIN_DATE,CUS_ID) values ('LOGIN_5549505177324',to_date('24/01/16','RR/MM/DD'),'CUS186');
Insert into CM.CUSTOMER_LOGINRECORD (LOGIN_ID,LOGIN_DATE,CUS_ID) values ('LOGIN_2707761496396',to_date('19/05/02','RR/MM/DD'),'CUS186');
Insert into CM.CUSTOMER_LOGINRECORD (LOGIN_ID,LOGIN_DATE,CUS_ID) values ('LOGIN_6154746585732',to_date('24/11/14','RR/MM/DD'),'CUS187');
Insert into CM.CUSTOMER_LOGINRECORD (LOGIN_ID,LOGIN_DATE,CUS_ID) values ('LOGIN_9191083324152',to_date('22/12/03','RR/MM/DD'),'CUS187');
Insert into CM.CUSTOMER_LOGINRECORD (LOGIN_ID,LOGIN_DATE,CUS_ID) values ('LOGIN_1097643195691',to_date('21/01/08','RR/MM/DD'),'CUS188');
Insert into CM.CUSTOMER_LOGINRECORD (LOGIN_ID,LOGIN_DATE,CUS_ID) values ('LOGIN_5867553929993',to_date('21/10/09','RR/MM/DD'),'CUS188');
Insert into CM.CUSTOMER_LOGINRECORD (LOGIN_ID,LOGIN_DATE,CUS_ID) values ('LOGIN_6307177918151',to_date('23/07/29','RR/MM/DD'),'CUS188');
Insert into CM.CUSTOMER_LOGINRECORD (LOGIN_ID,LOGIN_DATE,CUS_ID) values ('LOGIN_5315114363219',to_date('23/12/04','RR/MM/DD'),'CUS189');
Insert into CM.CUSTOMER_LOGINRECORD (LOGIN_ID,LOGIN_DATE,CUS_ID) values ('LOGIN_1372399691676',to_date('24/05/25','RR/MM/DD'),'CUS189');
Insert into CM.CUSTOMER_LOGINRECORD (LOGIN_ID,LOGIN_DATE,CUS_ID) values ('LOGIN_1954904484883',to_date('20/03/04','RR/MM/DD'),'CUS189');
Insert into CM.CUSTOMER_LOGINRECORD (LOGIN_ID,LOGIN_DATE,CUS_ID) values ('LOGIN_6171183383339',to_date('19/05/17','RR/MM/DD'),'CUS190');
Insert into CM.CUSTOMER_LOGINRECORD (LOGIN_ID,LOGIN_DATE,CUS_ID) values ('LOGIN_7422289476628',to_date('22/06/16','RR/MM/DD'),'CUS190');
Insert into CM.CUSTOMER_LOGINRECORD (LOGIN_ID,LOGIN_DATE,CUS_ID) values ('LOGIN_4762997049590',to_date('22/01/09','RR/MM/DD'),'CUS190');
Insert into CM.CUSTOMER_LOGINRECORD (LOGIN_ID,LOGIN_DATE,CUS_ID) values ('LOGIN_1059471281312',to_date('19/03/13','RR/MM/DD'),'CUS191');
Insert into CM.CUSTOMER_LOGINRECORD (LOGIN_ID,LOGIN_DATE,CUS_ID) values ('LOGIN_3234487417264',to_date('22/06/25','RR/MM/DD'),'CUS191');
Insert into CM.CUSTOMER_LOGINRECORD (LOGIN_ID,LOGIN_DATE,CUS_ID) values ('LOGIN_2101405706282',to_date('21/12/16','RR/MM/DD'),'CUS192');
Insert into CM.CUSTOMER_LOGINRECORD (LOGIN_ID,LOGIN_DATE,CUS_ID) values ('LOGIN_2491274539284',to_date('19/02/18','RR/MM/DD'),'CUS192');
Insert into CM.CUSTOMER_LOGINRECORD (LOGIN_ID,LOGIN_DATE,CUS_ID) values ('LOGIN_6221815951720',to_date('23/06/08','RR/MM/DD'),'CUS193');
Insert into CM.CUSTOMER_LOGINRECORD (LOGIN_ID,LOGIN_DATE,CUS_ID) values ('LOGIN_1391308366558',to_date('19/09/15','RR/MM/DD'),'CUS193');
Insert into CM.CUSTOMER_LOGINRECORD (LOGIN_ID,LOGIN_DATE,CUS_ID) values ('LOGIN_2798470769641',to_date('20/02/01','RR/MM/DD'),'CUS194');
Insert into CM.CUSTOMER_LOGINRECORD (LOGIN_ID,LOGIN_DATE,CUS_ID) values ('LOGIN_4677478861135',to_date('19/08/15','RR/MM/DD'),'CUS194');
Insert into CM.CUSTOMER_LOGINRECORD (LOGIN_ID,LOGIN_DATE,CUS_ID) values ('LOGIN_1999833978542',to_date('20/09/14','RR/MM/DD'),'CUS194');
Insert into CM.CUSTOMER_LOGINRECORD (LOGIN_ID,LOGIN_DATE,CUS_ID) values ('LOGIN_7717803313225',to_date('21/04/07','RR/MM/DD'),'CUS195');
Insert into CM.CUSTOMER_LOGINRECORD (LOGIN_ID,LOGIN_DATE,CUS_ID) values ('LOGIN_6956231449495',to_date('22/05/16','RR/MM/DD'),'CUS196');
Insert into CM.CUSTOMER_LOGINRECORD (LOGIN_ID,LOGIN_DATE,CUS_ID) values ('LOGIN_8745214660410',to_date('22/05/03','RR/MM/DD'),'CUS196');
Insert into CM.CUSTOMER_LOGINRECORD (LOGIN_ID,LOGIN_DATE,CUS_ID) values ('LOGIN_9676611668273',to_date('24/06/05','RR/MM/DD'),'CUS197');
Insert into CM.CUSTOMER_LOGINRECORD (LOGIN_ID,LOGIN_DATE,CUS_ID) values ('LOGIN_3404078914849',to_date('23/05/05','RR/MM/DD'),'CUS197');
Insert into CM.CUSTOMER_LOGINRECORD (LOGIN_ID,LOGIN_DATE,CUS_ID) values ('LOGIN_8072851459801',to_date('23/06/24','RR/MM/DD'),'CUS198');
Insert into CM.CUSTOMER_LOGINRECORD (LOGIN_ID,LOGIN_DATE,CUS_ID) values ('LOGIN_6834034519718',to_date('23/04/21','RR/MM/DD'),'CUS199');
Insert into CM.CUSTOMER_LOGINRECORD (LOGIN_ID,LOGIN_DATE,CUS_ID) values ('LOGIN_2548491331676',to_date('19/04/04','RR/MM/DD'),'CUS199');
Insert into CM.CUSTOMER_LOGINRECORD (LOGIN_ID,LOGIN_DATE,CUS_ID) values ('LOGIN_5028086881670',to_date('19/10/12','RR/MM/DD'),'CUS199');
Insert into CM.CUSTOMER_LOGINRECORD (LOGIN_ID,LOGIN_DATE,CUS_ID) values ('LOGIN_8803053872985',to_date('21/09/03','RR/MM/DD'),'CUS200');
Insert into CM.CUSTOMER_LOGINRECORD (LOGIN_ID,LOGIN_DATE,CUS_ID) values ('LOGIN_3922772177177',to_date('19/09/18','RR/MM/DD'),'CUS200');
Insert into CM.CUSTOMER_LOGINRECORD (LOGIN_ID,LOGIN_DATE,CUS_ID) values ('LOGIN_1763017949935',to_date('25/11/13','RR/MM/DD'),'CUS001');
Insert into CM.CUSTOMER_LOGINRECORD (LOGIN_ID,LOGIN_DATE,CUS_ID) values ('LOGIN_1763098762784',to_date('25/11/14','RR/MM/DD'),'CUS193');
Insert into CM.CUSTOMER_LOGINRECORD (LOGIN_ID,LOGIN_DATE,CUS_ID) values ('LOGIN_1763099216783',to_date('25/11/14','RR/MM/DD'),'CUS001');
Insert into CM.CUSTOMER_LOGINRECORD (LOGIN_ID,LOGIN_DATE,CUS_ID) values ('LOGIN_1763101768746',to_date('25/11/14','RR/MM/DD'),'CUS111');
Insert into CM.CUSTOMER_LOGINRECORD (LOGIN_ID,LOGIN_DATE,CUS_ID) values ('LOGIN_1763102416240',to_date('25/11/14','RR/MM/DD'),'CUS111');
Insert into CM.CUSTOMER_LOGINRECORD (LOGIN_ID,LOGIN_DATE,CUS_ID) values ('LOGIN_1763103168249',to_date('25/11/14','RR/MM/DD'),'CUS111');
Insert into CM.CUSTOMER_LOGINRECORD (LOGIN_ID,LOGIN_DATE,CUS_ID) values ('LOGIN_1763431804348',to_date('25/11/18','RR/MM/DD'),'CUS193');
Insert into CM.CUSTOMER_LOGINRECORD (LOGIN_ID,LOGIN_DATE,CUS_ID) values ('LOGIN_1763106814351',to_date('25/11/14','RR/MM/DD'),'CUS200');
Insert into CM.CUSTOMER_LOGINRECORD (LOGIN_ID,LOGIN_DATE,CUS_ID) values ('LOGIN_1763366722255',to_date('25/11/17','RR/MM/DD'),'CUS186');
Insert into CM.CUSTOMER_LOGINRECORD (LOGIN_ID,LOGIN_DATE,CUS_ID) values ('LOGIN_1763367819987',to_date('25/11/17','RR/MM/DD'),'CUS187');
Insert into CM.CUSTOMER_LOGINRECORD (LOGIN_ID,LOGIN_DATE,CUS_ID) values ('LOGIN_1763018192157',to_date('25/11/13','RR/MM/DD'),'CUS001');
Insert into CM.CUSTOMER_LOGINRECORD (LOGIN_ID,LOGIN_DATE,CUS_ID) values ('LOGIN_1763355250279',to_date('25/11/17','RR/MM/DD'),'CUS191');
Insert into CM.CUSTOMER_LOGINRECORD (LOGIN_ID,LOGIN_DATE,CUS_ID) values ('LOGIN_1763011857214',to_date('25/11/13','RR/MM/DD'),'CUS190');
Insert into CM.CUSTOMER_LOGINRECORD (LOGIN_ID,LOGIN_DATE,CUS_ID) values ('LOGIN_1763018035521',to_date('25/11/13','RR/MM/DD'),'CUS193');
Insert into CM.CUSTOMER_LOGINRECORD (LOGIN_ID,LOGIN_DATE,CUS_ID) values ('LOGIN_1763018132010',to_date('25/11/13','RR/MM/DD'),'CUS193');
Insert into CM.CUSTOMER_LOGINRECORD (LOGIN_ID,LOGIN_DATE,CUS_ID) values ('LOGIN_1763018298944',to_date('25/11/13','RR/MM/DD'),'CUS001');
Insert into CM.CUSTOMER_LOGINRECORD (LOGIN_ID,LOGIN_DATE,CUS_ID) values ('LOGIN_1763018343932',to_date('25/11/13','RR/MM/DD'),'CUS002');
Insert into CM.CUSTOMER_LOGINRECORD (LOGIN_ID,LOGIN_DATE,CUS_ID) values ('LOGIN_1763021061789',to_date('25/11/13','RR/MM/DD'),'CUS001');
Insert into CM.CUSTOMER_LOGINRECORD (LOGIN_ID,LOGIN_DATE,CUS_ID) values ('LOGIN_1763106833943',to_date('25/11/14','RR/MM/DD'),'CUS111');
Insert into CM.CUSTOMER_LOGINRECORD (LOGIN_ID,LOGIN_DATE,CUS_ID) values ('LOGIN_1763107373272',to_date('25/11/14','RR/MM/DD'),'CUS111');
Insert into CM.CUSTOMER_LOGINRECORD (LOGIN_ID,LOGIN_DATE,CUS_ID) values ('LOGIN_2640716539849',to_date('20/03/14','RR/MM/DD'),'CUS001');
Insert into CM.CUSTOMER_LOGINRECORD (LOGIN_ID,LOGIN_DATE,CUS_ID) values ('LOGIN_3864651934474',to_date('20/01/26','RR/MM/DD'),'CUS001');
Insert into CM.CUSTOMER_LOGINRECORD (LOGIN_ID,LOGIN_DATE,CUS_ID) values ('LOGIN_1271858914301',to_date('24/12/03','RR/MM/DD'),'CUS002');
Insert into CM.CUSTOMER_LOGINRECORD (LOGIN_ID,LOGIN_DATE,CUS_ID) values ('LOGIN_9301440392771',to_date('19/12/03','RR/MM/DD'),'CUS002');
Insert into CM.CUSTOMER_LOGINRECORD (LOGIN_ID,LOGIN_DATE,CUS_ID) values ('LOGIN_6413323739205',to_date('21/06/04','RR/MM/DD'),'CUS002');
Insert into CM.CUSTOMER_LOGINRECORD (LOGIN_ID,LOGIN_DATE,CUS_ID) values ('LOGIN_9696690923745',to_date('21/12/22','RR/MM/DD'),'CUS003');
Insert into CM.CUSTOMER_LOGINRECORD (LOGIN_ID,LOGIN_DATE,CUS_ID) values ('LOGIN_6629157162230',to_date('20/08/12','RR/MM/DD'),'CUS003');
Insert into CM.CUSTOMER_LOGINRECORD (LOGIN_ID,LOGIN_DATE,CUS_ID) values ('LOGIN_9661502892149',to_date('21/02/19','RR/MM/DD'),'CUS003');
Insert into CM.CUSTOMER_LOGINRECORD (LOGIN_ID,LOGIN_DATE,CUS_ID) values ('LOGIN_9316279098881',to_date('19/04/18','RR/MM/DD'),'CUS004');
Insert into CM.CUSTOMER_LOGINRECORD (LOGIN_ID,LOGIN_DATE,CUS_ID) values ('LOGIN_8393646717356',to_date('22/11/25','RR/MM/DD'),'CUS004');
Insert into CM.CUSTOMER_LOGINRECORD (LOGIN_ID,LOGIN_DATE,CUS_ID) values ('LOGIN_3722237132329',to_date('22/12/06','RR/MM/DD'),'CUS005');
Insert into CM.CUSTOMER_LOGINRECORD (LOGIN_ID,LOGIN_DATE,CUS_ID) values ('LOGIN_4472252895574',to_date('23/07/25','RR/MM/DD'),'CUS005');
Insert into CM.CUSTOMER_LOGINRECORD (LOGIN_ID,LOGIN_DATE,CUS_ID) values ('LOGIN_3683034868806',to_date('21/12/20','RR/MM/DD'),'CUS006');
Insert into CM.CUSTOMER_LOGINRECORD (LOGIN_ID,LOGIN_DATE,CUS_ID) values ('LOGIN_7498950430276',to_date('19/06/14','RR/MM/DD'),'CUS007');
Insert into CM.CUSTOMER_LOGINRECORD (LOGIN_ID,LOGIN_DATE,CUS_ID) values ('LOGIN_8265401110111',to_date('21/10/27','RR/MM/DD'),'CUS007');
Insert into CM.CUSTOMER_LOGINRECORD (LOGIN_ID,LOGIN_DATE,CUS_ID) values ('LOGIN_1611072352416',to_date('19/06/16','RR/MM/DD'),'CUS008');
Insert into CM.CUSTOMER_LOGINRECORD (LOGIN_ID,LOGIN_DATE,CUS_ID) values ('LOGIN_2811236739835',to_date('24/11/06','RR/MM/DD'),'CUS008');
Insert into CM.CUSTOMER_LOGINRECORD (LOGIN_ID,LOGIN_DATE,CUS_ID) values ('LOGIN_6722751025459',to_date('22/06/22','RR/MM/DD'),'CUS009');
Insert into CM.CUSTOMER_LOGINRECORD (LOGIN_ID,LOGIN_DATE,CUS_ID) values ('LOGIN_8039478065951',to_date('23/04/02','RR/MM/DD'),'CUS009');
Insert into CM.CUSTOMER_LOGINRECORD (LOGIN_ID,LOGIN_DATE,CUS_ID) values ('LOGIN_8255190594667',to_date('21/06/21','RR/MM/DD'),'CUS010');
Insert into CM.CUSTOMER_LOGINRECORD (LOGIN_ID,LOGIN_DATE,CUS_ID) values ('LOGIN_1000868603590',to_date('23/07/25','RR/MM/DD'),'CUS011');
Insert into CM.CUSTOMER_LOGINRECORD (LOGIN_ID,LOGIN_DATE,CUS_ID) values ('LOGIN_5617594101462',to_date('19/11/04','RR/MM/DD'),'CUS011');
Insert into CM.CUSTOMER_LOGINRECORD (LOGIN_ID,LOGIN_DATE,CUS_ID) values ('LOGIN_1234222416233',to_date('21/05/01','RR/MM/DD'),'CUS011');
Insert into CM.CUSTOMER_LOGINRECORD (LOGIN_ID,LOGIN_DATE,CUS_ID) values ('LOGIN_6407809268906',to_date('21/07/13','RR/MM/DD'),'CUS012');
Insert into CM.CUSTOMER_LOGINRECORD (LOGIN_ID,LOGIN_DATE,CUS_ID) values ('LOGIN_4817357718978',to_date('20/01/15','RR/MM/DD'),'CUS012');
Insert into CM.CUSTOMER_LOGINRECORD (LOGIN_ID,LOGIN_DATE,CUS_ID) values ('LOGIN_8770610734687',to_date('19/12/21','RR/MM/DD'),'CUS013');
Insert into CM.CUSTOMER_LOGINRECORD (LOGIN_ID,LOGIN_DATE,CUS_ID) values ('LOGIN_4929598135525',to_date('24/08/19','RR/MM/DD'),'CUS014');
Insert into CM.CUSTOMER_LOGINRECORD (LOGIN_ID,LOGIN_DATE,CUS_ID) values ('LOGIN_4057454514264',to_date('19/01/30','RR/MM/DD'),'CUS014');
Insert into CM.CUSTOMER_LOGINRECORD (LOGIN_ID,LOGIN_DATE,CUS_ID) values ('LOGIN_2297497106971',to_date('25/01/04','RR/MM/DD'),'CUS015');
Insert into CM.CUSTOMER_LOGINRECORD (LOGIN_ID,LOGIN_DATE,CUS_ID) values ('LOGIN_7878099468726',to_date('24/10/11','RR/MM/DD'),'CUS016');
Insert into CM.CUSTOMER_LOGINRECORD (LOGIN_ID,LOGIN_DATE,CUS_ID) values ('LOGIN_4886539093978',to_date('24/05/04','RR/MM/DD'),'CUS016');
Insert into CM.CUSTOMER_LOGINRECORD (LOGIN_ID,LOGIN_DATE,CUS_ID) values ('LOGIN_5878274537998',to_date('19/07/20','RR/MM/DD'),'CUS016');
Insert into CM.CUSTOMER_LOGINRECORD (LOGIN_ID,LOGIN_DATE,CUS_ID) values ('LOGIN_8136752865152',to_date('20/10/30','RR/MM/DD'),'CUS017');
Insert into CM.CUSTOMER_LOGINRECORD (LOGIN_ID,LOGIN_DATE,CUS_ID) values ('LOGIN_1986554696264',to_date('20/01/17','RR/MM/DD'),'CUS018');
Insert into CM.CUSTOMER_LOGINRECORD (LOGIN_ID,LOGIN_DATE,CUS_ID) values ('LOGIN_4065416019076',to_date('21/03/11','RR/MM/DD'),'CUS018');
Insert into CM.CUSTOMER_LOGINRECORD (LOGIN_ID,LOGIN_DATE,CUS_ID) values ('LOGIN_3246186292550',to_date('20/04/15','RR/MM/DD'),'CUS018');
Insert into CM.CUSTOMER_LOGINRECORD (LOGIN_ID,LOGIN_DATE,CUS_ID) values ('LOGIN_3368236252256',to_date('25/02/01','RR/MM/DD'),'CUS019');
Insert into CM.CUSTOMER_LOGINRECORD (LOGIN_ID,LOGIN_DATE,CUS_ID) values ('LOGIN_9818778084881',to_date('19/11/18','RR/MM/DD'),'CUS019');
Insert into CM.CUSTOMER_LOGINRECORD (LOGIN_ID,LOGIN_DATE,CUS_ID) values ('LOGIN_7780039351361',to_date('20/05/17','RR/MM/DD'),'CUS020');
Insert into CM.CUSTOMER_LOGINRECORD (LOGIN_ID,LOGIN_DATE,CUS_ID) values ('LOGIN_5220875147803',to_date('22/12/06','RR/MM/DD'),'CUS020');
Insert into CM.CUSTOMER_LOGINRECORD (LOGIN_ID,LOGIN_DATE,CUS_ID) values ('LOGIN_7890486846703',to_date('20/01/05','RR/MM/DD'),'CUS021');
Insert into CM.CUSTOMER_LOGINRECORD (LOGIN_ID,LOGIN_DATE,CUS_ID) values ('LOGIN_8831107904161',to_date('22/05/15','RR/MM/DD'),'CUS022');
Insert into CM.CUSTOMER_LOGINRECORD (LOGIN_ID,LOGIN_DATE,CUS_ID) values ('LOGIN_5803904443189',to_date('23/04/20','RR/MM/DD'),'CUS022');
Insert into CM.CUSTOMER_LOGINRECORD (LOGIN_ID,LOGIN_DATE,CUS_ID) values ('LOGIN_1808756556533',to_date('20/06/01','RR/MM/DD'),'CUS022');
Insert into CM.CUSTOMER_LOGINRECORD (LOGIN_ID,LOGIN_DATE,CUS_ID) values ('LOGIN_7839204427707',to_date('24/04/05','RR/MM/DD'),'CUS023');
Insert into CM.CUSTOMER_LOGINRECORD (LOGIN_ID,LOGIN_DATE,CUS_ID) values ('LOGIN_7429952927723',to_date('21/01/05','RR/MM/DD'),'CUS023');
Insert into CM.CUSTOMER_LOGINRECORD (LOGIN_ID,LOGIN_DATE,CUS_ID) values ('LOGIN_3260640294232',to_date('19/09/17','RR/MM/DD'),'CUS023');
Insert into CM.CUSTOMER_LOGINRECORD (LOGIN_ID,LOGIN_DATE,CUS_ID) values ('LOGIN_5527936486634',to_date('24/04/13','RR/MM/DD'),'CUS024');
Insert into CM.CUSTOMER_LOGINRECORD (LOGIN_ID,LOGIN_DATE,CUS_ID) values ('LOGIN_8797071548105',to_date('21/02/12','RR/MM/DD'),'CUS024');
Insert into CM.CUSTOMER_LOGINRECORD (LOGIN_ID,LOGIN_DATE,CUS_ID) values ('LOGIN_8989529203361',to_date('22/06/21','RR/MM/DD'),'CUS024');
Insert into CM.CUSTOMER_LOGINRECORD (LOGIN_ID,LOGIN_DATE,CUS_ID) values ('LOGIN_4432609003277',to_date('22/03/30','RR/MM/DD'),'CUS025');
Insert into CM.CUSTOMER_LOGINRECORD (LOGIN_ID,LOGIN_DATE,CUS_ID) values ('LOGIN_2739639593653',to_date('22/05/20','RR/MM/DD'),'CUS025');
Insert into CM.CUSTOMER_LOGINRECORD (LOGIN_ID,LOGIN_DATE,CUS_ID) values ('LOGIN_5227965829515',to_date('21/03/11','RR/MM/DD'),'CUS026');
Insert into CM.CUSTOMER_LOGINRECORD (LOGIN_ID,LOGIN_DATE,CUS_ID) values ('LOGIN_4984666952282',to_date('22/06/17','RR/MM/DD'),'CUS026');
Insert into CM.CUSTOMER_LOGINRECORD (LOGIN_ID,LOGIN_DATE,CUS_ID) values ('LOGIN_7889696110202',to_date('20/04/21','RR/MM/DD'),'CUS027');
Insert into CM.CUSTOMER_LOGINRECORD (LOGIN_ID,LOGIN_DATE,CUS_ID) values ('LOGIN_7936190642510',to_date('21/01/25','RR/MM/DD'),'CUS027');
Insert into CM.CUSTOMER_LOGINRECORD (LOGIN_ID,LOGIN_DATE,CUS_ID) values ('LOGIN_6234942683597',to_date('20/02/19','RR/MM/DD'),'CUS027');
Insert into CM.CUSTOMER_LOGINRECORD (LOGIN_ID,LOGIN_DATE,CUS_ID) values ('LOGIN_5220968437155',to_date('20/01/06','RR/MM/DD'),'CUS028');
Insert into CM.CUSTOMER_LOGINRECORD (LOGIN_ID,LOGIN_DATE,CUS_ID) values ('LOGIN_7078616979534',to_date('23/12/01','RR/MM/DD'),'CUS028');
Insert into CM.CUSTOMER_LOGINRECORD (LOGIN_ID,LOGIN_DATE,CUS_ID) values ('LOGIN_8786135298510',to_date('24/12/10','RR/MM/DD'),'CUS029');
Insert into CM.CUSTOMER_LOGINRECORD (LOGIN_ID,LOGIN_DATE,CUS_ID) values ('LOGIN_5725582224591',to_date('19/02/28','RR/MM/DD'),'CUS029');
Insert into CM.CUSTOMER_LOGINRECORD (LOGIN_ID,LOGIN_DATE,CUS_ID) values ('LOGIN_5817730745582',to_date('20/06/20','RR/MM/DD'),'CUS029');
Insert into CM.CUSTOMER_LOGINRECORD (LOGIN_ID,LOGIN_DATE,CUS_ID) values ('LOGIN_6859077411358',to_date('24/06/18','RR/MM/DD'),'CUS030');
Insert into CM.CUSTOMER_LOGINRECORD (LOGIN_ID,LOGIN_DATE,CUS_ID) values ('LOGIN_8700474908511',to_date('20/03/08','RR/MM/DD'),'CUS031');
Insert into CM.CUSTOMER_LOGINRECORD (LOGIN_ID,LOGIN_DATE,CUS_ID) values ('LOGIN_8320718850946',to_date('22/10/15','RR/MM/DD'),'CUS032');
Insert into CM.CUSTOMER_LOGINRECORD (LOGIN_ID,LOGIN_DATE,CUS_ID) values ('LOGIN_2484901423816',to_date('20/01/25','RR/MM/DD'),'CUS033');
Insert into CM.CUSTOMER_LOGINRECORD (LOGIN_ID,LOGIN_DATE,CUS_ID) values ('LOGIN_6706854072738',to_date('24/06/02','RR/MM/DD'),'CUS034');
Insert into CM.CUSTOMER_LOGINRECORD (LOGIN_ID,LOGIN_DATE,CUS_ID) values ('LOGIN_2618902021446',to_date('22/01/03','RR/MM/DD'),'CUS035');
Insert into CM.CUSTOMER_LOGINRECORD (LOGIN_ID,LOGIN_DATE,CUS_ID) values ('LOGIN_5944981909984',to_date('20/02/21','RR/MM/DD'),'CUS035');
Insert into CM.CUSTOMER_LOGINRECORD (LOGIN_ID,LOGIN_DATE,CUS_ID) values ('LOGIN_4021877557871',to_date('21/12/28','RR/MM/DD'),'CUS035');
Insert into CM.CUSTOMER_LOGINRECORD (LOGIN_ID,LOGIN_DATE,CUS_ID) values ('LOGIN_6937045056952',to_date('23/09/12','RR/MM/DD'),'CUS036');
Insert into CM.CUSTOMER_LOGINRECORD (LOGIN_ID,LOGIN_DATE,CUS_ID) values ('LOGIN_7655816517708',to_date('20/09/02','RR/MM/DD'),'CUS037');
Insert into CM.CUSTOMER_LOGINRECORD (LOGIN_ID,LOGIN_DATE,CUS_ID) values ('LOGIN_4733821319728',to_date('20/03/06','RR/MM/DD'),'CUS037');
Insert into CM.CUSTOMER_LOGINRECORD (LOGIN_ID,LOGIN_DATE,CUS_ID) values ('LOGIN_4346475218209',to_date('22/09/26','RR/MM/DD'),'CUS037');
Insert into CM.CUSTOMER_LOGINRECORD (LOGIN_ID,LOGIN_DATE,CUS_ID) values ('LOGIN_6109995685353',to_date('21/09/05','RR/MM/DD'),'CUS038');
Insert into CM.CUSTOMER_LOGINRECORD (LOGIN_ID,LOGIN_DATE,CUS_ID) values ('LOGIN_2409573038386',to_date('19/05/30','RR/MM/DD'),'CUS038');
Insert into CM.CUSTOMER_LOGINRECORD (LOGIN_ID,LOGIN_DATE,CUS_ID) values ('LOGIN_8782486415848',to_date('22/12/23','RR/MM/DD'),'CUS039');
Insert into CM.CUSTOMER_LOGINRECORD (LOGIN_ID,LOGIN_DATE,CUS_ID) values ('LOGIN_4567641036908',to_date('20/12/24','RR/MM/DD'),'CUS039');
Insert into CM.CUSTOMER_LOGINRECORD (LOGIN_ID,LOGIN_DATE,CUS_ID) values ('LOGIN_9444757013190',to_date('22/03/07','RR/MM/DD'),'CUS039');
Insert into CM.CUSTOMER_LOGINRECORD (LOGIN_ID,LOGIN_DATE,CUS_ID) values ('LOGIN_6286684719121',to_date('24/01/30','RR/MM/DD'),'CUS040');
Insert into CM.CUSTOMER_LOGINRECORD (LOGIN_ID,LOGIN_DATE,CUS_ID) values ('LOGIN_4656330422630',to_date('20/02/01','RR/MM/DD'),'CUS040');
Insert into CM.CUSTOMER_LOGINRECORD (LOGIN_ID,LOGIN_DATE,CUS_ID) values ('LOGIN_4542742923719',to_date('22/07/31','RR/MM/DD'),'CUS041');
Insert into CM.CUSTOMER_LOGINRECORD (LOGIN_ID,LOGIN_DATE,CUS_ID) values ('LOGIN_3932762181816',to_date('21/06/28','RR/MM/DD'),'CUS042');
Insert into CM.CUSTOMER_LOGINRECORD (LOGIN_ID,LOGIN_DATE,CUS_ID) values ('LOGIN_9043945302122',to_date('23/06/02','RR/MM/DD'),'CUS042');
Insert into CM.CUSTOMER_LOGINRECORD (LOGIN_ID,LOGIN_DATE,CUS_ID) values ('LOGIN_6062968096442',to_date('23/04/20','RR/MM/DD'),'CUS042');
Insert into CM.CUSTOMER_LOGINRECORD (LOGIN_ID,LOGIN_DATE,CUS_ID) values ('LOGIN_7855264586317',to_date('21/12/27','RR/MM/DD'),'CUS043');
Insert into CM.CUSTOMER_LOGINRECORD (LOGIN_ID,LOGIN_DATE,CUS_ID) values ('LOGIN_9113603745455',to_date('20/01/14','RR/MM/DD'),'CUS043');
Insert into CM.CUSTOMER_LOGINRECORD (LOGIN_ID,LOGIN_DATE,CUS_ID) values ('LOGIN_5934221593006',to_date('22/11/29','RR/MM/DD'),'CUS043');
Insert into CM.CUSTOMER_LOGINRECORD (LOGIN_ID,LOGIN_DATE,CUS_ID) values ('LOGIN_2551581619675',to_date('19/07/09','RR/MM/DD'),'CUS044');
Insert into CM.CUSTOMER_LOGINRECORD (LOGIN_ID,LOGIN_DATE,CUS_ID) values ('LOGIN_6652287912631',to_date('21/10/26','RR/MM/DD'),'CUS045');
Insert into CM.CUSTOMER_LOGINRECORD (LOGIN_ID,LOGIN_DATE,CUS_ID) values ('LOGIN_6949339464298',to_date('22/01/12','RR/MM/DD'),'CUS045');
Insert into CM.CUSTOMER_LOGINRECORD (LOGIN_ID,LOGIN_DATE,CUS_ID) values ('LOGIN_9610669200691',to_date('23/12/21','RR/MM/DD'),'CUS045');
Insert into CM.CUSTOMER_LOGINRECORD (LOGIN_ID,LOGIN_DATE,CUS_ID) values ('LOGIN_3950586566366',to_date('22/04/05','RR/MM/DD'),'CUS046');
Insert into CM.CUSTOMER_LOGINRECORD (LOGIN_ID,LOGIN_DATE,CUS_ID) values ('LOGIN_7428097238786',to_date('23/05/23','RR/MM/DD'),'CUS046');
Insert into CM.CUSTOMER_LOGINRECORD (LOGIN_ID,LOGIN_DATE,CUS_ID) values ('LOGIN_5366536696146',to_date('22/05/19','RR/MM/DD'),'CUS047');
Insert into CM.CUSTOMER_LOGINRECORD (LOGIN_ID,LOGIN_DATE,CUS_ID) values ('LOGIN_4310834596523',to_date('22/05/10','RR/MM/DD'),'CUS047');
Insert into CM.CUSTOMER_LOGINRECORD (LOGIN_ID,LOGIN_DATE,CUS_ID) values ('LOGIN_6318849685011',to_date('19/01/04','RR/MM/DD'),'CUS048');
Insert into CM.CUSTOMER_LOGINRECORD (LOGIN_ID,LOGIN_DATE,CUS_ID) values ('LOGIN_8324591919668',to_date('22/11/23','RR/MM/DD'),'CUS048');
Insert into CM.CUSTOMER_LOGINRECORD (LOGIN_ID,LOGIN_DATE,CUS_ID) values ('LOGIN_3904239016038',to_date('19/10/28','RR/MM/DD'),'CUS049');
Insert into CM.CUSTOMER_LOGINRECORD (LOGIN_ID,LOGIN_DATE,CUS_ID) values ('LOGIN_9157386116081',to_date('24/07/07','RR/MM/DD'),'CUS050');
Insert into CM.CUSTOMER_LOGINRECORD (LOGIN_ID,LOGIN_DATE,CUS_ID) values ('LOGIN_7952868297260',to_date('22/11/08','RR/MM/DD'),'CUS051');
Insert into CM.CUSTOMER_LOGINRECORD (LOGIN_ID,LOGIN_DATE,CUS_ID) values ('LOGIN_5786792539954',to_date('22/04/26','RR/MM/DD'),'CUS052');
Insert into CM.CUSTOMER_LOGINRECORD (LOGIN_ID,LOGIN_DATE,CUS_ID) values ('LOGIN_5688002372100',to_date('22/08/04','RR/MM/DD'),'CUS053');
Insert into CM.CUSTOMER_LOGINRECORD (LOGIN_ID,LOGIN_DATE,CUS_ID) values ('LOGIN_9592672048790',to_date('21/03/30','RR/MM/DD'),'CUS054');
Insert into CM.CUSTOMER_LOGINRECORD (LOGIN_ID,LOGIN_DATE,CUS_ID) values ('LOGIN_8345575350608',to_date('20/09/23','RR/MM/DD'),'CUS054');
Insert into CM.CUSTOMER_LOGINRECORD (LOGIN_ID,LOGIN_DATE,CUS_ID) values ('LOGIN_8344417879046',to_date('22/12/15','RR/MM/DD'),'CUS054');
Insert into CM.CUSTOMER_LOGINRECORD (LOGIN_ID,LOGIN_DATE,CUS_ID) values ('LOGIN_8910189125495',to_date('20/04/13','RR/MM/DD'),'CUS055');
Insert into CM.CUSTOMER_LOGINRECORD (LOGIN_ID,LOGIN_DATE,CUS_ID) values ('LOGIN_9083595666645',to_date('22/09/28','RR/MM/DD'),'CUS055');
Insert into CM.CUSTOMER_LOGINRECORD (LOGIN_ID,LOGIN_DATE,CUS_ID) values ('LOGIN_3846940425709',to_date('20/12/21','RR/MM/DD'),'CUS056');
Insert into CM.CUSTOMER_LOGINRECORD (LOGIN_ID,LOGIN_DATE,CUS_ID) values ('LOGIN_1396811695898',to_date('24/12/04','RR/MM/DD'),'CUS057');
Insert into CM.CUSTOMER_LOGINRECORD (LOGIN_ID,LOGIN_DATE,CUS_ID) values ('LOGIN_1968879475384',to_date('20/09/10','RR/MM/DD'),'CUS057');
Insert into CM.CUSTOMER_LOGINRECORD (LOGIN_ID,LOGIN_DATE,CUS_ID) values ('LOGIN_4563762487250',to_date('22/08/20','RR/MM/DD'),'CUS058');
Insert into CM.CUSTOMER_LOGINRECORD (LOGIN_ID,LOGIN_DATE,CUS_ID) values ('LOGIN_9872770935894',to_date('25/01/01','RR/MM/DD'),'CUS058');
Insert into CM.CUSTOMER_LOGINRECORD (LOGIN_ID,LOGIN_DATE,CUS_ID) values ('LOGIN_8560272267067',to_date('24/09/24','RR/MM/DD'),'CUS059');
Insert into CM.CUSTOMER_LOGINRECORD (LOGIN_ID,LOGIN_DATE,CUS_ID) values ('LOGIN_6809059896564',to_date('19/09/10','RR/MM/DD'),'CUS059');
Insert into CM.CUSTOMER_LOGINRECORD (LOGIN_ID,LOGIN_DATE,CUS_ID) values ('LOGIN_8825717439178',to_date('20/04/25','RR/MM/DD'),'CUS060');
Insert into CM.CUSTOMER_LOGINRECORD (LOGIN_ID,LOGIN_DATE,CUS_ID) values ('LOGIN_2936350460268',to_date('22/04/20','RR/MM/DD'),'CUS060');
Insert into CM.CUSTOMER_LOGINRECORD (LOGIN_ID,LOGIN_DATE,CUS_ID) values ('LOGIN_4563570595487',to_date('23/07/27','RR/MM/DD'),'CUS061');
Insert into CM.CUSTOMER_LOGINRECORD (LOGIN_ID,LOGIN_DATE,CUS_ID) values ('LOGIN_7245044653402',to_date('23/12/26','RR/MM/DD'),'CUS061');
Insert into CM.CUSTOMER_LOGINRECORD (LOGIN_ID,LOGIN_DATE,CUS_ID) values ('LOGIN_3206146608166',to_date('22/10/05','RR/MM/DD'),'CUS061');
Insert into CM.CUSTOMER_LOGINRECORD (LOGIN_ID,LOGIN_DATE,CUS_ID) values ('LOGIN_1218820368626',to_date('22/04/18','RR/MM/DD'),'CUS062');
Insert into CM.CUSTOMER_LOGINRECORD (LOGIN_ID,LOGIN_DATE,CUS_ID) values ('LOGIN_9737322080985',to_date('25/01/03','RR/MM/DD'),'CUS062');
Insert into CM.CUSTOMER_LOGINRECORD (LOGIN_ID,LOGIN_DATE,CUS_ID) values ('LOGIN_6813570349569',to_date('21/09/10','RR/MM/DD'),'CUS063');
Insert into CM.CUSTOMER_LOGINRECORD (LOGIN_ID,LOGIN_DATE,CUS_ID) values ('LOGIN_8421854898150',to_date('19/06/05','RR/MM/DD'),'CUS063');
Insert into CM.CUSTOMER_LOGINRECORD (LOGIN_ID,LOGIN_DATE,CUS_ID) values ('LOGIN_2362804945961',to_date('20/10/15','RR/MM/DD'),'CUS063');
Insert into CM.CUSTOMER_LOGINRECORD (LOGIN_ID,LOGIN_DATE,CUS_ID) values ('LOGIN_7487266525644',to_date('22/07/17','RR/MM/DD'),'CUS064');
Insert into CM.CUSTOMER_LOGINRECORD (LOGIN_ID,LOGIN_DATE,CUS_ID) values ('LOGIN_6946651594803',to_date('24/02/21','RR/MM/DD'),'CUS064');
Insert into CM.CUSTOMER_LOGINRECORD (LOGIN_ID,LOGIN_DATE,CUS_ID) values ('LOGIN_3739087926641',to_date('20/01/21','RR/MM/DD'),'CUS064');
Insert into CM.CUSTOMER_LOGINRECORD (LOGIN_ID,LOGIN_DATE,CUS_ID) values ('LOGIN_4973906823397',to_date('24/02/13','RR/MM/DD'),'CUS065');
Insert into CM.CUSTOMER_LOGINRECORD (LOGIN_ID,LOGIN_DATE,CUS_ID) values ('LOGIN_8854957537282',to_date('22/06/20','RR/MM/DD'),'CUS065');
Insert into CM.CUSTOMER_LOGINRECORD (LOGIN_ID,LOGIN_DATE,CUS_ID) values ('LOGIN_1146580508377',to_date('20/01/17','RR/MM/DD'),'CUS066');
Insert into CM.CUSTOMER_LOGINRECORD (LOGIN_ID,LOGIN_DATE,CUS_ID) values ('LOGIN_2170583113994',to_date('22/08/23','RR/MM/DD'),'CUS066');
Insert into CM.CUSTOMER_LOGINRECORD (LOGIN_ID,LOGIN_DATE,CUS_ID) values ('LOGIN_4666748622567',to_date('24/05/14','RR/MM/DD'),'CUS067');
Insert into CM.CUSTOMER_LOGINRECORD (LOGIN_ID,LOGIN_DATE,CUS_ID) values ('LOGIN_7486166889690',to_date('25/01/17','RR/MM/DD'),'CUS067');
Insert into CM.CUSTOMER_LOGINRECORD (LOGIN_ID,LOGIN_DATE,CUS_ID) values ('LOGIN_6109112534683',to_date('24/03/27','RR/MM/DD'),'CUS068');
Insert into CM.CUSTOMER_LOGINRECORD (LOGIN_ID,LOGIN_DATE,CUS_ID) values ('LOGIN_3963680300236',to_date('23/04/08','RR/MM/DD'),'CUS069');
Insert into CM.CUSTOMER_LOGINRECORD (LOGIN_ID,LOGIN_DATE,CUS_ID) values ('LOGIN_9761046640762',to_date('19/03/18','RR/MM/DD'),'CUS070');
Insert into CM.CUSTOMER_LOGINRECORD (LOGIN_ID,LOGIN_DATE,CUS_ID) values ('LOGIN_9102835125501',to_date('22/03/21','RR/MM/DD'),'CUS071');
Insert into CM.CUSTOMER_LOGINRECORD (LOGIN_ID,LOGIN_DATE,CUS_ID) values ('LOGIN_6977781751314',to_date('19/05/09','RR/MM/DD'),'CUS072');
Insert into CM.CUSTOMER_LOGINRECORD (LOGIN_ID,LOGIN_DATE,CUS_ID) values ('LOGIN_3460427601178',to_date('19/11/05','RR/MM/DD'),'CUS072');
Insert into CM.CUSTOMER_LOGINRECORD (LOGIN_ID,LOGIN_DATE,CUS_ID) values ('LOGIN_5670832448592',to_date('19/09/20','RR/MM/DD'),'CUS073');
Insert into CM.CUSTOMER_LOGINRECORD (LOGIN_ID,LOGIN_DATE,CUS_ID) values ('LOGIN_7180124964535',to_date('20/05/25','RR/MM/DD'),'CUS073');
Insert into CM.CUSTOMER_LOGINRECORD (LOGIN_ID,LOGIN_DATE,CUS_ID) values ('LOGIN_7287447658794',to_date('20/08/14','RR/MM/DD'),'CUS073');
Insert into CM.CUSTOMER_LOGINRECORD (LOGIN_ID,LOGIN_DATE,CUS_ID) values ('LOGIN_5227303787090',to_date('21/04/02','RR/MM/DD'),'CUS074');
Insert into CM.CUSTOMER_LOGINRECORD (LOGIN_ID,LOGIN_DATE,CUS_ID) values ('LOGIN_6928541281495',to_date('23/12/18','RR/MM/DD'),'CUS074');
Insert into CM.CUSTOMER_LOGINRECORD (LOGIN_ID,LOGIN_DATE,CUS_ID) values ('LOGIN_8412510165717',to_date('21/03/07','RR/MM/DD'),'CUS074');
Insert into CM.CUSTOMER_LOGINRECORD (LOGIN_ID,LOGIN_DATE,CUS_ID) values ('LOGIN_6977127844811',to_date('21/09/06','RR/MM/DD'),'CUS075');
Insert into CM.CUSTOMER_LOGINRECORD (LOGIN_ID,LOGIN_DATE,CUS_ID) values ('LOGIN_1880030686428',to_date('19/03/13','RR/MM/DD'),'CUS076');
Insert into CM.CUSTOMER_LOGINRECORD (LOGIN_ID,LOGIN_DATE,CUS_ID) values ('LOGIN_7083033879810',to_date('24/05/02','RR/MM/DD'),'CUS076');
Insert into CM.CUSTOMER_LOGINRECORD (LOGIN_ID,LOGIN_DATE,CUS_ID) values ('LOGIN_9895394250046',to_date('20/10/22','RR/MM/DD'),'CUS076');
Insert into CM.CUSTOMER_LOGINRECORD (LOGIN_ID,LOGIN_DATE,CUS_ID) values ('LOGIN_3033400540483',to_date('23/03/26','RR/MM/DD'),'CUS077');
Insert into CM.CUSTOMER_LOGINRECORD (LOGIN_ID,LOGIN_DATE,CUS_ID) values ('LOGIN_1121860781406',to_date('21/10/11','RR/MM/DD'),'CUS077');
Insert into CM.CUSTOMER_LOGINRECORD (LOGIN_ID,LOGIN_DATE,CUS_ID) values ('LOGIN_3401823508774',to_date('19/04/16','RR/MM/DD'),'CUS078');
Insert into CM.CUSTOMER_LOGINRECORD (LOGIN_ID,LOGIN_DATE,CUS_ID) values ('LOGIN_3535113947209',to_date('21/11/24','RR/MM/DD'),'CUS078');
Insert into CM.CUSTOMER_LOGINRECORD (LOGIN_ID,LOGIN_DATE,CUS_ID) values ('LOGIN_5807104936767',to_date('21/01/07','RR/MM/DD'),'CUS079');
Insert into CM.CUSTOMER_LOGINRECORD (LOGIN_ID,LOGIN_DATE,CUS_ID) values ('LOGIN_7683304700517',to_date('21/09/13','RR/MM/DD'),'CUS079');
Insert into CM.CUSTOMER_LOGINRECORD (LOGIN_ID,LOGIN_DATE,CUS_ID) values ('LOGIN_8759843371702',to_date('22/07/24','RR/MM/DD'),'CUS080');
Insert into CM.CUSTOMER_LOGINRECORD (LOGIN_ID,LOGIN_DATE,CUS_ID) values ('LOGIN_7075579375844',to_date('19/04/08','RR/MM/DD'),'CUS080');
Insert into CM.CUSTOMER_LOGINRECORD (LOGIN_ID,LOGIN_DATE,CUS_ID) values ('LOGIN_7801661972586',to_date('20/04/08','RR/MM/DD'),'CUS080');
Insert into CM.CUSTOMER_LOGINRECORD (LOGIN_ID,LOGIN_DATE,CUS_ID) values ('LOGIN_2280983621868',to_date('21/06/19','RR/MM/DD'),'CUS081');
Insert into CM.CUSTOMER_LOGINRECORD (LOGIN_ID,LOGIN_DATE,CUS_ID) values ('LOGIN_8165973603913',to_date('24/11/13','RR/MM/DD'),'CUS082');
Insert into CM.CUSTOMER_LOGINRECORD (LOGIN_ID,LOGIN_DATE,CUS_ID) values ('LOGIN_5609234040804',to_date('24/10/12','RR/MM/DD'),'CUS082');
Insert into CM.CUSTOMER_LOGINRECORD (LOGIN_ID,LOGIN_DATE,CUS_ID) values ('LOGIN_3682388710185',to_date('24/03/22','RR/MM/DD'),'CUS083');
Insert into CM.CUSTOMER_LOGINRECORD (LOGIN_ID,LOGIN_DATE,CUS_ID) values ('LOGIN_2433952332971',to_date('25/01/21','RR/MM/DD'),'CUS083');
Insert into CM.CUSTOMER_LOGINRECORD (LOGIN_ID,LOGIN_DATE,CUS_ID) values ('LOGIN_3460524075162',to_date('20/06/21','RR/MM/DD'),'CUS083');
Insert into CM.CUSTOMER_LOGINRECORD (LOGIN_ID,LOGIN_DATE,CUS_ID) values ('LOGIN_9971299765596',to_date('23/08/19','RR/MM/DD'),'CUS084');
Insert into CM.CUSTOMER_LOGINRECORD (LOGIN_ID,LOGIN_DATE,CUS_ID) values ('LOGIN_3935142827935',to_date('24/08/31','RR/MM/DD'),'CUS084');
Insert into CM.CUSTOMER_LOGINRECORD (LOGIN_ID,LOGIN_DATE,CUS_ID) values ('LOGIN_9971050700373',to_date('20/11/13','RR/MM/DD'),'CUS084');
Insert into CM.CUSTOMER_LOGINRECORD (LOGIN_ID,LOGIN_DATE,CUS_ID) values ('LOGIN_3710386815714',to_date('23/07/31','RR/MM/DD'),'CUS085');
Insert into CM.CUSTOMER_LOGINRECORD (LOGIN_ID,LOGIN_DATE,CUS_ID) values ('LOGIN_4984341072278',to_date('20/02/18','RR/MM/DD'),'CUS085');
Insert into CM.CUSTOMER_LOGINRECORD (LOGIN_ID,LOGIN_DATE,CUS_ID) values ('LOGIN_9325826698170',to_date('21/07/29','RR/MM/DD'),'CUS085');
Insert into CM.CUSTOMER_LOGINRECORD (LOGIN_ID,LOGIN_DATE,CUS_ID) values ('LOGIN_3112007304472',to_date('20/05/16','RR/MM/DD'),'CUS086');
Insert into CM.CUSTOMER_LOGINRECORD (LOGIN_ID,LOGIN_DATE,CUS_ID) values ('LOGIN_8686321436202',to_date('19/08/15','RR/MM/DD'),'CUS087');
Insert into CM.CUSTOMER_LOGINRECORD (LOGIN_ID,LOGIN_DATE,CUS_ID) values ('LOGIN_6721756506967',to_date('20/07/16','RR/MM/DD'),'CUS087');
Insert into CM.CUSTOMER_LOGINRECORD (LOGIN_ID,LOGIN_DATE,CUS_ID) values ('LOGIN_9286004898436',to_date('20/02/06','RR/MM/DD'),'CUS088');
Insert into CM.CUSTOMER_LOGINRECORD (LOGIN_ID,LOGIN_DATE,CUS_ID) values ('LOGIN_4332562843204',to_date('21/11/23','RR/MM/DD'),'CUS088');
Insert into CM.CUSTOMER_LOGINRECORD (LOGIN_ID,LOGIN_DATE,CUS_ID) values ('LOGIN_9664390987266',to_date('19/04/25','RR/MM/DD'),'CUS088');
Insert into CM.CUSTOMER_LOGINRECORD (LOGIN_ID,LOGIN_DATE,CUS_ID) values ('LOGIN_2655764522006',to_date('21/07/13','RR/MM/DD'),'CUS089');
Insert into CM.CUSTOMER_LOGINRECORD (LOGIN_ID,LOGIN_DATE,CUS_ID) values ('LOGIN_6834715748225',to_date('24/06/07','RR/MM/DD'),'CUS090');
Insert into CM.CUSTOMER_LOGINRECORD (LOGIN_ID,LOGIN_DATE,CUS_ID) values ('LOGIN_6063606172772',to_date('19/01/14','RR/MM/DD'),'CUS091');
Insert into CM.CUSTOMER_LOGINRECORD (LOGIN_ID,LOGIN_DATE,CUS_ID) values ('LOGIN_7118967489823',to_date('21/04/06','RR/MM/DD'),'CUS091');
Insert into CM.CUSTOMER_LOGINRECORD (LOGIN_ID,LOGIN_DATE,CUS_ID) values ('LOGIN_9645135044068',to_date('22/01/30','RR/MM/DD'),'CUS091');
Insert into CM.CUSTOMER_LOGINRECORD (LOGIN_ID,LOGIN_DATE,CUS_ID) values ('LOGIN_2260348262373',to_date('22/05/01','RR/MM/DD'),'CUS092');
Insert into CM.CUSTOMER_LOGINRECORD (LOGIN_ID,LOGIN_DATE,CUS_ID) values ('LOGIN_9347962031495',to_date('21/01/29','RR/MM/DD'),'CUS093');
Insert into CM.CUSTOMER_LOGINRECORD (LOGIN_ID,LOGIN_DATE,CUS_ID) values ('LOGIN_5589343608541',to_date('22/12/16','RR/MM/DD'),'CUS093');
Insert into CM.CUSTOMER_LOGINRECORD (LOGIN_ID,LOGIN_DATE,CUS_ID) values ('LOGIN_1303288875367',to_date('24/10/09','RR/MM/DD'),'CUS094');
Insert into CM.CUSTOMER_LOGINRECORD (LOGIN_ID,LOGIN_DATE,CUS_ID) values ('LOGIN_1394746053584',to_date('24/05/04','RR/MM/DD'),'CUS094');
Insert into CM.CUSTOMER_LOGINRECORD (LOGIN_ID,LOGIN_DATE,CUS_ID) values ('LOGIN_2765179253289',to_date('23/05/17','RR/MM/DD'),'CUS095');
Insert into CM.CUSTOMER_LOGINRECORD (LOGIN_ID,LOGIN_DATE,CUS_ID) values ('LOGIN_7494885658166',to_date('19/11/22','RR/MM/DD'),'CUS096');
Insert into CM.CUSTOMER_LOGINRECORD (LOGIN_ID,LOGIN_DATE,CUS_ID) values ('LOGIN_5971224071644',to_date('24/07/31','RR/MM/DD'),'CUS096');
Insert into CM.CUSTOMER_LOGINRECORD (LOGIN_ID,LOGIN_DATE,CUS_ID) values ('LOGIN_4925498606762',to_date('23/08/02','RR/MM/DD'),'CUS097');
Insert into CM.CUSTOMER_LOGINRECORD (LOGIN_ID,LOGIN_DATE,CUS_ID) values ('LOGIN_4614078935853',to_date('23/11/06','RR/MM/DD'),'CUS098');
Insert into CM.CUSTOMER_LOGINRECORD (LOGIN_ID,LOGIN_DATE,CUS_ID) values ('LOGIN_9948676457511',to_date('25/01/22','RR/MM/DD'),'CUS098');
Insert into CM.CUSTOMER_LOGINRECORD (LOGIN_ID,LOGIN_DATE,CUS_ID) values ('LOGIN_5168277493219',to_date('23/09/22','RR/MM/DD'),'CUS099');
Insert into CM.CUSTOMER_LOGINRECORD (LOGIN_ID,LOGIN_DATE,CUS_ID) values ('LOGIN_1550865610991',to_date('20/09/02','RR/MM/DD'),'CUS100');
Insert into CM.CUSTOMER_LOGINRECORD (LOGIN_ID,LOGIN_DATE,CUS_ID) values ('LOGIN_3321935044272',to_date('21/12/09','RR/MM/DD'),'CUS100');
Insert into CM.CUSTOMER_LOGINRECORD (LOGIN_ID,LOGIN_DATE,CUS_ID) values ('LOGIN_3076765896696',to_date('21/05/18','RR/MM/DD'),'CUS100');
Insert into CM.CUSTOMER_LOGINRECORD (LOGIN_ID,LOGIN_DATE,CUS_ID) values ('LOGIN_1285791715658',to_date('24/12/26','RR/MM/DD'),'CUS101');
Insert into CM.CUSTOMER_LOGINRECORD (LOGIN_ID,LOGIN_DATE,CUS_ID) values ('LOGIN_8934212446154',to_date('19/04/20','RR/MM/DD'),'CUS101');
Insert into CM.CUSTOMER_LOGINRECORD (LOGIN_ID,LOGIN_DATE,CUS_ID) values ('LOGIN_3553536775165',to_date('24/10/04','RR/MM/DD'),'CUS101');
Insert into CM.CUSTOMER_LOGINRECORD (LOGIN_ID,LOGIN_DATE,CUS_ID) values ('LOGIN_6383952176335',to_date('23/07/21','RR/MM/DD'),'CUS102');
Insert into CM.CUSTOMER_LOGINRECORD (LOGIN_ID,LOGIN_DATE,CUS_ID) values ('LOGIN_6192060152319',to_date('22/10/26','RR/MM/DD'),'CUS103');
Insert into CM.CUSTOMER_LOGINRECORD (LOGIN_ID,LOGIN_DATE,CUS_ID) values ('LOGIN_2815543859355',to_date('23/01/13','RR/MM/DD'),'CUS104');
Insert into CM.CUSTOMER_LOGINRECORD (LOGIN_ID,LOGIN_DATE,CUS_ID) values ('LOGIN_5451874686652',to_date('22/11/08','RR/MM/DD'),'CUS105');
Insert into CM.CUSTOMER_LOGINRECORD (LOGIN_ID,LOGIN_DATE,CUS_ID) values ('LOGIN_5421554264830',to_date('20/06/04','RR/MM/DD'),'CUS105');
Insert into CM.CUSTOMER_LOGINRECORD (LOGIN_ID,LOGIN_DATE,CUS_ID) values ('LOGIN_6893061145887',to_date('19/02/02','RR/MM/DD'),'CUS106');
Insert into CM.CUSTOMER_LOGINRECORD (LOGIN_ID,LOGIN_DATE,CUS_ID) values ('LOGIN_3282504770256',to_date('23/09/14','RR/MM/DD'),'CUS107');
Insert into CM.CUSTOMER_LOGINRECORD (LOGIN_ID,LOGIN_DATE,CUS_ID) values ('LOGIN_4189141433437',to_date('23/08/26','RR/MM/DD'),'CUS107');
Insert into CM.CUSTOMER_LOGINRECORD (LOGIN_ID,LOGIN_DATE,CUS_ID) values ('LOGIN_8571531570558',to_date('21/07/27','RR/MM/DD'),'CUS107');
Insert into CM.CUSTOMER_LOGINRECORD (LOGIN_ID,LOGIN_DATE,CUS_ID) values ('LOGIN_4374606351596',to_date('24/01/21','RR/MM/DD'),'CUS108');
Insert into CM.CUSTOMER_LOGINRECORD (LOGIN_ID,LOGIN_DATE,CUS_ID) values ('LOGIN_2628585115133',to_date('19/10/25','RR/MM/DD'),'CUS108');
Insert into CM.CUSTOMER_LOGINRECORD (LOGIN_ID,LOGIN_DATE,CUS_ID) values ('LOGIN_5227412736288',to_date('24/10/09','RR/MM/DD'),'CUS108');
Insert into CM.CUSTOMER_LOGINRECORD (LOGIN_ID,LOGIN_DATE,CUS_ID) values ('LOGIN_4318176453239',to_date('19/12/02','RR/MM/DD'),'CUS109');
Insert into CM.CUSTOMER_LOGINRECORD (LOGIN_ID,LOGIN_DATE,CUS_ID) values ('LOGIN_7456343149932',to_date('24/12/31','RR/MM/DD'),'CUS109');
Insert into CM.CUSTOMER_LOGINRECORD (LOGIN_ID,LOGIN_DATE,CUS_ID) values ('LOGIN_6283750893201',to_date('23/09/11','RR/MM/DD'),'CUS109');
Insert into CM.CUSTOMER_LOGINRECORD (LOGIN_ID,LOGIN_DATE,CUS_ID) values ('LOGIN_4488930442148',to_date('24/04/17','RR/MM/DD'),'CUS110');
Insert into CM.CUSTOMER_LOGINRECORD (LOGIN_ID,LOGIN_DATE,CUS_ID) values ('LOGIN_9467444454627',to_date('19/05/10','RR/MM/DD'),'CUS110');
Insert into CM.CUSTOMER_LOGINRECORD (LOGIN_ID,LOGIN_DATE,CUS_ID) values ('LOGIN_7800037159176',to_date('24/06/20','RR/MM/DD'),'CUS110');
Insert into CM.CUSTOMER_LOGINRECORD (LOGIN_ID,LOGIN_DATE,CUS_ID) values ('LOGIN_1851976708340',to_date('23/01/03','RR/MM/DD'),'CUS111');
Insert into CM.CUSTOMER_LOGINRECORD (LOGIN_ID,LOGIN_DATE,CUS_ID) values ('LOGIN_6069451288970',to_date('24/10/13','RR/MM/DD'),'CUS111');
Insert into CM.CUSTOMER_LOGINRECORD (LOGIN_ID,LOGIN_DATE,CUS_ID) values ('LOGIN_5367169497618',to_date('23/04/12','RR/MM/DD'),'CUS112');
Insert into CM.CUSTOMER_LOGINRECORD (LOGIN_ID,LOGIN_DATE,CUS_ID) values ('LOGIN_6697068490011',to_date('20/05/31','RR/MM/DD'),'CUS113');
Insert into CM.CUSTOMER_LOGINRECORD (LOGIN_ID,LOGIN_DATE,CUS_ID) values ('LOGIN_3778671830251',to_date('21/07/03','RR/MM/DD'),'CUS113');
Insert into CM.CUSTOMER_LOGINRECORD (LOGIN_ID,LOGIN_DATE,CUS_ID) values ('LOGIN_6990829270564',to_date('23/04/06','RR/MM/DD'),'CUS114');
Insert into CM.CUSTOMER_LOGINRECORD (LOGIN_ID,LOGIN_DATE,CUS_ID) values ('LOGIN_7408432289476',to_date('20/07/19','RR/MM/DD'),'CUS114');
Insert into CM.CUSTOMER_LOGINRECORD (LOGIN_ID,LOGIN_DATE,CUS_ID) values ('LOGIN_4545901773680',to_date('21/05/16','RR/MM/DD'),'CUS114');
Insert into CM.CUSTOMER_LOGINRECORD (LOGIN_ID,LOGIN_DATE,CUS_ID) values ('LOGIN_7152299399146',to_date('21/03/13','RR/MM/DD'),'CUS115');
Insert into CM.CUSTOMER_LOGINRECORD (LOGIN_ID,LOGIN_DATE,CUS_ID) values ('LOGIN_7451112092732',to_date('23/01/04','RR/MM/DD'),'CUS115');
Insert into CM.CUSTOMER_LOGINRECORD (LOGIN_ID,LOGIN_DATE,CUS_ID) values ('LOGIN_5692432187091',to_date('22/01/06','RR/MM/DD'),'CUS115');
Insert into CM.CUSTOMER_LOGINRECORD (LOGIN_ID,LOGIN_DATE,CUS_ID) values ('LOGIN_4853638208011',to_date('20/08/25','RR/MM/DD'),'CUS116');
Insert into CM.CUSTOMER_LOGINRECORD (LOGIN_ID,LOGIN_DATE,CUS_ID) values ('LOGIN_1869415896418',to_date('20/02/19','RR/MM/DD'),'CUS116');
Insert into CM.CUSTOMER_LOGINRECORD (LOGIN_ID,LOGIN_DATE,CUS_ID) values ('LOGIN_3906049940653',to_date('19/10/18','RR/MM/DD'),'CUS117');
Insert into CM.CUSTOMER_LOGINRECORD (LOGIN_ID,LOGIN_DATE,CUS_ID) values ('LOGIN_6500097619023',to_date('24/02/15','RR/MM/DD'),'CUS117');
Insert into CM.CUSTOMER_LOGINRECORD (LOGIN_ID,LOGIN_DATE,CUS_ID) values ('LOGIN_5013255177698',to_date('24/06/02','RR/MM/DD'),'CUS118');
Insert into CM.CUSTOMER_LOGINRECORD (LOGIN_ID,LOGIN_DATE,CUS_ID) values ('LOGIN_9894575256194',to_date('19/08/14','RR/MM/DD'),'CUS119');
Insert into CM.CUSTOMER_LOGINRECORD (LOGIN_ID,LOGIN_DATE,CUS_ID) values ('LOGIN_6670172694851',to_date('22/02/21','RR/MM/DD'),'CUS119');
Insert into CM.CUSTOMER_LOGINRECORD (LOGIN_ID,LOGIN_DATE,CUS_ID) values ('LOGIN_7771646351997',to_date('23/01/16','RR/MM/DD'),'CUS120');
Insert into CM.CUSTOMER_LOGINRECORD (LOGIN_ID,LOGIN_DATE,CUS_ID) values ('LOGIN_9142504744233',to_date('24/12/18','RR/MM/DD'),'CUS121');
Insert into CM.CUSTOMER_LOGINRECORD (LOGIN_ID,LOGIN_DATE,CUS_ID) values ('LOGIN_7428198093596',to_date('23/03/11','RR/MM/DD'),'CUS122');
Insert into CM.CUSTOMER_LOGINRECORD (LOGIN_ID,LOGIN_DATE,CUS_ID) values ('LOGIN_2676152403259',to_date('19/03/10','RR/MM/DD'),'CUS122');
Insert into CM.CUSTOMER_LOGINRECORD (LOGIN_ID,LOGIN_DATE,CUS_ID) values ('LOGIN_4963310188435',to_date('22/04/05','RR/MM/DD'),'CUS123');
Insert into CM.CUSTOMER_LOGINRECORD (LOGIN_ID,LOGIN_DATE,CUS_ID) values ('LOGIN_2542416412863',to_date('23/02/03','RR/MM/DD'),'CUS123');
Insert into CM.CUSTOMER_LOGINRECORD (LOGIN_ID,LOGIN_DATE,CUS_ID) values ('LOGIN_4545577707444',to_date('23/11/10','RR/MM/DD'),'CUS123');
Insert into CM.CUSTOMER_LOGINRECORD (LOGIN_ID,LOGIN_DATE,CUS_ID) values ('LOGIN_6305750756210',to_date('23/02/18','RR/MM/DD'),'CUS124');
Insert into CM.CUSTOMER_LOGINRECORD (LOGIN_ID,LOGIN_DATE,CUS_ID) values ('LOGIN_2792427675309',to_date('21/05/03','RR/MM/DD'),'CUS124');
Insert into CM.CUSTOMER_LOGINRECORD (LOGIN_ID,LOGIN_DATE,CUS_ID) values ('LOGIN_1397754104956',to_date('21/11/28','RR/MM/DD'),'CUS125');
Insert into CM.CUSTOMER_LOGINRECORD (LOGIN_ID,LOGIN_DATE,CUS_ID) values ('LOGIN_8589316328736',to_date('19/12/13','RR/MM/DD'),'CUS125');
Insert into CM.CUSTOMER_LOGINRECORD (LOGIN_ID,LOGIN_DATE,CUS_ID) values ('LOGIN_1894564430368',to_date('22/11/15','RR/MM/DD'),'CUS125');
Insert into CM.CUSTOMER_LOGINRECORD (LOGIN_ID,LOGIN_DATE,CUS_ID) values ('LOGIN_3036878035890',to_date('22/06/20','RR/MM/DD'),'CUS126');
Insert into CM.CUSTOMER_LOGINRECORD (LOGIN_ID,LOGIN_DATE,CUS_ID) values ('LOGIN_5504657447312',to_date('19/04/18','RR/MM/DD'),'CUS127');
Insert into CM.CUSTOMER_LOGINRECORD (LOGIN_ID,LOGIN_DATE,CUS_ID) values ('LOGIN_5389838485535',to_date('24/11/14','RR/MM/DD'),'CUS127');
Insert into CM.CUSTOMER_LOGINRECORD (LOGIN_ID,LOGIN_DATE,CUS_ID) values ('LOGIN_9836057237190',to_date('25/01/16','RR/MM/DD'),'CUS127');
Insert into CM.CUSTOMER_LOGINRECORD (LOGIN_ID,LOGIN_DATE,CUS_ID) values ('LOGIN_7646656636691',to_date('19/10/03','RR/MM/DD'),'CUS128');
Insert into CM.CUSTOMER_LOGINRECORD (LOGIN_ID,LOGIN_DATE,CUS_ID) values ('LOGIN_1121305838290',to_date('23/04/20','RR/MM/DD'),'CUS128');
Insert into CM.CUSTOMER_LOGINRECORD (LOGIN_ID,LOGIN_DATE,CUS_ID) values ('LOGIN_2085398570594',to_date('21/06/03','RR/MM/DD'),'CUS128');
Insert into CM.CUSTOMER_LOGINRECORD (LOGIN_ID,LOGIN_DATE,CUS_ID) values ('LOGIN_7285703540589',to_date('21/05/31','RR/MM/DD'),'CUS129');
Insert into CM.CUSTOMER_LOGINRECORD (LOGIN_ID,LOGIN_DATE,CUS_ID) values ('LOGIN_8600511123762',to_date('21/07/10','RR/MM/DD'),'CUS130');
Insert into CM.CUSTOMER_LOGINRECORD (LOGIN_ID,LOGIN_DATE,CUS_ID) values ('LOGIN_9077229538106',to_date('19/07/15','RR/MM/DD'),'CUS130');
Insert into CM.CUSTOMER_LOGINRECORD (LOGIN_ID,LOGIN_DATE,CUS_ID) values ('LOGIN_9995872755869',to_date('19/04/30','RR/MM/DD'),'CUS130');
Insert into CM.CUSTOMER_LOGINRECORD (LOGIN_ID,LOGIN_DATE,CUS_ID) values ('LOGIN_4076526474260',to_date('21/04/28','RR/MM/DD'),'CUS131');
Insert into CM.CUSTOMER_LOGINRECORD (LOGIN_ID,LOGIN_DATE,CUS_ID) values ('LOGIN_1129110084175',to_date('23/12/10','RR/MM/DD'),'CUS132');
Insert into CM.CUSTOMER_LOGINRECORD (LOGIN_ID,LOGIN_DATE,CUS_ID) values ('LOGIN_7301911136547',to_date('21/04/30','RR/MM/DD'),'CUS132');
Insert into CM.CUSTOMER_LOGINRECORD (LOGIN_ID,LOGIN_DATE,CUS_ID) values ('LOGIN_8249083800002',to_date('19/08/02','RR/MM/DD'),'CUS132');
Insert into CM.CUSTOMER_LOGINRECORD (LOGIN_ID,LOGIN_DATE,CUS_ID) values ('LOGIN_8999464780777',to_date('22/08/24','RR/MM/DD'),'CUS133');
Insert into CM.CUSTOMER_LOGINRECORD (LOGIN_ID,LOGIN_DATE,CUS_ID) values ('LOGIN_5156005860248',to_date('21/05/06','RR/MM/DD'),'CUS134');
Insert into CM.CUSTOMER_LOGINRECORD (LOGIN_ID,LOGIN_DATE,CUS_ID) values ('LOGIN_6271300391481',to_date('23/09/18','RR/MM/DD'),'CUS134');
Insert into CM.CUSTOMER_LOGINRECORD (LOGIN_ID,LOGIN_DATE,CUS_ID) values ('LOGIN_9703997794086',to_date('24/07/01','RR/MM/DD'),'CUS134');
Insert into CM.CUSTOMER_LOGINRECORD (LOGIN_ID,LOGIN_DATE,CUS_ID) values ('LOGIN_3337374114613',to_date('22/07/22','RR/MM/DD'),'CUS135');
Insert into CM.CUSTOMER_LOGINRECORD (LOGIN_ID,LOGIN_DATE,CUS_ID) values ('LOGIN_4134892531176',to_date('22/02/20','RR/MM/DD'),'CUS135');
Insert into CM.CUSTOMER_LOGINRECORD (LOGIN_ID,LOGIN_DATE,CUS_ID) values ('LOGIN_4453513861238',to_date('23/01/14','RR/MM/DD'),'CUS136');
Insert into CM.CUSTOMER_LOGINRECORD (LOGIN_ID,LOGIN_DATE,CUS_ID) values ('LOGIN_4820055897599',to_date('21/06/20','RR/MM/DD'),'CUS136');
Insert into CM.CUSTOMER_LOGINRECORD (LOGIN_ID,LOGIN_DATE,CUS_ID) values ('LOGIN_6788647856580',to_date('24/09/08','RR/MM/DD'),'CUS137');
Insert into CM.CUSTOMER_LOGINRECORD (LOGIN_ID,LOGIN_DATE,CUS_ID) values ('LOGIN_2370140439600',to_date('20/07/01','RR/MM/DD'),'CUS138');
Insert into CM.CUSTOMER_LOGINRECORD (LOGIN_ID,LOGIN_DATE,CUS_ID) values ('LOGIN_1498737480671',to_date('24/03/04','RR/MM/DD'),'CUS139');
Insert into CM.CUSTOMER_LOGINRECORD (LOGIN_ID,LOGIN_DATE,CUS_ID) values ('LOGIN_9909226090111',to_date('22/11/30','RR/MM/DD'),'CUS139');
Insert into CM.CUSTOMER_LOGINRECORD (LOGIN_ID,LOGIN_DATE,CUS_ID) values ('LOGIN_5941852645207',to_date('20/05/06','RR/MM/DD'),'CUS140');
Insert into CM.CUSTOMER_LOGINRECORD (LOGIN_ID,LOGIN_DATE,CUS_ID) values ('LOGIN_1233289027094',to_date('19/05/08','RR/MM/DD'),'CUS141');
Insert into CM.CUSTOMER_LOGINRECORD (LOGIN_ID,LOGIN_DATE,CUS_ID) values ('LOGIN_7410213813306',to_date('22/09/08','RR/MM/DD'),'CUS141');
Insert into CM.CUSTOMER_LOGINRECORD (LOGIN_ID,LOGIN_DATE,CUS_ID) values ('LOGIN_5520251555789',to_date('21/12/02','RR/MM/DD'),'CUS141');
Insert into CM.CUSTOMER_LOGINRECORD (LOGIN_ID,LOGIN_DATE,CUS_ID) values ('LOGIN_2260706804459',to_date('21/01/19','RR/MM/DD'),'CUS142');
Insert into CM.CUSTOMER_LOGINRECORD (LOGIN_ID,LOGIN_DATE,CUS_ID) values ('LOGIN_4618124724344',to_date('19/11/20','RR/MM/DD'),'CUS142');
Insert into CM.CUSTOMER_LOGINRECORD (LOGIN_ID,LOGIN_DATE,CUS_ID) values ('LOGIN_2310946516574',to_date('19/06/11','RR/MM/DD'),'CUS142');
Insert into CM.CUSTOMER_LOGINRECORD (LOGIN_ID,LOGIN_DATE,CUS_ID) values ('LOGIN_6078304100106',to_date('19/08/03','RR/MM/DD'),'CUS143');
Insert into CM.CUSTOMER_LOGINRECORD (LOGIN_ID,LOGIN_DATE,CUS_ID) values ('LOGIN_2889377233293',to_date('24/01/11','RR/MM/DD'),'CUS144');
Insert into CM.CUSTOMER_LOGINRECORD (LOGIN_ID,LOGIN_DATE,CUS_ID) values ('LOGIN_7744684273029',to_date('19/07/13','RR/MM/DD'),'CUS144');
Insert into CM.CUSTOMER_LOGINRECORD (LOGIN_ID,LOGIN_DATE,CUS_ID) values ('LOGIN_6815317513479',to_date('21/12/28','RR/MM/DD'),'CUS145');
Insert into CM.CUSTOMER_LOGINRECORD (LOGIN_ID,LOGIN_DATE,CUS_ID) values ('LOGIN_1528550666302',to_date('23/01/31','RR/MM/DD'),'CUS145');
Insert into CM.CUSTOMER_LOGINRECORD (LOGIN_ID,LOGIN_DATE,CUS_ID) values ('LOGIN_6140082798288',to_date('20/09/22','RR/MM/DD'),'CUS146');
Insert into CM.CUSTOMER_LOGINRECORD (LOGIN_ID,LOGIN_DATE,CUS_ID) values ('LOGIN_9518933248151',to_date('24/11/26','RR/MM/DD'),'CUS147');
Insert into CM.CUSTOMER_LOGINRECORD (LOGIN_ID,LOGIN_DATE,CUS_ID) values ('LOGIN_7916085211285',to_date('23/12/31','RR/MM/DD'),'CUS148');
Insert into CM.CUSTOMER_LOGINRECORD (LOGIN_ID,LOGIN_DATE,CUS_ID) values ('LOGIN_6961469718608',to_date('24/04/19','RR/MM/DD'),'CUS148');
Insert into CM.CUSTOMER_LOGINRECORD (LOGIN_ID,LOGIN_DATE,CUS_ID) values ('LOGIN_3619882704941',to_date('23/04/10','RR/MM/DD'),'CUS149');
Insert into CM.CUSTOMER_LOGINRECORD (LOGIN_ID,LOGIN_DATE,CUS_ID) values ('LOGIN_4292343720320',to_date('24/07/21','RR/MM/DD'),'CUS149');
Insert into CM.CUSTOMER_LOGINRECORD (LOGIN_ID,LOGIN_DATE,CUS_ID) values ('LOGIN_5221865653749',to_date('21/07/05','RR/MM/DD'),'CUS149');
Insert into CM.CUSTOMER_LOGINRECORD (LOGIN_ID,LOGIN_DATE,CUS_ID) values ('LOGIN_1314976189089',to_date('22/02/26','RR/MM/DD'),'CUS150');
Insert into CM.CUSTOMER_LOGINRECORD (LOGIN_ID,LOGIN_DATE,CUS_ID) values ('LOGIN_5448856392942',to_date('21/05/06','RR/MM/DD'),'CUS150');
Insert into CM.CUSTOMER_LOGINRECORD (LOGIN_ID,LOGIN_DATE,CUS_ID) values ('LOGIN_2320436325519',to_date('24/12/24','RR/MM/DD'),'CUS150');
Insert into CM.CUSTOMER_LOGINRECORD (LOGIN_ID,LOGIN_DATE,CUS_ID) values ('LOGIN_7948513544249',to_date('21/12/08','RR/MM/DD'),'CUS151');
Insert into CM.CUSTOMER_LOGINRECORD (LOGIN_ID,LOGIN_DATE,CUS_ID) values ('LOGIN_9809891934191',to_date('22/08/05','RR/MM/DD'),'CUS151');
Insert into CM.CUSTOMER_LOGINRECORD (LOGIN_ID,LOGIN_DATE,CUS_ID) values ('LOGIN_3908191391664',to_date('22/05/21','RR/MM/DD'),'CUS151');
Insert into CM.CUSTOMER_LOGINRECORD (LOGIN_ID,LOGIN_DATE,CUS_ID) values ('LOGIN_8277999016388',to_date('24/02/13','RR/MM/DD'),'CUS152');
Insert into CM.CUSTOMER_LOGINRECORD (LOGIN_ID,LOGIN_DATE,CUS_ID) values ('LOGIN_7428407576377',to_date('20/09/26','RR/MM/DD'),'CUS152');
Insert into CM.CUSTOMER_LOGINRECORD (LOGIN_ID,LOGIN_DATE,CUS_ID) values ('LOGIN_1664549966042',to_date('23/03/22','RR/MM/DD'),'CUS152');
Insert into CM.CUSTOMER_LOGINRECORD (LOGIN_ID,LOGIN_DATE,CUS_ID) values ('LOGIN_8458179237318',to_date('22/04/25','RR/MM/DD'),'CUS153');
Insert into CM.CUSTOMER_LOGINRECORD (LOGIN_ID,LOGIN_DATE,CUS_ID) values ('LOGIN_6867658311848',to_date('22/09/05','RR/MM/DD'),'CUS153');
Insert into CM.CUSTOMER_LOGINRECORD (LOGIN_ID,LOGIN_DATE,CUS_ID) values ('LOGIN_5231555813064',to_date('19/08/07','RR/MM/DD'),'CUS154');
Insert into CM.CUSTOMER_LOGINRECORD (LOGIN_ID,LOGIN_DATE,CUS_ID) values ('LOGIN_7678316310167',to_date('23/05/10','RR/MM/DD'),'CUS154');
Insert into CM.CUSTOMER_LOGINRECORD (LOGIN_ID,LOGIN_DATE,CUS_ID) values ('LOGIN_1516628326464',to_date('24/05/23','RR/MM/DD'),'CUS155');
Insert into CM.CUSTOMER_LOGINRECORD (LOGIN_ID,LOGIN_DATE,CUS_ID) values ('LOGIN_7494742428389',to_date('24/01/28','RR/MM/DD'),'CUS155');
Insert into CM.CUSTOMER_LOGINRECORD (LOGIN_ID,LOGIN_DATE,CUS_ID) values ('LOGIN_2370466106209',to_date('21/10/13','RR/MM/DD'),'CUS155');
Insert into CM.CUSTOMER_LOGINRECORD (LOGIN_ID,LOGIN_DATE,CUS_ID) values ('LOGIN_2245856990648',to_date('21/04/07','RR/MM/DD'),'CUS156');
Insert into CM.CUSTOMER_LOGINRECORD (LOGIN_ID,LOGIN_DATE,CUS_ID) values ('LOGIN_8494516684662',to_date('23/10/03','RR/MM/DD'),'CUS156');
Insert into CM.CUSTOMER_LOGINRECORD (LOGIN_ID,LOGIN_DATE,CUS_ID) values ('LOGIN_8308335992537',to_date('21/12/11','RR/MM/DD'),'CUS156');
Insert into CM.CUSTOMER_LOGINRECORD (LOGIN_ID,LOGIN_DATE,CUS_ID) values ('LOGIN_9420805097145',to_date('19/03/13','RR/MM/DD'),'CUS157');
Insert into CM.CUSTOMER_LOGINRECORD (LOGIN_ID,LOGIN_DATE,CUS_ID) values ('LOGIN_7661429688659',to_date('24/09/18','RR/MM/DD'),'CUS158');
Insert into CM.CUSTOMER_LOGINRECORD (LOGIN_ID,LOGIN_DATE,CUS_ID) values ('LOGIN_7685954624861',to_date('19/04/12','RR/MM/DD'),'CUS159');
Insert into CM.CUSTOMER_LOGINRECORD (LOGIN_ID,LOGIN_DATE,CUS_ID) values ('LOGIN_6972022130496',to_date('22/10/16','RR/MM/DD'),'CUS160');
Insert into CM.CUSTOMER_LOGINRECORD (LOGIN_ID,LOGIN_DATE,CUS_ID) values ('LOGIN_4514403053817',to_date('24/08/21','RR/MM/DD'),'CUS160');
Insert into CM.CUSTOMER_LOGINRECORD (LOGIN_ID,LOGIN_DATE,CUS_ID) values ('LOGIN_7186285498698',to_date('20/11/03','RR/MM/DD'),'CUS161');
Insert into CM.CUSTOMER_LOGINRECORD (LOGIN_ID,LOGIN_DATE,CUS_ID) values ('LOGIN_7259448107606',to_date('24/03/28','RR/MM/DD'),'CUS161');
Insert into CM.CUSTOMER_LOGINRECORD (LOGIN_ID,LOGIN_DATE,CUS_ID) values ('LOGIN_4444811635173',to_date('22/11/15','RR/MM/DD'),'CUS162');
Insert into CM.CUSTOMER_LOGINRECORD (LOGIN_ID,LOGIN_DATE,CUS_ID) values ('LOGIN_6463925578408',to_date('24/01/22','RR/MM/DD'),'CUS163');
Insert into CM.CUSTOMER_LOGINRECORD (LOGIN_ID,LOGIN_DATE,CUS_ID) values ('LOGIN_6096150877203',to_date('24/10/06','RR/MM/DD'),'CUS163');
Insert into CM.CUSTOMER_LOGINRECORD (LOGIN_ID,LOGIN_DATE,CUS_ID) values ('LOGIN_3811729665398',to_date('23/09/11','RR/MM/DD'),'CUS164');
Insert into CM.CUSTOMER_LOGINRECORD (LOGIN_ID,LOGIN_DATE,CUS_ID) values ('LOGIN_9507219135078',to_date('19/04/04','RR/MM/DD'),'CUS165');
Insert into CM.CUSTOMER_LOGINRECORD (LOGIN_ID,LOGIN_DATE,CUS_ID) values ('LOGIN_8394038383540',to_date('25/01/26','RR/MM/DD'),'CUS165');
Insert into CM.CUSTOMER_LOGINRECORD (LOGIN_ID,LOGIN_DATE,CUS_ID) values ('LOGIN_1709191526909',to_date('21/03/23','RR/MM/DD'),'CUS166');
Insert into CM.CUSTOMER_LOGINRECORD (LOGIN_ID,LOGIN_DATE,CUS_ID) values ('LOGIN_1131808687444',to_date('20/07/05','RR/MM/DD'),'CUS166');
Insert into CM.CUSTOMER_LOGINRECORD (LOGIN_ID,LOGIN_DATE,CUS_ID) values ('LOGIN_8185745288630',to_date('23/05/10','RR/MM/DD'),'CUS166');
Insert into CM.CUSTOMER_LOGINRECORD (LOGIN_ID,LOGIN_DATE,CUS_ID) values ('LOGIN_3648313025718',to_date('22/05/20','RR/MM/DD'),'CUS167');
Insert into CM.CUSTOMER_LOGINRECORD (LOGIN_ID,LOGIN_DATE,CUS_ID) values ('LOGIN_3432045512270',to_date('19/08/09','RR/MM/DD'),'CUS168');
Insert into CM.CUSTOMER_LOGINRECORD (LOGIN_ID,LOGIN_DATE,CUS_ID) values ('LOGIN_9907247587336',to_date('19/10/06','RR/MM/DD'),'CUS168');
Insert into CM.CUSTOMER_LOGINRECORD (LOGIN_ID,LOGIN_DATE,CUS_ID) values ('LOGIN_2540782384478',to_date('19/03/11','RR/MM/DD'),'CUS169');
Insert into CM.CUSTOMER_LOGINRECORD (LOGIN_ID,LOGIN_DATE,CUS_ID) values ('LOGIN_6458945373684',to_date('19/06/12','RR/MM/DD'),'CUS169');
Insert into CM.CUSTOMER_LOGINRECORD (LOGIN_ID,LOGIN_DATE,CUS_ID) values ('LOGIN_9553753347049',to_date('20/09/27','RR/MM/DD'),'CUS169');
Insert into CM.CUSTOMER_LOGINRECORD (LOGIN_ID,LOGIN_DATE,CUS_ID) values ('LOGIN_2981517543441',to_date('19/07/11','RR/MM/DD'),'CUS170');
Insert into CM.CUSTOMER_LOGINRECORD (LOGIN_ID,LOGIN_DATE,CUS_ID) values ('LOGIN_6681411712176',to_date('20/08/14','RR/MM/DD'),'CUS170');
Insert into CM.CUSTOMER_LOGINRECORD (LOGIN_ID,LOGIN_DATE,CUS_ID) values ('LOGIN_6502885458603',to_date('20/12/16','RR/MM/DD'),'CUS171');
Insert into CM.CUSTOMER_LOGINRECORD (LOGIN_ID,LOGIN_DATE,CUS_ID) values ('LOGIN_4389104355542',to_date('19/12/07','RR/MM/DD'),'CUS172');
Insert into CM.CUSTOMER_LOGINRECORD (LOGIN_ID,LOGIN_DATE,CUS_ID) values ('LOGIN_8480776612562',to_date('22/12/17','RR/MM/DD'),'CUS172');
Insert into CM.CUSTOMER_LOGINRECORD (LOGIN_ID,LOGIN_DATE,CUS_ID) values ('LOGIN_4938102288910',to_date('22/01/06','RR/MM/DD'),'CUS172');
Insert into CM.CUSTOMER_LOGINRECORD (LOGIN_ID,LOGIN_DATE,CUS_ID) values ('LOGIN_2457520723013',to_date('22/02/25','RR/MM/DD'),'CUS173');
Insert into CM.CUSTOMER_LOGINRECORD (LOGIN_ID,LOGIN_DATE,CUS_ID) values ('LOGIN_1439515365772',to_date('19/11/23','RR/MM/DD'),'CUS174');
Insert into CM.CUSTOMER_LOGINRECORD (LOGIN_ID,LOGIN_DATE,CUS_ID) values ('LOGIN_9460459633010',to_date('21/12/15','RR/MM/DD'),'CUS174');
Insert into CM.CUSTOMER_LOGINRECORD (LOGIN_ID,LOGIN_DATE,CUS_ID) values ('LOGIN_5778666727374',to_date('22/02/28','RR/MM/DD'),'CUS174');
Insert into CM.CUSTOMER_LOGINRECORD (LOGIN_ID,LOGIN_DATE,CUS_ID) values ('LOGIN_9666785901466',to_date('23/08/18','RR/MM/DD'),'CUS175');
Insert into CM.CUSTOMER_LOGINRECORD (LOGIN_ID,LOGIN_DATE,CUS_ID) values ('LOGIN_6588368899929',to_date('20/04/09','RR/MM/DD'),'CUS175');
Insert into CM.CUSTOMER_LOGINRECORD (LOGIN_ID,LOGIN_DATE,CUS_ID) values ('LOGIN_6505226628906',to_date('24/01/27','RR/MM/DD'),'CUS175');
Insert into CM.CUSTOMER_LOGINRECORD (LOGIN_ID,LOGIN_DATE,CUS_ID) values ('LOGIN_8428072431521',to_date('22/07/12','RR/MM/DD'),'CUS176');
Insert into CM.CUSTOMER_LOGINRECORD (LOGIN_ID,LOGIN_DATE,CUS_ID) values ('LOGIN_1893153479623',to_date('23/10/11','RR/MM/DD'),'CUS176');
Insert into CM.CUSTOMER_LOGINRECORD (LOGIN_ID,LOGIN_DATE,CUS_ID) values ('LOGIN_4511306748083',to_date('22/05/14','RR/MM/DD'),'CUS176');
Insert into CM.CUSTOMER_LOGINRECORD (LOGIN_ID,LOGIN_DATE,CUS_ID) values ('LOGIN_7671853585883',to_date('23/04/18','RR/MM/DD'),'CUS177');
Insert into CM.CUSTOMER_LOGINRECORD (LOGIN_ID,LOGIN_DATE,CUS_ID) values ('LOGIN_4460542536325',to_date('21/03/06','RR/MM/DD'),'CUS177');
Insert into CM.CUSTOMER_LOGINRECORD (LOGIN_ID,LOGIN_DATE,CUS_ID) values ('LOGIN_6504022818782',to_date('22/03/14','RR/MM/DD'),'CUS177');
Insert into CM.CUSTOMER_LOGINRECORD (LOGIN_ID,LOGIN_DATE,CUS_ID) values ('LOGIN_5881305561681',to_date('24/11/17','RR/MM/DD'),'CUS178');
Insert into CM.CUSTOMER_LOGINRECORD (LOGIN_ID,LOGIN_DATE,CUS_ID) values ('LOGIN_1172468291486',to_date('19/12/12','RR/MM/DD'),'CUS178');
Insert into CM.CUSTOMER_LOGINRECORD (LOGIN_ID,LOGIN_DATE,CUS_ID) values ('LOGIN_9054002938074',to_date('24/01/22','RR/MM/DD'),'CUS178');
Insert into CM.CUSTOMER_LOGINRECORD (LOGIN_ID,LOGIN_DATE,CUS_ID) values ('LOGIN_8180406527168',to_date('21/03/12','RR/MM/DD'),'CUS179');
Insert into CM.CUSTOMER_LOGINRECORD (LOGIN_ID,LOGIN_DATE,CUS_ID) values ('LOGIN_2492107509266',to_date('23/11/19','RR/MM/DD'),'CUS179');
Insert into CM.CUSTOMER_LOGINRECORD (LOGIN_ID,LOGIN_DATE,CUS_ID) values ('LOGIN_9604615920016',to_date('21/06/04','RR/MM/DD'),'CUS179');
Insert into CM.CUSTOMER_LOGINRECORD (LOGIN_ID,LOGIN_DATE,CUS_ID) values ('LOGIN_3594783704105',to_date('22/12/25','RR/MM/DD'),'CUS180');
Insert into CM.CUSTOMER_LOGINRECORD (LOGIN_ID,LOGIN_DATE,CUS_ID) values ('LOGIN_4951082623104',to_date('24/02/06','RR/MM/DD'),'CUS181');
REM INSERTING into CM.CUSTOMER_MILEAGE
SET DEFINE OFF;
Insert into CM.CUSTOMER_MILEAGE (MILEAGE_ID,MILEAGE_YN,CHANGE_MIL,REMAIN_MIL,MILEAGE_DATE,ORDER_CODE,CUS_ID) values (1044632365117900,'적립',11800,11800,to_date('25/11/18','RR/MM/DD'),'ORD1763431829169','CUS193');
Insert into CM.CUSTOMER_MILEAGE (MILEAGE_ID,MILEAGE_YN,CHANGE_MIL,REMAIN_MIL,MILEAGE_DATE,ORDER_CODE,CUS_ID) values (208,'관리자추가',1500,3560,to_date('25/11/18','RR/MM/DD'),null,'CUS172');
Insert into CM.CUSTOMER_MILEAGE (MILEAGE_ID,MILEAGE_YN,CHANGE_MIL,REMAIN_MIL,MILEAGE_DATE,ORDER_CODE,CUS_ID) values (209,'관리자회수',-2000,1560,to_date('25/11/18','RR/MM/DD'),null,'CUS172');
Insert into CM.CUSTOMER_MILEAGE (MILEAGE_ID,MILEAGE_YN,CHANGE_MIL,REMAIN_MIL,MILEAGE_DATE,ORDER_CODE,CUS_ID) values (205,'관리자추가',100,null,to_date('25/11/14','RR/MM/DD'),null,'CUS193');
Insert into CM.CUSTOMER_MILEAGE (MILEAGE_ID,MILEAGE_YN,CHANGE_MIL,REMAIN_MIL,MILEAGE_DATE,ORDER_CODE,CUS_ID) values (1,'관리자추가',500,500,to_date('24/03/31','RR/MM/DD'),null,'CUS198');
Insert into CM.CUSTOMER_MILEAGE (MILEAGE_ID,MILEAGE_YN,CHANGE_MIL,REMAIN_MIL,MILEAGE_DATE,ORDER_CODE,CUS_ID) values (2,'적립',10800,10800,to_date('23/12/22','RR/MM/DD'),'ORD123','CUS105');
Insert into CM.CUSTOMER_MILEAGE (MILEAGE_ID,MILEAGE_YN,CHANGE_MIL,REMAIN_MIL,MILEAGE_DATE,ORDER_CODE,CUS_ID) values (3,'관리자감소',-1500,9300,to_date('25/02/10','RR/MM/DD'),null,'CUS105');
Insert into CM.CUSTOMER_MILEAGE (MILEAGE_ID,MILEAGE_YN,CHANGE_MIL,REMAIN_MIL,MILEAGE_DATE,ORDER_CODE,CUS_ID) values (4,'관리자감소',0,0,to_date('25/10/18','RR/MM/DD'),null,'CUS099');
Insert into CM.CUSTOMER_MILEAGE (MILEAGE_ID,MILEAGE_YN,CHANGE_MIL,REMAIN_MIL,MILEAGE_DATE,ORDER_CODE,CUS_ID) values (5,'관리자추가',2000,2000,to_date('21/09/15','RR/MM/DD'),null,'CUS177');
Insert into CM.CUSTOMER_MILEAGE (MILEAGE_ID,MILEAGE_YN,CHANGE_MIL,REMAIN_MIL,MILEAGE_DATE,ORDER_CODE,CUS_ID) values (6,'적립',8040,8540,to_date('22/07/09','RR/MM/DD'),'ORD169','CUS198');
Insert into CM.CUSTOMER_MILEAGE (MILEAGE_ID,MILEAGE_YN,CHANGE_MIL,REMAIN_MIL,MILEAGE_DATE,ORDER_CODE,CUS_ID) values (7,'관리자감소',0,0,to_date('21/07/24','RR/MM/DD'),null,'CUS135');
Insert into CM.CUSTOMER_MILEAGE (MILEAGE_ID,MILEAGE_YN,CHANGE_MIL,REMAIN_MIL,MILEAGE_DATE,ORDER_CODE,CUS_ID) values (8,'관리자추가',3000,3000,to_date('21/06/08','RR/MM/DD'),null,'CUS052');
Insert into CM.CUSTOMER_MILEAGE (MILEAGE_ID,MILEAGE_YN,CHANGE_MIL,REMAIN_MIL,MILEAGE_DATE,ORDER_CODE,CUS_ID) values (9,'관리자추가',3000,3000,to_date('21/07/29','RR/MM/DD'),null,'CUS159');
Insert into CM.CUSTOMER_MILEAGE (MILEAGE_ID,MILEAGE_YN,CHANGE_MIL,REMAIN_MIL,MILEAGE_DATE,ORDER_CODE,CUS_ID) values (10,'관리자감소',0,0,to_date('21/04/02','RR/MM/DD'),null,'CUS195');
Insert into CM.CUSTOMER_MILEAGE (MILEAGE_ID,MILEAGE_YN,CHANGE_MIL,REMAIN_MIL,MILEAGE_DATE,ORDER_CODE,CUS_ID) values (11,'적립',3600,6600,to_date('25/01/08','RR/MM/DD'),'ORD248','CUS052');
Insert into CM.CUSTOMER_MILEAGE (MILEAGE_ID,MILEAGE_YN,CHANGE_MIL,REMAIN_MIL,MILEAGE_DATE,ORDER_CODE,CUS_ID) values (12,'관리자감소',0,0,to_date('20/03/26','RR/MM/DD'),null,'CUS026');
Insert into CM.CUSTOMER_MILEAGE (MILEAGE_ID,MILEAGE_YN,CHANGE_MIL,REMAIN_MIL,MILEAGE_DATE,ORDER_CODE,CUS_ID) values (13,'적립',3000,3000,to_date('24/09/29','RR/MM/DD'),'ORD115','CUS134');
Insert into CM.CUSTOMER_MILEAGE (MILEAGE_ID,MILEAGE_YN,CHANGE_MIL,REMAIN_MIL,MILEAGE_DATE,ORDER_CODE,CUS_ID) values (14,'관리자감소',0,0,to_date('22/11/25','RR/MM/DD'),null,'CUS020');
Insert into CM.CUSTOMER_MILEAGE (MILEAGE_ID,MILEAGE_YN,CHANGE_MIL,REMAIN_MIL,MILEAGE_DATE,ORDER_CODE,CUS_ID) values (15,'관리자추가',1000,1000,to_date('24/03/01','RR/MM/DD'),null,'CUS057');
Insert into CM.CUSTOMER_MILEAGE (MILEAGE_ID,MILEAGE_YN,CHANGE_MIL,REMAIN_MIL,MILEAGE_DATE,ORDER_CODE,CUS_ID) values (16,'관리자감소',0,0,to_date('23/03/26','RR/MM/DD'),null,'CUS083');
Insert into CM.CUSTOMER_MILEAGE (MILEAGE_ID,MILEAGE_YN,CHANGE_MIL,REMAIN_MIL,MILEAGE_DATE,ORDER_CODE,CUS_ID) values (17,'적립',14400,14400,to_date('24/05/08','RR/MM/DD'),'ORD094','CUS033');
Insert into CM.CUSTOMER_MILEAGE (MILEAGE_ID,MILEAGE_YN,CHANGE_MIL,REMAIN_MIL,MILEAGE_DATE,ORDER_CODE,CUS_ID) values (18,'적립',136,136,to_date('23/11/23','RR/MM/DD'),'ORD218','CUS167');
Insert into CM.CUSTOMER_MILEAGE (MILEAGE_ID,MILEAGE_YN,CHANGE_MIL,REMAIN_MIL,MILEAGE_DATE,ORDER_CODE,CUS_ID) values (19,'관리자감소',0,0,to_date('21/09/21','RR/MM/DD'),null,'CUS150');
Insert into CM.CUSTOMER_MILEAGE (MILEAGE_ID,MILEAGE_YN,CHANGE_MIL,REMAIN_MIL,MILEAGE_DATE,ORDER_CODE,CUS_ID) values (20,'적립',3120,3120,to_date('20/09/18','RR/MM/DD'),'ORD170','CUS144');
Insert into CM.CUSTOMER_MILEAGE (MILEAGE_ID,MILEAGE_YN,CHANGE_MIL,REMAIN_MIL,MILEAGE_DATE,ORDER_CODE,CUS_ID) values (21,'관리자추가',3000,3000,to_date('23/03/30','RR/MM/DD'),null,'CUS061');
Insert into CM.CUSTOMER_MILEAGE (MILEAGE_ID,MILEAGE_YN,CHANGE_MIL,REMAIN_MIL,MILEAGE_DATE,ORDER_CODE,CUS_ID) values (22,'적립',9420,9420,to_date('24/05/04','RR/MM/DD'),'ORD040','CUS196');
Insert into CM.CUSTOMER_MILEAGE (MILEAGE_ID,MILEAGE_YN,CHANGE_MIL,REMAIN_MIL,MILEAGE_DATE,ORDER_CODE,CUS_ID) values (23,'적립',65300,65300,to_date('21/07/30','RR/MM/DD'),'ORD283','CUS173');
Insert into CM.CUSTOMER_MILEAGE (MILEAGE_ID,MILEAGE_YN,CHANGE_MIL,REMAIN_MIL,MILEAGE_DATE,ORDER_CODE,CUS_ID) values (24,'관리자추가',500,500,to_date('23/09/19','RR/MM/DD'),null,'CUS051');
Insert into CM.CUSTOMER_MILEAGE (MILEAGE_ID,MILEAGE_YN,CHANGE_MIL,REMAIN_MIL,MILEAGE_DATE,ORDER_CODE,CUS_ID) values (25,'관리자감소',0,0,to_date('22/11/29','RR/MM/DD'),null,'CUS013');
Insert into CM.CUSTOMER_MILEAGE (MILEAGE_ID,MILEAGE_YN,CHANGE_MIL,REMAIN_MIL,MILEAGE_DATE,ORDER_CODE,CUS_ID) values (26,'적립',2260,8860,to_date('25/03/10','RR/MM/DD'),'ORD110','CUS052');
Insert into CM.CUSTOMER_MILEAGE (MILEAGE_ID,MILEAGE_YN,CHANGE_MIL,REMAIN_MIL,MILEAGE_DATE,ORDER_CODE,CUS_ID) values (27,'적립',1620,1620,to_date('22/02/11','RR/MM/DD'),'ORD052','CUS109');
Insert into CM.CUSTOMER_MILEAGE (MILEAGE_ID,MILEAGE_YN,CHANGE_MIL,REMAIN_MIL,MILEAGE_DATE,ORDER_CODE,CUS_ID) values (28,'적립',700,700,to_date('23/11/04','RR/MM/DD'),'ORD157','CUS016');
Insert into CM.CUSTOMER_MILEAGE (MILEAGE_ID,MILEAGE_YN,CHANGE_MIL,REMAIN_MIL,MILEAGE_DATE,ORDER_CODE,CUS_ID) values (29,'관리자감소',0,0,to_date('23/07/06','RR/MM/DD'),null,'CUS090');
Insert into CM.CUSTOMER_MILEAGE (MILEAGE_ID,MILEAGE_YN,CHANGE_MIL,REMAIN_MIL,MILEAGE_DATE,ORDER_CODE,CUS_ID) values (30,'적립',11600,11600,to_date('20/04/03','RR/MM/DD'),'ORD269','CUS097');
Insert into CM.CUSTOMER_MILEAGE (MILEAGE_ID,MILEAGE_YN,CHANGE_MIL,REMAIN_MIL,MILEAGE_DATE,ORDER_CODE,CUS_ID) values (31,'적립',2160,2160,to_date('22/01/28','RR/MM/DD'),'ORD209','CUS088');
Insert into CM.CUSTOMER_MILEAGE (MILEAGE_ID,MILEAGE_YN,CHANGE_MIL,REMAIN_MIL,MILEAGE_DATE,ORDER_CODE,CUS_ID) values (32,'적립',27920,27920,to_date('24/10/12','RR/MM/DD'),'ORD233','CUS191');
Insert into CM.CUSTOMER_MILEAGE (MILEAGE_ID,MILEAGE_YN,CHANGE_MIL,REMAIN_MIL,MILEAGE_DATE,ORDER_CODE,CUS_ID) values (33,'적립',7200,7200,to_date('25/04/21','RR/MM/DD'),'ORD104','CUS080');
Insert into CM.CUSTOMER_MILEAGE (MILEAGE_ID,MILEAGE_YN,CHANGE_MIL,REMAIN_MIL,MILEAGE_DATE,ORDER_CODE,CUS_ID) values (34,'적립',19460,19460,to_date('20/08/16','RR/MM/DD'),'ORD279','CUS110');
Insert into CM.CUSTOMER_MILEAGE (MILEAGE_ID,MILEAGE_YN,CHANGE_MIL,REMAIN_MIL,MILEAGE_DATE,ORDER_CODE,CUS_ID) values (35,'적립',2816,2816,to_date('20/01/11','RR/MM/DD'),'ORD088','CUS180');
Insert into CM.CUSTOMER_MILEAGE (MILEAGE_ID,MILEAGE_YN,CHANGE_MIL,REMAIN_MIL,MILEAGE_DATE,ORDER_CODE,CUS_ID) values (36,'적립',6500,6500,to_date('24/05/03','RR/MM/DD'),'ORD298','CUS133');
Insert into CM.CUSTOMER_MILEAGE (MILEAGE_ID,MILEAGE_YN,CHANGE_MIL,REMAIN_MIL,MILEAGE_DATE,ORDER_CODE,CUS_ID) values (37,'적립',5200,5200,to_date('24/05/18','RR/MM/DD'),'ORD076','CUS081');
Insert into CM.CUSTOMER_MILEAGE (MILEAGE_ID,MILEAGE_YN,CHANGE_MIL,REMAIN_MIL,MILEAGE_DATE,ORDER_CODE,CUS_ID) values (38,'관리자추가',1000,1000,to_date('21/06/27','RR/MM/DD'),null,'CUS031');
Insert into CM.CUSTOMER_MILEAGE (MILEAGE_ID,MILEAGE_YN,CHANGE_MIL,REMAIN_MIL,MILEAGE_DATE,ORDER_CODE,CUS_ID) values (39,'적립',18000,20816,to_date('22/02/27','RR/MM/DD'),'ORD285','CUS180');
Insert into CM.CUSTOMER_MILEAGE (MILEAGE_ID,MILEAGE_YN,CHANGE_MIL,REMAIN_MIL,MILEAGE_DATE,ORDER_CODE,CUS_ID) values (40,'적립',2700,2700,to_date('20/12/01','RR/MM/DD'),'ORD168','CUS128');
Insert into CM.CUSTOMER_MILEAGE (MILEAGE_ID,MILEAGE_YN,CHANGE_MIL,REMAIN_MIL,MILEAGE_DATE,ORDER_CODE,CUS_ID) values (41,'적립',28720,28720,to_date('21/11/13','RR/MM/DD'),'ORD257','CUS023');
Insert into CM.CUSTOMER_MILEAGE (MILEAGE_ID,MILEAGE_YN,CHANGE_MIL,REMAIN_MIL,MILEAGE_DATE,ORDER_CODE,CUS_ID) values (42,'적립',6940,6940,to_date('24/09/09','RR/MM/DD'),'ORD135','CUS087');
Insert into CM.CUSTOMER_MILEAGE (MILEAGE_ID,MILEAGE_YN,CHANGE_MIL,REMAIN_MIL,MILEAGE_DATE,ORDER_CODE,CUS_ID) values (43,'적립',20420,21420,to_date('20/12/18','RR/MM/DD'),'ORD097','CUS057');
Insert into CM.CUSTOMER_MILEAGE (MILEAGE_ID,MILEAGE_YN,CHANGE_MIL,REMAIN_MIL,MILEAGE_DATE,ORDER_CODE,CUS_ID) values (44,'적립',13020,13020,to_date('21/09/03','RR/MM/DD'),'ORD054','CUS165');
Insert into CM.CUSTOMER_MILEAGE (MILEAGE_ID,MILEAGE_YN,CHANGE_MIL,REMAIN_MIL,MILEAGE_DATE,ORDER_CODE,CUS_ID) values (45,'적립',7200,8820,to_date('22/08/26','RR/MM/DD'),'ORD100','CUS109');
Insert into CM.CUSTOMER_MILEAGE (MILEAGE_ID,MILEAGE_YN,CHANGE_MIL,REMAIN_MIL,MILEAGE_DATE,ORDER_CODE,CUS_ID) values (46,'적립',9400,9400,to_date('23/07/09','RR/MM/DD'),'ORD188','CUS068');
Insert into CM.CUSTOMER_MILEAGE (MILEAGE_ID,MILEAGE_YN,CHANGE_MIL,REMAIN_MIL,MILEAGE_DATE,ORDER_CODE,CUS_ID) values (47,'적립',3420,3420,to_date('23/11/22','RR/MM/DD'),'ORD226','CUS100');
Insert into CM.CUSTOMER_MILEAGE (MILEAGE_ID,MILEAGE_YN,CHANGE_MIL,REMAIN_MIL,MILEAGE_DATE,ORDER_CODE,CUS_ID) values (48,'적립',27560,27560,to_date('20/07/13','RR/MM/DD'),'ORD114','CUS065');
Insert into CM.CUSTOMER_MILEAGE (MILEAGE_ID,MILEAGE_YN,CHANGE_MIL,REMAIN_MIL,MILEAGE_DATE,ORDER_CODE,CUS_ID) values (49,'적립',7640,7640,to_date('21/09/22','RR/MM/DD'),'ORD212','CUS089');
Insert into CM.CUSTOMER_MILEAGE (MILEAGE_ID,MILEAGE_YN,CHANGE_MIL,REMAIN_MIL,MILEAGE_DATE,ORDER_CODE,CUS_ID) values (50,'관리자추가',2000,2000,to_date('21/08/07','RR/MM/DD'),null,'CUS137');
Insert into CM.CUSTOMER_MILEAGE (MILEAGE_ID,MILEAGE_YN,CHANGE_MIL,REMAIN_MIL,MILEAGE_DATE,ORDER_CODE,CUS_ID) values (51,'적립',14820,14820,to_date('23/04/13','RR/MM/DD'),'ORD122','CUS116');
Insert into CM.CUSTOMER_MILEAGE (MILEAGE_ID,MILEAGE_YN,CHANGE_MIL,REMAIN_MIL,MILEAGE_DATE,ORDER_CODE,CUS_ID) values (52,'적립',2520,2520,to_date('20/10/01','RR/MM/DD'),'ORD016','CUS049');
Insert into CM.CUSTOMER_MILEAGE (MILEAGE_ID,MILEAGE_YN,CHANGE_MIL,REMAIN_MIL,MILEAGE_DATE,ORDER_CODE,CUS_ID) values (53,'적립',7240,7240,to_date('24/01/27','RR/MM/DD'),'ORD005','CUS179');
Insert into CM.CUSTOMER_MILEAGE (MILEAGE_ID,MILEAGE_YN,CHANGE_MIL,REMAIN_MIL,MILEAGE_DATE,ORDER_CODE,CUS_ID) values (54,'적립',82660,82660,to_date('22/05/20','RR/MM/DD'),'ORD182','CUS189');
Insert into CM.CUSTOMER_MILEAGE (MILEAGE_ID,MILEAGE_YN,CHANGE_MIL,REMAIN_MIL,MILEAGE_DATE,ORDER_CODE,CUS_ID) values (55,'관리자추가',2000,5120,to_date('20/05/24','RR/MM/DD'),null,'CUS144');
Insert into CM.CUSTOMER_MILEAGE (MILEAGE_ID,MILEAGE_YN,CHANGE_MIL,REMAIN_MIL,MILEAGE_DATE,ORDER_CODE,CUS_ID) values (56,'적립',280,280,to_date('24/06/13','RR/MM/DD'),'ORD174','CUS098');
Insert into CM.CUSTOMER_MILEAGE (MILEAGE_ID,MILEAGE_YN,CHANGE_MIL,REMAIN_MIL,MILEAGE_DATE,ORDER_CODE,CUS_ID) values (57,'적립',7440,7440,to_date('22/01/14','RR/MM/DD'),'ORD144','CUS030');
Insert into CM.CUSTOMER_MILEAGE (MILEAGE_ID,MILEAGE_YN,CHANGE_MIL,REMAIN_MIL,MILEAGE_DATE,ORDER_CODE,CUS_ID) values (58,'적립',7580,7580,to_date('23/08/27','RR/MM/DD'),'ORD220','CUS039');
Insert into CM.CUSTOMER_MILEAGE (MILEAGE_ID,MILEAGE_YN,CHANGE_MIL,REMAIN_MIL,MILEAGE_DATE,ORDER_CODE,CUS_ID) values (59,'관리자추가',2000,2000,to_date('22/09/27','RR/MM/DD'),null,'CUS036');
Insert into CM.CUSTOMER_MILEAGE (MILEAGE_ID,MILEAGE_YN,CHANGE_MIL,REMAIN_MIL,MILEAGE_DATE,ORDER_CODE,CUS_ID) values (60,'적립',11080,11080,to_date('25/04/22','RR/MM/DD'),'ORD260','CUS149');
Insert into CM.CUSTOMER_MILEAGE (MILEAGE_ID,MILEAGE_YN,CHANGE_MIL,REMAIN_MIL,MILEAGE_DATE,ORDER_CODE,CUS_ID) values (61,'적립',1840,8340,to_date('25/11/03','RR/MM/DD'),'ORD084','CUS133');
Insert into CM.CUSTOMER_MILEAGE (MILEAGE_ID,MILEAGE_YN,CHANGE_MIL,REMAIN_MIL,MILEAGE_DATE,ORDER_CODE,CUS_ID) values (62,'적립',5660,5660,to_date('20/03/21','RR/MM/DD'),'ORD028','CUS004');
Insert into CM.CUSTOMER_MILEAGE (MILEAGE_ID,MILEAGE_YN,CHANGE_MIL,REMAIN_MIL,MILEAGE_DATE,ORDER_CODE,CUS_ID) values (63,'관리자추가',1000,1000,to_date('24/05/07','RR/MM/DD'),null,'CUS015');
Insert into CM.CUSTOMER_MILEAGE (MILEAGE_ID,MILEAGE_YN,CHANGE_MIL,REMAIN_MIL,MILEAGE_DATE,ORDER_CODE,CUS_ID) values (64,'적립',4020,4020,to_date('22/09/30','RR/MM/DD'),'ORD187','CUS058');
Insert into CM.CUSTOMER_MILEAGE (MILEAGE_ID,MILEAGE_YN,CHANGE_MIL,REMAIN_MIL,MILEAGE_DATE,ORDER_CODE,CUS_ID) values (65,'적립',6660,6660,to_date('24/09/27','RR/MM/DD'),'ORD128','CUS037');
Insert into CM.CUSTOMER_MILEAGE (MILEAGE_ID,MILEAGE_YN,CHANGE_MIL,REMAIN_MIL,MILEAGE_DATE,ORDER_CODE,CUS_ID) values (66,'관리자감소',0,0,to_date('23/08/29','RR/MM/DD'),null,'CUS083');
Insert into CM.CUSTOMER_MILEAGE (MILEAGE_ID,MILEAGE_YN,CHANGE_MIL,REMAIN_MIL,MILEAGE_DATE,ORDER_CODE,CUS_ID) values (67,'적립',28140,28140,to_date('22/03/03','RR/MM/DD'),'ORD032','CUS095');
Insert into CM.CUSTOMER_MILEAGE (MILEAGE_ID,MILEAGE_YN,CHANGE_MIL,REMAIN_MIL,MILEAGE_DATE,ORDER_CODE,CUS_ID) values (68,'적립',7620,7620,to_date('21/06/19','RR/MM/DD'),'ORD173','CUS127');
Insert into CM.CUSTOMER_MILEAGE (MILEAGE_ID,MILEAGE_YN,CHANGE_MIL,REMAIN_MIL,MILEAGE_DATE,ORDER_CODE,CUS_ID) values (69,'적립',840,840,to_date('21/03/26','RR/MM/DD'),'ORD073','CUS153');
Insert into CM.CUSTOMER_MILEAGE (MILEAGE_ID,MILEAGE_YN,CHANGE_MIL,REMAIN_MIL,MILEAGE_DATE,ORDER_CODE,CUS_ID) values (70,'적립',760,760,to_date('23/11/27','RR/MM/DD'),'ORD145','CUS147');
Insert into CM.CUSTOMER_MILEAGE (MILEAGE_ID,MILEAGE_YN,CHANGE_MIL,REMAIN_MIL,MILEAGE_DATE,ORDER_CODE,CUS_ID) values (71,'관리자추가',3000,3000,to_date('24/03/11','RR/MM/DD'),null,'CUS046');
Insert into CM.CUSTOMER_MILEAGE (MILEAGE_ID,MILEAGE_YN,CHANGE_MIL,REMAIN_MIL,MILEAGE_DATE,ORDER_CODE,CUS_ID) values (72,'관리자감소',0,0,to_date('23/08/26','RR/MM/DD'),null,'CUS195');
Insert into CM.CUSTOMER_MILEAGE (MILEAGE_ID,MILEAGE_YN,CHANGE_MIL,REMAIN_MIL,MILEAGE_DATE,ORDER_CODE,CUS_ID) values (73,'적립',1460,1460,to_date('21/10/22','RR/MM/DD'),'ORD068','CUS063');
Insert into CM.CUSTOMER_MILEAGE (MILEAGE_ID,MILEAGE_YN,CHANGE_MIL,REMAIN_MIL,MILEAGE_DATE,ORDER_CODE,CUS_ID) values (74,'관리자추가',1000,2000,to_date('20/02/19','RR/MM/DD'),null,'CUS015');
Insert into CM.CUSTOMER_MILEAGE (MILEAGE_ID,MILEAGE_YN,CHANGE_MIL,REMAIN_MIL,MILEAGE_DATE,ORDER_CODE,CUS_ID) values (75,'적립',2400,2400,to_date('22/11/12','RR/MM/DD'),'ORD184','CUS185');
Insert into CM.CUSTOMER_MILEAGE (MILEAGE_ID,MILEAGE_YN,CHANGE_MIL,REMAIN_MIL,MILEAGE_DATE,ORDER_CODE,CUS_ID) values (76,'관리자추가',3000,12300,to_date('21/10/22','RR/MM/DD'),null,'CUS105');
Insert into CM.CUSTOMER_MILEAGE (MILEAGE_ID,MILEAGE_YN,CHANGE_MIL,REMAIN_MIL,MILEAGE_DATE,ORDER_CODE,CUS_ID) values (77,'적립',660,660,to_date('20/12/27','RR/MM/DD'),'ORD004','CUS123');
Insert into CM.CUSTOMER_MILEAGE (MILEAGE_ID,MILEAGE_YN,CHANGE_MIL,REMAIN_MIL,MILEAGE_DATE,ORDER_CODE,CUS_ID) values (78,'관리자추가',1000,1000,to_date('20/01/28','RR/MM/DD'),null,'CUS008');
Insert into CM.CUSTOMER_MILEAGE (MILEAGE_ID,MILEAGE_YN,CHANGE_MIL,REMAIN_MIL,MILEAGE_DATE,ORDER_CODE,CUS_ID) values (79,'적립',900,2900,to_date('20/02/08','RR/MM/DD'),'ORD223','CUS137');
Insert into CM.CUSTOMER_MILEAGE (MILEAGE_ID,MILEAGE_YN,CHANGE_MIL,REMAIN_MIL,MILEAGE_DATE,ORDER_CODE,CUS_ID) values (80,'적립',660,660,to_date('21/08/10','RR/MM/DD'),'ORD232','CUS172');
Insert into CM.CUSTOMER_MILEAGE (MILEAGE_ID,MILEAGE_YN,CHANGE_MIL,REMAIN_MIL,MILEAGE_DATE,ORDER_CODE,CUS_ID) values (81,'관리자감소',0,0,to_date('23/01/08','RR/MM/DD'),null,'CUS190');
Insert into CM.CUSTOMER_MILEAGE (MILEAGE_ID,MILEAGE_YN,CHANGE_MIL,REMAIN_MIL,MILEAGE_DATE,ORDER_CODE,CUS_ID) values (82,'적립',3216,3216,to_date('20/08/21','RR/MM/DD'),'ORD127','CUS017');
Insert into CM.CUSTOMER_MILEAGE (MILEAGE_ID,MILEAGE_YN,CHANGE_MIL,REMAIN_MIL,MILEAGE_DATE,ORDER_CODE,CUS_ID) values (83,'적립',6212,6212,to_date('20/05/23','RR/MM/DD'),'ORD287','CUS027');
Insert into CM.CUSTOMER_MILEAGE (MILEAGE_ID,MILEAGE_YN,CHANGE_MIL,REMAIN_MIL,MILEAGE_DATE,ORDER_CODE,CUS_ID) values (84,'적립',480,480,to_date('24/12/04','RR/MM/DD'),'ORD251','CUS038');
Insert into CM.CUSTOMER_MILEAGE (MILEAGE_ID,MILEAGE_YN,CHANGE_MIL,REMAIN_MIL,MILEAGE_DATE,ORDER_CODE,CUS_ID) values (85,'적립',3480,3480,to_date('23/06/04','RR/MM/DD'),'ORD180','CUS126');
Insert into CM.CUSTOMER_MILEAGE (MILEAGE_ID,MILEAGE_YN,CHANGE_MIL,REMAIN_MIL,MILEAGE_DATE,ORDER_CODE,CUS_ID) values (86,'적립',55080,55080,to_date('21/06/12','RR/MM/DD'),'ORD148','CUS118');
Insert into CM.CUSTOMER_MILEAGE (MILEAGE_ID,MILEAGE_YN,CHANGE_MIL,REMAIN_MIL,MILEAGE_DATE,ORDER_CODE,CUS_ID) values (87,'관리자감소',0,0,to_date('22/01/13','RR/MM/DD'),null,'CUS034');
Insert into CM.CUSTOMER_MILEAGE (MILEAGE_ID,MILEAGE_YN,CHANGE_MIL,REMAIN_MIL,MILEAGE_DATE,ORDER_CODE,CUS_ID) values (88,'관리자감소',0,0,to_date('20/07/27','RR/MM/DD'),null,'CUS019');
Insert into CM.CUSTOMER_MILEAGE (MILEAGE_ID,MILEAGE_YN,CHANGE_MIL,REMAIN_MIL,MILEAGE_DATE,ORDER_CODE,CUS_ID) values (89,'관리자감소',0,0,to_date('25/05/22','RR/MM/DD'),null,'CUS176');
Insert into CM.CUSTOMER_MILEAGE (MILEAGE_ID,MILEAGE_YN,CHANGE_MIL,REMAIN_MIL,MILEAGE_DATE,ORDER_CODE,CUS_ID) values (90,'적립',50040,50040,to_date('20/03/05','RR/MM/DD'),'ORD193','CUS145');
Insert into CM.CUSTOMER_MILEAGE (MILEAGE_ID,MILEAGE_YN,CHANGE_MIL,REMAIN_MIL,MILEAGE_DATE,ORDER_CODE,CUS_ID) values (91,'관리자감소',-136,0,to_date('24/01/17','RR/MM/DD'),null,'CUS167');
Insert into CM.CUSTOMER_MILEAGE (MILEAGE_ID,MILEAGE_YN,CHANGE_MIL,REMAIN_MIL,MILEAGE_DATE,ORDER_CODE,CUS_ID) values (92,'적립',5920,13500,to_date('23/06/10','RR/MM/DD'),'ORD185','CUS039');
Insert into CM.CUSTOMER_MILEAGE (MILEAGE_ID,MILEAGE_YN,CHANGE_MIL,REMAIN_MIL,MILEAGE_DATE,ORDER_CODE,CUS_ID) values (93,'적립',52880,52880,to_date('23/10/27','RR/MM/DD'),'ORD112','CUS178');
Insert into CM.CUSTOMER_MILEAGE (MILEAGE_ID,MILEAGE_YN,CHANGE_MIL,REMAIN_MIL,MILEAGE_DATE,ORDER_CODE,CUS_ID) values (94,'적립',10000,10000,to_date('21/05/25','RR/MM/DD'),'ORD254','CUS161');
Insert into CM.CUSTOMER_MILEAGE (MILEAGE_ID,MILEAGE_YN,CHANGE_MIL,REMAIN_MIL,MILEAGE_DATE,ORDER_CODE,CUS_ID) values (95,'적립',6000,6000,to_date('20/10/15','RR/MM/DD'),'ORD010','CUS157');
Insert into CM.CUSTOMER_MILEAGE (MILEAGE_ID,MILEAGE_YN,CHANGE_MIL,REMAIN_MIL,MILEAGE_DATE,ORDER_CODE,CUS_ID) values (96,'관리자추가',3000,3000,to_date('23/06/13','RR/MM/DD'),null,'CUS141');
Insert into CM.CUSTOMER_MILEAGE (MILEAGE_ID,MILEAGE_YN,CHANGE_MIL,REMAIN_MIL,MILEAGE_DATE,ORDER_CODE,CUS_ID) values (97,'적립',720,20180,to_date('23/06/01','RR/MM/DD'),'ORD012','CUS110');
Insert into CM.CUSTOMER_MILEAGE (MILEAGE_ID,MILEAGE_YN,CHANGE_MIL,REMAIN_MIL,MILEAGE_DATE,ORDER_CODE,CUS_ID) values (98,'적립',640,640,to_date('25/10/20','RR/MM/DD'),'ORD245','CUS005');
Insert into CM.CUSTOMER_MILEAGE (MILEAGE_ID,MILEAGE_YN,CHANGE_MIL,REMAIN_MIL,MILEAGE_DATE,ORDER_CODE,CUS_ID) values (99,'적립',16800,66840,to_date('25/05/01','RR/MM/DD'),'ORD167','CUS145');
Insert into CM.CUSTOMER_MILEAGE (MILEAGE_ID,MILEAGE_YN,CHANGE_MIL,REMAIN_MIL,MILEAGE_DATE,ORDER_CODE,CUS_ID) values (101,'관리자추가',500,500,to_date('21/11/23','RR/MM/DD'),null,'CUS130');
Insert into CM.CUSTOMER_MILEAGE (MILEAGE_ID,MILEAGE_YN,CHANGE_MIL,REMAIN_MIL,MILEAGE_DATE,ORDER_CODE,CUS_ID) values (102,'적립',2520,5736,to_date('21/03/13','RR/MM/DD'),'ORD217','CUS017');
Insert into CM.CUSTOMER_MILEAGE (MILEAGE_ID,MILEAGE_YN,CHANGE_MIL,REMAIN_MIL,MILEAGE_DATE,ORDER_CODE,CUS_ID) values (103,'적립',2370,2370,to_date('20/01/02','RR/MM/DD'),'ORD186','CUS091');
Insert into CM.CUSTOMER_MILEAGE (MILEAGE_ID,MILEAGE_YN,CHANGE_MIL,REMAIN_MIL,MILEAGE_DATE,ORDER_CODE,CUS_ID) values (104,'적립',1720,1720,to_date('24/12/12','RR/MM/DD'),'ORD120','CUS101');
Insert into CM.CUSTOMER_MILEAGE (MILEAGE_ID,MILEAGE_YN,CHANGE_MIL,REMAIN_MIL,MILEAGE_DATE,ORDER_CODE,CUS_ID) values (105,'관리자감소',0,0,to_date('21/02/25','RR/MM/DD'),null,'CUS048');
Insert into CM.CUSTOMER_MILEAGE (MILEAGE_ID,MILEAGE_YN,CHANGE_MIL,REMAIN_MIL,MILEAGE_DATE,ORDER_CODE,CUS_ID) values (106,'적립',3120,3120,to_date('22/08/08','RR/MM/DD'),'ORD136','CUS175');
Insert into CM.CUSTOMER_MILEAGE (MILEAGE_ID,MILEAGE_YN,CHANGE_MIL,REMAIN_MIL,MILEAGE_DATE,ORDER_CODE,CUS_ID) values (107,'적립',6380,6380,to_date('23/01/07','RR/MM/DD'),'ORD079','CUS064');
Insert into CM.CUSTOMER_MILEAGE (MILEAGE_ID,MILEAGE_YN,CHANGE_MIL,REMAIN_MIL,MILEAGE_DATE,ORDER_CODE,CUS_ID) values (108,'적립',6860,15680,to_date('21/06/12','RR/MM/DD'),'ORD231','CUS109');
Insert into CM.CUSTOMER_MILEAGE (MILEAGE_ID,MILEAGE_YN,CHANGE_MIL,REMAIN_MIL,MILEAGE_DATE,ORDER_CODE,CUS_ID) values (109,'관리자추가',2000,2000,to_date('24/08/22','RR/MM/DD'),null,'CUS168');
Insert into CM.CUSTOMER_MILEAGE (MILEAGE_ID,MILEAGE_YN,CHANGE_MIL,REMAIN_MIL,MILEAGE_DATE,ORDER_CODE,CUS_ID) values (110,'관리자감소',0,0,to_date('21/09/22','RR/MM/DD'),null,'CUS171');
Insert into CM.CUSTOMER_MILEAGE (MILEAGE_ID,MILEAGE_YN,CHANGE_MIL,REMAIN_MIL,MILEAGE_DATE,ORDER_CODE,CUS_ID) values (111,'관리자추가',1000,1000,to_date('23/02/18','RR/MM/DD'),null,'CUS197');
Insert into CM.CUSTOMER_MILEAGE (MILEAGE_ID,MILEAGE_YN,CHANGE_MIL,REMAIN_MIL,MILEAGE_DATE,ORDER_CODE,CUS_ID) values (113,'적립',1140,11140,to_date('21/06/16','RR/MM/DD'),'ORD216','CUS161');
Insert into CM.CUSTOMER_MILEAGE (MILEAGE_ID,MILEAGE_YN,CHANGE_MIL,REMAIN_MIL,MILEAGE_DATE,ORDER_CODE,CUS_ID) values (114,'적립',1400,2060,to_date('25/02/07','RR/MM/DD'),'ORD178','CUS172');
Insert into CM.CUSTOMER_MILEAGE (MILEAGE_ID,MILEAGE_YN,CHANGE_MIL,REMAIN_MIL,MILEAGE_DATE,ORDER_CODE,CUS_ID) values (115,'적립',2200,2200,to_date('21/06/11','RR/MM/DD'),'ORD091','CUS041');
Insert into CM.CUSTOMER_MILEAGE (MILEAGE_ID,MILEAGE_YN,CHANGE_MIL,REMAIN_MIL,MILEAGE_DATE,ORDER_CODE,CUS_ID) values (116,'적립',760,760,to_date('22/11/13','RR/MM/DD'),'ORD113','CUS066');
Insert into CM.CUSTOMER_MILEAGE (MILEAGE_ID,MILEAGE_YN,CHANGE_MIL,REMAIN_MIL,MILEAGE_DATE,ORDER_CODE,CUS_ID) values (117,'적립',2680,2680,to_date('24/01/26','RR/MM/DD'),'ORD156','CUS108');
Insert into CM.CUSTOMER_MILEAGE (MILEAGE_ID,MILEAGE_YN,CHANGE_MIL,REMAIN_MIL,MILEAGE_DATE,ORDER_CODE,CUS_ID) values (118,'적립',91000,91000,to_date('25/02/12','RR/MM/DD'),'ORD272','CUS073');
Insert into CM.CUSTOMER_MILEAGE (MILEAGE_ID,MILEAGE_YN,CHANGE_MIL,REMAIN_MIL,MILEAGE_DATE,ORDER_CODE,CUS_ID) values (119,'적립',3640,3640,to_date('24/09/14','RR/MM/DD'),'ORD043','CUS003');
Insert into CM.CUSTOMER_MILEAGE (MILEAGE_ID,MILEAGE_YN,CHANGE_MIL,REMAIN_MIL,MILEAGE_DATE,ORDER_CODE,CUS_ID) values (120,'적립',3120,12540,to_date('21/02/15','RR/MM/DD'),'ORD296','CUS196');
Insert into CM.CUSTOMER_MILEAGE (MILEAGE_ID,MILEAGE_YN,CHANGE_MIL,REMAIN_MIL,MILEAGE_DATE,ORDER_CODE,CUS_ID) values (121,'적립',11120,11120,to_date('23/09/04','RR/MM/DD'),'ORD211','CUS119');
Insert into CM.CUSTOMER_MILEAGE (MILEAGE_ID,MILEAGE_YN,CHANGE_MIL,REMAIN_MIL,MILEAGE_DATE,ORDER_CODE,CUS_ID) values (122,'적립',6240,9240,to_date('22/04/25','RR/MM/DD'),'ORD126','CUS046');
Insert into CM.CUSTOMER_MILEAGE (MILEAGE_ID,MILEAGE_YN,CHANGE_MIL,REMAIN_MIL,MILEAGE_DATE,ORDER_CODE,CUS_ID) values (123,'관리자감소',-500,340,to_date('25/08/05','RR/MM/DD'),null,'CUS153');
Insert into CM.CUSTOMER_MILEAGE (MILEAGE_ID,MILEAGE_YN,CHANGE_MIL,REMAIN_MIL,MILEAGE_DATE,ORDER_CODE,CUS_ID) values (124,'관리자추가',500,1260,to_date('22/09/12','RR/MM/DD'),null,'CUS147');
Insert into CM.CUSTOMER_MILEAGE (MILEAGE_ID,MILEAGE_YN,CHANGE_MIL,REMAIN_MIL,MILEAGE_DATE,ORDER_CODE,CUS_ID) values (125,'적립',18000,25440,to_date('20/08/24','RR/MM/DD'),'ORD199','CUS030');
Insert into CM.CUSTOMER_MILEAGE (MILEAGE_ID,MILEAGE_YN,CHANGE_MIL,REMAIN_MIL,MILEAGE_DATE,ORDER_CODE,CUS_ID) values (126,'적립',3060,4060,to_date('22/11/24','RR/MM/DD'),'ORD137','CUS031');
Insert into CM.CUSTOMER_MILEAGE (MILEAGE_ID,MILEAGE_YN,CHANGE_MIL,REMAIN_MIL,MILEAGE_DATE,ORDER_CODE,CUS_ID) values (127,'관리자추가',1000,1000,to_date('22/05/21','RR/MM/DD'),null,'CUS143');
Insert into CM.CUSTOMER_MILEAGE (MILEAGE_ID,MILEAGE_YN,CHANGE_MIL,REMAIN_MIL,MILEAGE_DATE,ORDER_CODE,CUS_ID) values (128,'적립',9580,9580,to_date('23/08/29','RR/MM/DD'),'ORD263','CUS026');
Insert into CM.CUSTOMER_MILEAGE (MILEAGE_ID,MILEAGE_YN,CHANGE_MIL,REMAIN_MIL,MILEAGE_DATE,ORDER_CODE,CUS_ID) values (129,'적립',5900,5900,to_date('21/12/24','RR/MM/DD'),'ORD023','CUS142');
Insert into CM.CUSTOMER_MILEAGE (MILEAGE_ID,MILEAGE_YN,CHANGE_MIL,REMAIN_MIL,MILEAGE_DATE,ORDER_CODE,CUS_ID) values (130,'적립',8520,8520,to_date('22/07/11','RR/MM/DD'),'ORD065','CUS012');
Insert into CM.CUSTOMER_MILEAGE (MILEAGE_ID,MILEAGE_YN,CHANGE_MIL,REMAIN_MIL,MILEAGE_DATE,ORDER_CODE,CUS_ID) values (131,'적립',122940,127000,to_date('21/08/02','RR/MM/DD'),'ORD081','CUS031');
Insert into CM.CUSTOMER_MILEAGE (MILEAGE_ID,MILEAGE_YN,CHANGE_MIL,REMAIN_MIL,MILEAGE_DATE,ORDER_CODE,CUS_ID) values (132,'적립',1780,1780,to_date('24/06/21','RR/MM/DD'),'ORD235','CUS056');
Insert into CM.CUSTOMER_MILEAGE (MILEAGE_ID,MILEAGE_YN,CHANGE_MIL,REMAIN_MIL,MILEAGE_DATE,ORDER_CODE,CUS_ID) values (133,'적립',6450,9450,to_date('21/06/23','RR/MM/DD'),'ORD196','CUS061');
Insert into CM.CUSTOMER_MILEAGE (MILEAGE_ID,MILEAGE_YN,CHANGE_MIL,REMAIN_MIL,MILEAGE_DATE,ORDER_CODE,CUS_ID) values (134,'관리자감소',0,0,to_date('23/10/03','RR/MM/DD'),null,'CUS148');
Insert into CM.CUSTOMER_MILEAGE (MILEAGE_ID,MILEAGE_YN,CHANGE_MIL,REMAIN_MIL,MILEAGE_DATE,ORDER_CODE,CUS_ID) values (135,'적립',4480,6260,to_date('20/01/13','RR/MM/DD'),'ORD202','CUS056');
Insert into CM.CUSTOMER_MILEAGE (MILEAGE_ID,MILEAGE_YN,CHANGE_MIL,REMAIN_MIL,MILEAGE_DATE,ORDER_CODE,CUS_ID) values (136,'적립',1260,15660,to_date('24/02/14','RR/MM/DD'),'ORD089','CUS033');
Insert into CM.CUSTOMER_MILEAGE (MILEAGE_ID,MILEAGE_YN,CHANGE_MIL,REMAIN_MIL,MILEAGE_DATE,ORDER_CODE,CUS_ID) values (137,'적립',5860,5860,to_date('24/01/28','RR/MM/DD'),'ORD101','CUS002');
Insert into CM.CUSTOMER_MILEAGE (MILEAGE_ID,MILEAGE_YN,CHANGE_MIL,REMAIN_MIL,MILEAGE_DATE,ORDER_CODE,CUS_ID) values (138,'적립',1860,1860,to_date('22/01/01','RR/MM/DD'),'ORD042','CUS120');
Insert into CM.CUSTOMER_MILEAGE (MILEAGE_ID,MILEAGE_YN,CHANGE_MIL,REMAIN_MIL,MILEAGE_DATE,ORDER_CODE,CUS_ID) values (139,'적립',2910,4910,to_date('22/04/06','RR/MM/DD'),'ORD085','CUS015');
Insert into CM.CUSTOMER_MILEAGE (MILEAGE_ID,MILEAGE_YN,CHANGE_MIL,REMAIN_MIL,MILEAGE_DATE,ORDER_CODE,CUS_ID) values (140,'적립',14200,14200,to_date('23/08/18','RR/MM/DD'),'ORD021','CUS054');
Insert into CM.CUSTOMER_MILEAGE (MILEAGE_ID,MILEAGE_YN,CHANGE_MIL,REMAIN_MIL,MILEAGE_DATE,ORDER_CODE,CUS_ID) values (141,'관리자추가',2000,2000,to_date('21/02/14','RR/MM/DD'),null,'CUS086');
Insert into CM.CUSTOMER_MILEAGE (MILEAGE_ID,MILEAGE_YN,CHANGE_MIL,REMAIN_MIL,MILEAGE_DATE,ORDER_CODE,CUS_ID) values (142,'관리자감소',-1000,3910,to_date('23/01/15','RR/MM/DD'),null,'CUS015');
Insert into CM.CUSTOMER_MILEAGE (MILEAGE_ID,MILEAGE_YN,CHANGE_MIL,REMAIN_MIL,MILEAGE_DATE,ORDER_CODE,CUS_ID) values (143,'적립',3420,3420,to_date('23/12/28','RR/MM/DD'),'ORD160','CUS048');
Insert into CM.CUSTOMER_MILEAGE (MILEAGE_ID,MILEAGE_YN,CHANGE_MIL,REMAIN_MIL,MILEAGE_DATE,ORDER_CODE,CUS_ID) values (144,'적립',2400,6420,to_date('25/03/15','RR/MM/DD'),'ORD105','CUS058');
Insert into CM.CUSTOMER_MILEAGE (MILEAGE_ID,MILEAGE_YN,CHANGE_MIL,REMAIN_MIL,MILEAGE_DATE,ORDER_CODE,CUS_ID) values (145,'적립',1160,1160,to_date('23/07/21','RR/MM/DD'),'ORD063','CUS006');
Insert into CM.CUSTOMER_MILEAGE (MILEAGE_ID,MILEAGE_YN,CHANGE_MIL,REMAIN_MIL,MILEAGE_DATE,ORDER_CODE,CUS_ID) values (146,'관리자감소',0,0,to_date('21/12/08','RR/MM/DD'),null,'CUS152');
Insert into CM.CUSTOMER_MILEAGE (MILEAGE_ID,MILEAGE_YN,CHANGE_MIL,REMAIN_MIL,MILEAGE_DATE,ORDER_CODE,CUS_ID) values (147,'적립',2180,3180,to_date('22/03/07','RR/MM/DD'),'ORD047','CUS197');
Insert into CM.CUSTOMER_MILEAGE (MILEAGE_ID,MILEAGE_YN,CHANGE_MIL,REMAIN_MIL,MILEAGE_DATE,ORDER_CODE,CUS_ID) values (148,'적립',27760,27760,to_date('25/06/14','RR/MM/DD'),'ORD238','CUS111');
Insert into CM.CUSTOMER_MILEAGE (MILEAGE_ID,MILEAGE_YN,CHANGE_MIL,REMAIN_MIL,MILEAGE_DATE,ORDER_CODE,CUS_ID) values (149,'적립',300,20480,to_date('22/11/12','RR/MM/DD'),'ORD149','CUS110');
Insert into CM.CUSTOMER_MILEAGE (MILEAGE_ID,MILEAGE_YN,CHANGE_MIL,REMAIN_MIL,MILEAGE_DATE,ORDER_CODE,CUS_ID) values (150,'관리자추가',3000,3000,to_date('24/04/23','RR/MM/DD'),null,'CUS184');
Insert into CM.CUSTOMER_MILEAGE (MILEAGE_ID,MILEAGE_YN,CHANGE_MIL,REMAIN_MIL,MILEAGE_DATE,ORDER_CODE,CUS_ID) values (151,'관리자감소',-1000,1000,to_date('24/12/08','RR/MM/DD'),null,'CUS036');
Insert into CM.CUSTOMER_MILEAGE (MILEAGE_ID,MILEAGE_YN,CHANGE_MIL,REMAIN_MIL,MILEAGE_DATE,ORDER_CODE,CUS_ID) values (152,'적립',5840,5840,to_date('25/01/05','RR/MM/DD'),'ORD204','CUS113');
Insert into CM.CUSTOMER_MILEAGE (MILEAGE_ID,MILEAGE_YN,CHANGE_MIL,REMAIN_MIL,MILEAGE_DATE,ORDER_CODE,CUS_ID) values (153,'적립',7500,7500,to_date('25/10/08','RR/MM/DD'),'ORD038','CUS131');
Insert into CM.CUSTOMER_MILEAGE (MILEAGE_ID,MILEAGE_YN,CHANGE_MIL,REMAIN_MIL,MILEAGE_DATE,ORDER_CODE,CUS_ID) values (203,'관리자추가',1000,3400,to_date('25/11/13','RR/MM/DD'),null,'CUS185');
Insert into CM.CUSTOMER_MILEAGE (MILEAGE_ID,MILEAGE_YN,CHANGE_MIL,REMAIN_MIL,MILEAGE_DATE,ORDER_CODE,CUS_ID) values (202,'관리자추가',200,6060,to_date('25/11/13','RR/MM/DD'),null,'CUS002');
Insert into CM.CUSTOMER_MILEAGE (MILEAGE_ID,MILEAGE_YN,CHANGE_MIL,REMAIN_MIL,MILEAGE_DATE,ORDER_CODE,CUS_ID) values (204,'관리자회수',-1000,2400,to_date('25/11/13','RR/MM/DD'),null,'CUS185');
Insert into CM.CUSTOMER_MILEAGE (MILEAGE_ID,MILEAGE_YN,CHANGE_MIL,REMAIN_MIL,MILEAGE_DATE,ORDER_CODE,CUS_ID) values (285908958803600,'적립',10800,10800,to_date('25/11/13','RR/MM/DD'),'ORD1763018361770','CUS002');
Insert into CM.CUSTOMER_MILEAGE (MILEAGE_ID,MILEAGE_YN,CHANGE_MIL,REMAIN_MIL,MILEAGE_DATE,ORDER_CODE,CUS_ID) values (719620882315800,'적립',118000,118000,to_date('25/11/14','RR/MM/DD'),'ORD1763106819199','CUS200');
Insert into CM.CUSTOMER_MILEAGE (MILEAGE_ID,MILEAGE_YN,CHANGE_MIL,REMAIN_MIL,MILEAGE_DATE,ORDER_CODE,CUS_ID) values (114749647811800,'적립',60000,87760,to_date('25/11/14','RR/MM/DD'),'ORD1763106864442','CUS111');
Insert into CM.CUSTOMER_MILEAGE (MILEAGE_ID,MILEAGE_YN,CHANGE_MIL,REMAIN_MIL,MILEAGE_DATE,ORDER_CODE,CUS_ID) values (376761473467500,'적립',1180,1180,to_date('25/11/17','RR/MM/DD'),'ORD1763367920814','CUS187');
Insert into CM.CUSTOMER_MILEAGE (MILEAGE_ID,MILEAGE_YN,CHANGE_MIL,REMAIN_MIL,MILEAGE_DATE,ORDER_CODE,CUS_ID) values (154,'관리자추가',3000,4460,to_date('24/01/30','RR/MM/DD'),null,'CUS063');
Insert into CM.CUSTOMER_MILEAGE (MILEAGE_ID,MILEAGE_YN,CHANGE_MIL,REMAIN_MIL,MILEAGE_DATE,ORDER_CODE,CUS_ID) values (155,'적립',1980,5400,to_date('23/07/23','RR/MM/DD'),'ORD256','CUS100');
Insert into CM.CUSTOMER_MILEAGE (MILEAGE_ID,MILEAGE_YN,CHANGE_MIL,REMAIN_MIL,MILEAGE_DATE,ORDER_CODE,CUS_ID) values (156,'적립',2580,2580,to_date('25/09/28','RR/MM/DD'),'ORD067','CUS174');
Insert into CM.CUSTOMER_MILEAGE (MILEAGE_ID,MILEAGE_YN,CHANGE_MIL,REMAIN_MIL,MILEAGE_DATE,ORDER_CODE,CUS_ID) values (157,'관리자추가',2000,7400,to_date('24/05/05','RR/MM/DD'),null,'CUS100');
Insert into CM.CUSTOMER_MILEAGE (MILEAGE_ID,MILEAGE_YN,CHANGE_MIL,REMAIN_MIL,MILEAGE_DATE,ORDER_CODE,CUS_ID) values (158,'적립',5760,5760,to_date('24/02/16','RR/MM/DD'),'ORD210','CUS042');
Insert into CM.CUSTOMER_MILEAGE (MILEAGE_ID,MILEAGE_YN,CHANGE_MIL,REMAIN_MIL,MILEAGE_DATE,ORDER_CODE,CUS_ID) values (159,'관리자감소',0,0,to_date('25/09/28','RR/MM/DD'),null,'CUS115');
Insert into CM.CUSTOMER_MILEAGE (MILEAGE_ID,MILEAGE_YN,CHANGE_MIL,REMAIN_MIL,MILEAGE_DATE,ORDER_CODE,CUS_ID) values (160,'관리자감소',0,0,to_date('22/07/12','RR/MM/DD'),null,'CUS007');
Insert into CM.CUSTOMER_MILEAGE (MILEAGE_ID,MILEAGE_YN,CHANGE_MIL,REMAIN_MIL,MILEAGE_DATE,ORDER_CODE,CUS_ID) values (161,'적립',1040,13580,to_date('21/01/30','RR/MM/DD'),'ORD072','CUS196');
Insert into CM.CUSTOMER_MILEAGE (MILEAGE_ID,MILEAGE_YN,CHANGE_MIL,REMAIN_MIL,MILEAGE_DATE,ORDER_CODE,CUS_ID) values (162,'관리자감소',0,0,to_date('21/06/18','RR/MM/DD'),null,'CUS129');
Insert into CM.CUSTOMER_MILEAGE (MILEAGE_ID,MILEAGE_YN,CHANGE_MIL,REMAIN_MIL,MILEAGE_DATE,ORDER_CODE,CUS_ID) values (163,'적립',7260,7260,to_date('20/08/06','RR/MM/DD'),'ORD055','CUS104');
Insert into CM.CUSTOMER_MILEAGE (MILEAGE_ID,MILEAGE_YN,CHANGE_MIL,REMAIN_MIL,MILEAGE_DATE,ORDER_CODE,CUS_ID) values (164,'적립',7800,7800,to_date('21/06/18','RR/MM/DD'),'ORD035','CUS115');
Insert into CM.CUSTOMER_MILEAGE (MILEAGE_ID,MILEAGE_YN,CHANGE_MIL,REMAIN_MIL,MILEAGE_DATE,ORDER_CODE,CUS_ID) values (165,'적립',4140,15220,to_date('23/12/05','RR/MM/DD'),'ORD236','CUS149');
Insert into CM.CUSTOMER_MILEAGE (MILEAGE_ID,MILEAGE_YN,CHANGE_MIL,REMAIN_MIL,MILEAGE_DATE,ORDER_CODE,CUS_ID) values (166,'적립',2040,6500,to_date('22/03/17','RR/MM/DD'),'ORD275','CUS063');
Insert into CM.CUSTOMER_MILEAGE (MILEAGE_ID,MILEAGE_YN,CHANGE_MIL,REMAIN_MIL,MILEAGE_DATE,ORDER_CODE,CUS_ID) values (167,'관리자추가',2000,2000,to_date('20/07/17','RR/MM/DD'),null,'CUS106');
Insert into CM.CUSTOMER_MILEAGE (MILEAGE_ID,MILEAGE_YN,CHANGE_MIL,REMAIN_MIL,MILEAGE_DATE,ORDER_CODE,CUS_ID) values (168,'적립',1760,1760,to_date('20/07/28','RR/MM/DD'),'ORD006','CUS047');
Insert into CM.CUSTOMER_MILEAGE (MILEAGE_ID,MILEAGE_YN,CHANGE_MIL,REMAIN_MIL,MILEAGE_DATE,ORDER_CODE,CUS_ID) values (169,'적립',960,960,to_date('20/03/21','RR/MM/DD'),'ORD229','CUS163');
Insert into CM.CUSTOMER_MILEAGE (MILEAGE_ID,MILEAGE_YN,CHANGE_MIL,REMAIN_MIL,MILEAGE_DATE,ORDER_CODE,CUS_ID) values (170,'관리자감소',0,0,to_date('25/02/07','RR/MM/DD'),null,'CUS092');
Insert into CM.CUSTOMER_MILEAGE (MILEAGE_ID,MILEAGE_YN,CHANGE_MIL,REMAIN_MIL,MILEAGE_DATE,ORDER_CODE,CUS_ID) values (171,'적립',7800,74640,to_date('25/09/23','RR/MM/DD'),'ORD277','CUS145');
Insert into CM.CUSTOMER_MILEAGE (MILEAGE_ID,MILEAGE_YN,CHANGE_MIL,REMAIN_MIL,MILEAGE_DATE,ORDER_CODE,CUS_ID) values (172,'관리자감소',-1000,4840,to_date('24/12/01','RR/MM/DD'),null,'CUS113');
Insert into CM.CUSTOMER_MILEAGE (MILEAGE_ID,MILEAGE_YN,CHANGE_MIL,REMAIN_MIL,MILEAGE_DATE,ORDER_CODE,CUS_ID) values (173,'적립',5120,5120,to_date('23/08/13','RR/MM/DD'),'ORD282','CUS082');
Insert into CM.CUSTOMER_MILEAGE (MILEAGE_ID,MILEAGE_YN,CHANGE_MIL,REMAIN_MIL,MILEAGE_DATE,ORDER_CODE,CUS_ID) values (174,'적립',5060,8060,to_date('24/11/05','RR/MM/DD'),'ORD022','CUS134');
Insert into CM.CUSTOMER_MILEAGE (MILEAGE_ID,MILEAGE_YN,CHANGE_MIL,REMAIN_MIL,MILEAGE_DATE,ORDER_CODE,CUS_ID) values (175,'관리자추가',3000,4260,to_date('24/10/18','RR/MM/DD'),null,'CUS147');
Insert into CM.CUSTOMER_MILEAGE (MILEAGE_ID,MILEAGE_YN,CHANGE_MIL,REMAIN_MIL,MILEAGE_DATE,ORDER_CODE,CUS_ID) values (176,'적립',6480,6480,to_date('21/04/15','RR/MM/DD'),'ORD118','CUS114');
Insert into CM.CUSTOMER_MILEAGE (MILEAGE_ID,MILEAGE_YN,CHANGE_MIL,REMAIN_MIL,MILEAGE_DATE,ORDER_CODE,CUS_ID) values (177,'관리자추가',1000,2860,to_date('20/03/23','RR/MM/DD'),null,'CUS120');
Insert into CM.CUSTOMER_MILEAGE (MILEAGE_ID,MILEAGE_YN,CHANGE_MIL,REMAIN_MIL,MILEAGE_DATE,ORDER_CODE,CUS_ID) values (178,'관리자감소',0,0,to_date('20/02/20','RR/MM/DD'),null,'CUS187');
Insert into CM.CUSTOMER_MILEAGE (MILEAGE_ID,MILEAGE_YN,CHANGE_MIL,REMAIN_MIL,MILEAGE_DATE,ORDER_CODE,CUS_ID) values (179,'적립',1080,1080,to_date('24/10/14','RR/MM/DD'),'ORD271','CUS020');
Insert into CM.CUSTOMER_MILEAGE (MILEAGE_ID,MILEAGE_YN,CHANGE_MIL,REMAIN_MIL,MILEAGE_DATE,ORDER_CODE,CUS_ID) values (180,'적립',12136,12616,to_date('21/04/14','RR/MM/DD'),'ORD155','CUS038');
Insert into CM.CUSTOMER_MILEAGE (MILEAGE_ID,MILEAGE_YN,CHANGE_MIL,REMAIN_MIL,MILEAGE_DATE,ORDER_CODE,CUS_ID) values (181,'적립',360,360,to_date('23/10/23','RR/MM/DD'),'ORD215','CUS162');
Insert into CM.CUSTOMER_MILEAGE (MILEAGE_ID,MILEAGE_YN,CHANGE_MIL,REMAIN_MIL,MILEAGE_DATE,ORDER_CODE,CUS_ID) values (182,'적립',5940,5940,to_date('23/10/06','RR/MM/DD'),'ORD259','CUS139');
Insert into CM.CUSTOMER_MILEAGE (MILEAGE_ID,MILEAGE_YN,CHANGE_MIL,REMAIN_MIL,MILEAGE_DATE,ORDER_CODE,CUS_ID) values (183,'적립',2460,9120,to_date('23/05/11','RR/MM/DD'),'ORD292','CUS037');
Insert into CM.CUSTOMER_MILEAGE (MILEAGE_ID,MILEAGE_YN,CHANGE_MIL,REMAIN_MIL,MILEAGE_DATE,ORDER_CODE,CUS_ID) values (184,'적립',12400,18060,to_date('21/01/21','RR/MM/DD'),'ORD290','CUS004');
Insert into CM.CUSTOMER_MILEAGE (MILEAGE_ID,MILEAGE_YN,CHANGE_MIL,REMAIN_MIL,MILEAGE_DATE,ORDER_CODE,CUS_ID) values (185,'적립',6340,6340,to_date('22/07/17','RR/MM/DD'),'ORD102','CUS152');
Insert into CM.CUSTOMER_MILEAGE (MILEAGE_ID,MILEAGE_YN,CHANGE_MIL,REMAIN_MIL,MILEAGE_DATE,ORDER_CODE,CUS_ID) values (186,'적립',2320,2320,to_date('20/06/12','RR/MM/DD'),'ORD158','CUS070');
Insert into CM.CUSTOMER_MILEAGE (MILEAGE_ID,MILEAGE_YN,CHANGE_MIL,REMAIN_MIL,MILEAGE_DATE,ORDER_CODE,CUS_ID) values (187,'적립',5960,12900,to_date('21/02/17','RR/MM/DD'),'ORD129','CUS087');
Insert into CM.CUSTOMER_MILEAGE (MILEAGE_ID,MILEAGE_YN,CHANGE_MIL,REMAIN_MIL,MILEAGE_DATE,ORDER_CODE,CUS_ID) values (188,'적립',20040,21120,to_date('23/06/06','RR/MM/DD'),'ORD163','CUS020');
Insert into CM.CUSTOMER_MILEAGE (MILEAGE_ID,MILEAGE_YN,CHANGE_MIL,REMAIN_MIL,MILEAGE_DATE,ORDER_CODE,CUS_ID) values (189,'적립',8000,8000,to_date('22/02/17','RR/MM/DD'),'ORD053','CUS170');
Insert into CM.CUSTOMER_MILEAGE (MILEAGE_ID,MILEAGE_YN,CHANGE_MIL,REMAIN_MIL,MILEAGE_DATE,ORDER_CODE,CUS_ID) values (190,'관리자추가',3000,3000,to_date('21/09/16','RR/MM/DD'),null,'CUS044');
Insert into CM.CUSTOMER_MILEAGE (MILEAGE_ID,MILEAGE_YN,CHANGE_MIL,REMAIN_MIL,MILEAGE_DATE,ORDER_CODE,CUS_ID) values (191,'적립',620,1620,to_date('22/02/06','RR/MM/DD'),'ORD208','CUS036');
Insert into CM.CUSTOMER_MILEAGE (MILEAGE_ID,MILEAGE_YN,CHANGE_MIL,REMAIN_MIL,MILEAGE_DATE,ORDER_CODE,CUS_ID) values (192,'적립',5580,9000,to_date('23/12/11','RR/MM/DD'),'ORD222','CUS048');
Insert into CM.CUSTOMER_MILEAGE (MILEAGE_ID,MILEAGE_YN,CHANGE_MIL,REMAIN_MIL,MILEAGE_DATE,ORDER_CODE,CUS_ID) values (193,'관리자감소',0,0,to_date('21/02/23','RR/MM/DD'),null,'CUS071');
Insert into CM.CUSTOMER_MILEAGE (MILEAGE_ID,MILEAGE_YN,CHANGE_MIL,REMAIN_MIL,MILEAGE_DATE,ORDER_CODE,CUS_ID) values (194,'적립',9760,9760,to_date('20/06/25','RR/MM/DD'),'ORD058','CUS156');
Insert into CM.CUSTOMER_MILEAGE (MILEAGE_ID,MILEAGE_YN,CHANGE_MIL,REMAIN_MIL,MILEAGE_DATE,ORDER_CODE,CUS_ID) values (195,'관리자추가',2000,2000,to_date('25/02/22','RR/MM/DD'),null,'CUS035');
Insert into CM.CUSTOMER_MILEAGE (MILEAGE_ID,MILEAGE_YN,CHANGE_MIL,REMAIN_MIL,MILEAGE_DATE,ORDER_CODE,CUS_ID) values (196,'적립',5220,11480,to_date('20/12/29','RR/MM/DD'),'ORD164','CUS056');
Insert into CM.CUSTOMER_MILEAGE (MILEAGE_ID,MILEAGE_YN,CHANGE_MIL,REMAIN_MIL,MILEAGE_DATE,ORDER_CODE,CUS_ID) values (197,'적립',680,680,to_date('23/08/12','RR/MM/DD'),'ORD244','CUS062');
Insert into CM.CUSTOMER_MILEAGE (MILEAGE_ID,MILEAGE_YN,CHANGE_MIL,REMAIN_MIL,MILEAGE_DATE,ORDER_CODE,CUS_ID) values (198,'관리자감소',0,0,to_date('21/07/23','RR/MM/DD'),null,'CUS132');
Insert into CM.CUSTOMER_MILEAGE (MILEAGE_ID,MILEAGE_YN,CHANGE_MIL,REMAIN_MIL,MILEAGE_DATE,ORDER_CODE,CUS_ID) values (199,'적립',4200,7320,to_date('21/02/13','RR/MM/DD'),'ORD050','CUS175');
Insert into CM.CUSTOMER_MILEAGE (MILEAGE_ID,MILEAGE_YN,CHANGE_MIL,REMAIN_MIL,MILEAGE_DATE,ORDER_CODE,CUS_ID) values (200,'관리자추가',500,500,to_date('24/03/24','RR/MM/DD'),null,'CUS182');
REM INSERTING into CM.ORDER_DETAILS
SET DEFINE OFF;
Insert into CM.ORDER_DETAILS (ORDER_CODE,ORDER_PRICE,ORDER_DATE,TOTAL_COST,CUS_ID) values ('ORD1763431829169',59000,to_date('25/11/18','RR/MM/DD'),590000,'CUS193');
Insert into CM.ORDER_DETAILS (ORDER_CODE,ORDER_PRICE,ORDER_DATE,TOTAL_COST,CUS_ID) values ('ORD160',171000,to_date('21/07/19','RR/MM/DD'),171000,'CUS048');
Insert into CM.ORDER_DETAILS (ORDER_CODE,ORDER_PRICE,ORDER_DATE,TOTAL_COST,CUS_ID) values ('ORD161',3360000,to_date('24/01/22','RR/MM/DD'),3360000,'CUS112');
Insert into CM.ORDER_DETAILS (ORDER_CODE,ORDER_PRICE,ORDER_DATE,TOTAL_COST,CUS_ID) values ('ORD162',150000,to_date('20/09/06','RR/MM/DD'),150000,'CUS157');
Insert into CM.ORDER_DETAILS (ORDER_CODE,ORDER_PRICE,ORDER_DATE,TOTAL_COST,CUS_ID) values ('ORD163',1002000,to_date('23/03/17','RR/MM/DD'),1002000,'CUS020');
Insert into CM.ORDER_DETAILS (ORDER_CODE,ORDER_PRICE,ORDER_DATE,TOTAL_COST,CUS_ID) values ('ORD164',261000,to_date('21/10/19','RR/MM/DD'),261000,'CUS056');
Insert into CM.ORDER_DETAILS (ORDER_CODE,ORDER_PRICE,ORDER_DATE,TOTAL_COST,CUS_ID) values ('ORD165',1423000,to_date('25/04/04','RR/MM/DD'),1423000,'CUS015');
Insert into CM.ORDER_DETAILS (ORDER_CODE,ORDER_PRICE,ORDER_DATE,TOTAL_COST,CUS_ID) values ('ORD166',194000,to_date('20/04/06','RR/MM/DD'),194000,'CUS112');
Insert into CM.ORDER_DETAILS (ORDER_CODE,ORDER_PRICE,ORDER_DATE,TOTAL_COST,CUS_ID) values ('ORD167',840000,to_date('21/11/24','RR/MM/DD'),840000,'CUS145');
Insert into CM.ORDER_DETAILS (ORDER_CODE,ORDER_PRICE,ORDER_DATE,TOTAL_COST,CUS_ID) values ('ORD168',135000,to_date('20/11/11','RR/MM/DD'),135000,'CUS128');
Insert into CM.ORDER_DETAILS (ORDER_CODE,ORDER_PRICE,ORDER_DATE,TOTAL_COST,CUS_ID) values ('ORD169',402000,to_date('25/08/24','RR/MM/DD'),402000,'CUS198');
Insert into CM.ORDER_DETAILS (ORDER_CODE,ORDER_PRICE,ORDER_DATE,TOTAL_COST,CUS_ID) values ('ORD170',156000,to_date('20/04/18','RR/MM/DD'),156000,'CUS144');
Insert into CM.ORDER_DETAILS (ORDER_CODE,ORDER_PRICE,ORDER_DATE,TOTAL_COST,CUS_ID) values ('ORD171',499000,to_date('20/12/11','RR/MM/DD'),499000,'CUS141');
Insert into CM.ORDER_DETAILS (ORDER_CODE,ORDER_PRICE,ORDER_DATE,TOTAL_COST,CUS_ID) values ('ORD172',90000,to_date('21/06/15','RR/MM/DD'),90000,'CUS104');
Insert into CM.ORDER_DETAILS (ORDER_CODE,ORDER_PRICE,ORDER_DATE,TOTAL_COST,CUS_ID) values ('ORD173',381000,to_date('24/12/29','RR/MM/DD'),381000,'CUS127');
Insert into CM.ORDER_DETAILS (ORDER_CODE,ORDER_PRICE,ORDER_DATE,TOTAL_COST,CUS_ID) values ('ORD174',14000,to_date('23/01/19','RR/MM/DD'),14000,'CUS098');
Insert into CM.ORDER_DETAILS (ORDER_CODE,ORDER_PRICE,ORDER_DATE,TOTAL_COST,CUS_ID) values ('ORD175',168000,to_date('24/03/16','RR/MM/DD'),168000,'CUS017');
Insert into CM.ORDER_DETAILS (ORDER_CODE,ORDER_PRICE,ORDER_DATE,TOTAL_COST,CUS_ID) values ('ORD176',283000,to_date('20/03/17','RR/MM/DD'),283000,'CUS018');
Insert into CM.ORDER_DETAILS (ORDER_CODE,ORDER_PRICE,ORDER_DATE,TOTAL_COST,CUS_ID) values ('ORD177',192000,to_date('20/02/24','RR/MM/DD'),192000,'CUS186');
Insert into CM.ORDER_DETAILS (ORDER_CODE,ORDER_PRICE,ORDER_DATE,TOTAL_COST,CUS_ID) values ('ORD178',70000,to_date('21/03/20','RR/MM/DD'),70000,'CUS172');
Insert into CM.ORDER_DETAILS (ORDER_CODE,ORDER_PRICE,ORDER_DATE,TOTAL_COST,CUS_ID) values ('ORD179',564000,to_date('24/12/14','RR/MM/DD'),564000,'CUS164');
Insert into CM.ORDER_DETAILS (ORDER_CODE,ORDER_PRICE,ORDER_DATE,TOTAL_COST,CUS_ID) values ('ORD180',174000,to_date('21/09/27','RR/MM/DD'),174000,'CUS126');
Insert into CM.ORDER_DETAILS (ORDER_CODE,ORDER_PRICE,ORDER_DATE,TOTAL_COST,CUS_ID) values ('ORD181',429000,to_date('22/05/05','RR/MM/DD'),429000,'CUS001');
Insert into CM.ORDER_DETAILS (ORDER_CODE,ORDER_PRICE,ORDER_DATE,TOTAL_COST,CUS_ID) values ('ORD182',4133000,to_date('22/09/05','RR/MM/DD'),4133000,'CUS189');
Insert into CM.ORDER_DETAILS (ORDER_CODE,ORDER_PRICE,ORDER_DATE,TOTAL_COST,CUS_ID) values ('ORD183',155000,to_date('23/04/11','RR/MM/DD'),155000,'CUS109');
Insert into CM.ORDER_DETAILS (ORDER_CODE,ORDER_PRICE,ORDER_DATE,TOTAL_COST,CUS_ID) values ('ORD184',120000,to_date('25/01/14','RR/MM/DD'),120000,'CUS185');
Insert into CM.ORDER_DETAILS (ORDER_CODE,ORDER_PRICE,ORDER_DATE,TOTAL_COST,CUS_ID) values ('ORD185',296000,to_date('25/02/15','RR/MM/DD'),296000,'CUS039');
Insert into CM.ORDER_DETAILS (ORDER_CODE,ORDER_PRICE,ORDER_DATE,TOTAL_COST,CUS_ID) values ('ORD186',118500,to_date('25/02/10','RR/MM/DD'),118500,'CUS091');
Insert into CM.ORDER_DETAILS (ORDER_CODE,ORDER_PRICE,ORDER_DATE,TOTAL_COST,CUS_ID) values ('ORD187',201000,to_date('24/02/27','RR/MM/DD'),201000,'CUS058');
Insert into CM.ORDER_DETAILS (ORDER_CODE,ORDER_PRICE,ORDER_DATE,TOTAL_COST,CUS_ID) values ('ORD188',470000,to_date('24/12/01','RR/MM/DD'),470000,'CUS068');
Insert into CM.ORDER_DETAILS (ORDER_CODE,ORDER_PRICE,ORDER_DATE,TOTAL_COST,CUS_ID) values ('ORD189',354000,to_date('22/09/28','RR/MM/DD'),354000,'CUS089');
Insert into CM.ORDER_DETAILS (ORDER_CODE,ORDER_PRICE,ORDER_DATE,TOTAL_COST,CUS_ID) values ('ORD190',135000,to_date('22/11/25','RR/MM/DD'),135000,'CUS130');
Insert into CM.ORDER_DETAILS (ORDER_CODE,ORDER_PRICE,ORDER_DATE,TOTAL_COST,CUS_ID) values ('ORD191',954000,to_date('20/08/09','RR/MM/DD'),954000,'CUS058');
Insert into CM.ORDER_DETAILS (ORDER_CODE,ORDER_PRICE,ORDER_DATE,TOTAL_COST,CUS_ID) values ('ORD192',450000,to_date('21/11/05','RR/MM/DD'),450000,'CUS087');
Insert into CM.ORDER_DETAILS (ORDER_CODE,ORDER_PRICE,ORDER_DATE,TOTAL_COST,CUS_ID) values ('ORD193',2502000,to_date('23/11/18','RR/MM/DD'),2502000,'CUS145');
Insert into CM.ORDER_DETAILS (ORDER_CODE,ORDER_PRICE,ORDER_DATE,TOTAL_COST,CUS_ID) values ('ORD194',88000,to_date('24/01/13','RR/MM/DD'),88000,'CUS119');
Insert into CM.ORDER_DETAILS (ORDER_CODE,ORDER_PRICE,ORDER_DATE,TOTAL_COST,CUS_ID) values ('ORD195',257000,to_date('23/02/16','RR/MM/DD'),257000,'CUS112');
Insert into CM.ORDER_DETAILS (ORDER_CODE,ORDER_PRICE,ORDER_DATE,TOTAL_COST,CUS_ID) values ('ORD196',322500,to_date('20/04/19','RR/MM/DD'),322500,'CUS061');
Insert into CM.ORDER_DETAILS (ORDER_CODE,ORDER_PRICE,ORDER_DATE,TOTAL_COST,CUS_ID) values ('ORD197',1449000,to_date('24/10/12','RR/MM/DD'),1449000,'CUS177');
Insert into CM.ORDER_DETAILS (ORDER_CODE,ORDER_PRICE,ORDER_DATE,TOTAL_COST,CUS_ID) values ('ORD198',938000,to_date('25/10/25','RR/MM/DD'),938000,'CUS127');
Insert into CM.ORDER_DETAILS (ORDER_CODE,ORDER_PRICE,ORDER_DATE,TOTAL_COST,CUS_ID) values ('ORD199',900000,to_date('21/11/13','RR/MM/DD'),900000,'CUS030');
Insert into CM.ORDER_DETAILS (ORDER_CODE,ORDER_PRICE,ORDER_DATE,TOTAL_COST,CUS_ID) values ('ORD200',125000,to_date('24/01/09','RR/MM/DD'),125000,'CUS074');
Insert into CM.ORDER_DETAILS (ORDER_CODE,ORDER_PRICE,ORDER_DATE,TOTAL_COST,CUS_ID) values ('ORD201',966000,to_date('22/03/02','RR/MM/DD'),966000,'CUS016');
Insert into CM.ORDER_DETAILS (ORDER_CODE,ORDER_PRICE,ORDER_DATE,TOTAL_COST,CUS_ID) values ('ORD202',224000,to_date('21/05/20','RR/MM/DD'),224000,'CUS056');
Insert into CM.ORDER_DETAILS (ORDER_CODE,ORDER_PRICE,ORDER_DATE,TOTAL_COST,CUS_ID) values ('ORD203',134000,to_date('21/08/20','RR/MM/DD'),134000,'CUS177');
Insert into CM.ORDER_DETAILS (ORDER_CODE,ORDER_PRICE,ORDER_DATE,TOTAL_COST,CUS_ID) values ('ORD204',292000,to_date('20/05/28','RR/MM/DD'),292000,'CUS113');
Insert into CM.ORDER_DETAILS (ORDER_CODE,ORDER_PRICE,ORDER_DATE,TOTAL_COST,CUS_ID) values ('ORD205',16500,to_date('23/11/22','RR/MM/DD'),16500,'CUS043');
Insert into CM.ORDER_DETAILS (ORDER_CODE,ORDER_PRICE,ORDER_DATE,TOTAL_COST,CUS_ID) values ('ORD206',24000,to_date('20/08/09','RR/MM/DD'),24000,'CUS179');
Insert into CM.ORDER_DETAILS (ORDER_CODE,ORDER_PRICE,ORDER_DATE,TOTAL_COST,CUS_ID) values ('ORD207',96000,to_date('22/09/19','RR/MM/DD'),96000,'CUS072');
Insert into CM.ORDER_DETAILS (ORDER_CODE,ORDER_PRICE,ORDER_DATE,TOTAL_COST,CUS_ID) values ('ORD208',31000,to_date('23/12/04','RR/MM/DD'),31000,'CUS036');
Insert into CM.ORDER_DETAILS (ORDER_CODE,ORDER_PRICE,ORDER_DATE,TOTAL_COST,CUS_ID) values ('ORD001',333000,to_date('24/09/30','RR/MM/DD'),333000,'CUS141');
Insert into CM.ORDER_DETAILS (ORDER_CODE,ORDER_PRICE,ORDER_DATE,TOTAL_COST,CUS_ID) values ('ORD002',120000,to_date('25/11/01','RR/MM/DD'),120000,'CUS143');
Insert into CM.ORDER_DETAILS (ORDER_CODE,ORDER_PRICE,ORDER_DATE,TOTAL_COST,CUS_ID) values ('ORD003',116000,to_date('23/03/18','RR/MM/DD'),116000,'CUS018');
Insert into CM.ORDER_DETAILS (ORDER_CODE,ORDER_PRICE,ORDER_DATE,TOTAL_COST,CUS_ID) values ('ORD004',33000,to_date('24/11/16','RR/MM/DD'),33000,'CUS123');
Insert into CM.ORDER_DETAILS (ORDER_CODE,ORDER_PRICE,ORDER_DATE,TOTAL_COST,CUS_ID) values ('ORD005',362000,to_date('25/10/16','RR/MM/DD'),362000,'CUS179');
Insert into CM.ORDER_DETAILS (ORDER_CODE,ORDER_PRICE,ORDER_DATE,TOTAL_COST,CUS_ID) values ('ORD006',88000,to_date('23/10/26','RR/MM/DD'),88000,'CUS047');
Insert into CM.ORDER_DETAILS (ORDER_CODE,ORDER_PRICE,ORDER_DATE,TOTAL_COST,CUS_ID) values ('ORD007',362000,to_date('22/05/02','RR/MM/DD'),362000,'CUS113');
Insert into CM.ORDER_DETAILS (ORDER_CODE,ORDER_PRICE,ORDER_DATE,TOTAL_COST,CUS_ID) values ('ORD008',151000,to_date('22/01/22','RR/MM/DD'),151000,'CUS046');
Insert into CM.ORDER_DETAILS (ORDER_CODE,ORDER_PRICE,ORDER_DATE,TOTAL_COST,CUS_ID) values ('ORD009',156000,to_date('23/04/27','RR/MM/DD'),156000,'CUS143');
Insert into CM.ORDER_DETAILS (ORDER_CODE,ORDER_PRICE,ORDER_DATE,TOTAL_COST,CUS_ID) values ('ORD010',300000,to_date('23/07/09','RR/MM/DD'),300000,'CUS157');
Insert into CM.ORDER_DETAILS (ORDER_CODE,ORDER_PRICE,ORDER_DATE,TOTAL_COST,CUS_ID) values ('ORD011',450000,to_date('24/08/08','RR/MM/DD'),450000,'CUS175');
Insert into CM.ORDER_DETAILS (ORDER_CODE,ORDER_PRICE,ORDER_DATE,TOTAL_COST,CUS_ID) values ('ORD012',36000,to_date('24/05/13','RR/MM/DD'),36000,'CUS110');
Insert into CM.ORDER_DETAILS (ORDER_CODE,ORDER_PRICE,ORDER_DATE,TOTAL_COST,CUS_ID) values ('ORD013',150000,to_date('24/08/15','RR/MM/DD'),150000,'CUS086');
Insert into CM.ORDER_DETAILS (ORDER_CODE,ORDER_PRICE,ORDER_DATE,TOTAL_COST,CUS_ID) values ('ORD014',110000,to_date('22/10/24','RR/MM/DD'),110000,'CUS002');
Insert into CM.ORDER_DETAILS (ORDER_CODE,ORDER_PRICE,ORDER_DATE,TOTAL_COST,CUS_ID) values ('ORD015',260000,to_date('22/10/07','RR/MM/DD'),260000,'CUS152');
Insert into CM.ORDER_DETAILS (ORDER_CODE,ORDER_PRICE,ORDER_DATE,TOTAL_COST,CUS_ID) values ('ORD016',126000,to_date('20/06/07','RR/MM/DD'),126000,'CUS049');
Insert into CM.ORDER_DETAILS (ORDER_CODE,ORDER_PRICE,ORDER_DATE,TOTAL_COST,CUS_ID) values ('ORD017',262000,to_date('25/07/16','RR/MM/DD'),262000,'CUS016');
Insert into CM.ORDER_DETAILS (ORDER_CODE,ORDER_PRICE,ORDER_DATE,TOTAL_COST,CUS_ID) values ('ORD018',80500,to_date('24/10/23','RR/MM/DD'),80500,'CUS002');
Insert into CM.ORDER_DETAILS (ORDER_CODE,ORDER_PRICE,ORDER_DATE,TOTAL_COST,CUS_ID) values ('ORD019',170600,to_date('22/10/07','RR/MM/DD'),170600,'CUS080');
Insert into CM.ORDER_DETAILS (ORDER_CODE,ORDER_PRICE,ORDER_DATE,TOTAL_COST,CUS_ID) values ('ORD020',114000,to_date('20/01/13','RR/MM/DD'),114000,'CUS034');
Insert into CM.ORDER_DETAILS (ORDER_CODE,ORDER_PRICE,ORDER_DATE,TOTAL_COST,CUS_ID) values ('ORD021',710000,to_date('24/08/27','RR/MM/DD'),710000,'CUS054');
Insert into CM.ORDER_DETAILS (ORDER_CODE,ORDER_PRICE,ORDER_DATE,TOTAL_COST,CUS_ID) values ('ORD022',253000,to_date('23/12/04','RR/MM/DD'),253000,'CUS134');
Insert into CM.ORDER_DETAILS (ORDER_CODE,ORDER_PRICE,ORDER_DATE,TOTAL_COST,CUS_ID) values ('ORD023',295000,to_date('21/08/19','RR/MM/DD'),295000,'CUS142');
Insert into CM.ORDER_DETAILS (ORDER_CODE,ORDER_PRICE,ORDER_DATE,TOTAL_COST,CUS_ID) values ('ORD024',73800,to_date('21/04/25','RR/MM/DD'),73800,'CUS025');
Insert into CM.ORDER_DETAILS (ORDER_CODE,ORDER_PRICE,ORDER_DATE,TOTAL_COST,CUS_ID) values ('ORD025',114000,to_date('21/09/11','RR/MM/DD'),114000,'CUS104');
Insert into CM.ORDER_DETAILS (ORDER_CODE,ORDER_PRICE,ORDER_DATE,TOTAL_COST,CUS_ID) values ('ORD026',119000,to_date('22/01/15','RR/MM/DD'),119000,'CUS096');
Insert into CM.ORDER_DETAILS (ORDER_CODE,ORDER_PRICE,ORDER_DATE,TOTAL_COST,CUS_ID) values ('ORD027',268000,to_date('24/07/07','RR/MM/DD'),268000,'CUS072');
Insert into CM.ORDER_DETAILS (ORDER_CODE,ORDER_PRICE,ORDER_DATE,TOTAL_COST,CUS_ID) values ('ORD028',283000,to_date('24/07/24','RR/MM/DD'),283000,'CUS004');
Insert into CM.ORDER_DETAILS (ORDER_CODE,ORDER_PRICE,ORDER_DATE,TOTAL_COST,CUS_ID) values ('ORD029',77000,to_date('21/11/05','RR/MM/DD'),77000,'CUS004');
Insert into CM.ORDER_DETAILS (ORDER_CODE,ORDER_PRICE,ORDER_DATE,TOTAL_COST,CUS_ID) values ('ORD030',244000,to_date('25/09/11','RR/MM/DD'),244000,'CUS024');
Insert into CM.ORDER_DETAILS (ORDER_CODE,ORDER_PRICE,ORDER_DATE,TOTAL_COST,CUS_ID) values ('ORD031',230000,to_date('21/01/31','RR/MM/DD'),230000,'CUS147');
Insert into CM.ORDER_DETAILS (ORDER_CODE,ORDER_PRICE,ORDER_DATE,TOTAL_COST,CUS_ID) values ('ORD032',1407000,to_date('25/08/11','RR/MM/DD'),1407000,'CUS095');
Insert into CM.ORDER_DETAILS (ORDER_CODE,ORDER_PRICE,ORDER_DATE,TOTAL_COST,CUS_ID) values ('ORD033',1465000,to_date('25/05/13','RR/MM/DD'),1465000,'CUS101');
Insert into CM.ORDER_DETAILS (ORDER_CODE,ORDER_PRICE,ORDER_DATE,TOTAL_COST,CUS_ID) values ('ORD034',44000,to_date('23/10/26','RR/MM/DD'),44000,'CUS002');
Insert into CM.ORDER_DETAILS (ORDER_CODE,ORDER_PRICE,ORDER_DATE,TOTAL_COST,CUS_ID) values ('ORD035',390000,to_date('23/12/20','RR/MM/DD'),390000,'CUS115');
Insert into CM.ORDER_DETAILS (ORDER_CODE,ORDER_PRICE,ORDER_DATE,TOTAL_COST,CUS_ID) values ('ORD036',130000,to_date('24/12/09','RR/MM/DD'),130000,'CUS083');
Insert into CM.ORDER_DETAILS (ORDER_CODE,ORDER_PRICE,ORDER_DATE,TOTAL_COST,CUS_ID) values ('ORD037',354000,to_date('23/06/11','RR/MM/DD'),354000,'CUS055');
Insert into CM.ORDER_DETAILS (ORDER_CODE,ORDER_PRICE,ORDER_DATE,TOTAL_COST,CUS_ID) values ('ORD038',375000,to_date('23/09/22','RR/MM/DD'),375000,'CUS131');
Insert into CM.ORDER_DETAILS (ORDER_CODE,ORDER_PRICE,ORDER_DATE,TOTAL_COST,CUS_ID) values ('ORD039',84000,to_date('22/01/21','RR/MM/DD'),84000,'CUS028');
Insert into CM.ORDER_DETAILS (ORDER_CODE,ORDER_PRICE,ORDER_DATE,TOTAL_COST,CUS_ID) values ('ORD040',471000,to_date('22/09/02','RR/MM/DD'),471000,'CUS196');
Insert into CM.ORDER_DETAILS (ORDER_CODE,ORDER_PRICE,ORDER_DATE,TOTAL_COST,CUS_ID) values ('ORD041',22000,to_date('21/12/08','RR/MM/DD'),22000,'CUS163');
Insert into CM.ORDER_DETAILS (ORDER_CODE,ORDER_PRICE,ORDER_DATE,TOTAL_COST,CUS_ID) values ('ORD042',93000,to_date('25/01/11','RR/MM/DD'),93000,'CUS120');
Insert into CM.ORDER_DETAILS (ORDER_CODE,ORDER_PRICE,ORDER_DATE,TOTAL_COST,CUS_ID) values ('ORD043',182000,to_date('20/10/15','RR/MM/DD'),182000,'CUS003');
Insert into CM.ORDER_DETAILS (ORDER_CODE,ORDER_PRICE,ORDER_DATE,TOTAL_COST,CUS_ID) values ('ORD044',166000,to_date('22/10/23','RR/MM/DD'),166000,'CUS173');
Insert into CM.ORDER_DETAILS (ORDER_CODE,ORDER_PRICE,ORDER_DATE,TOTAL_COST,CUS_ID) values ('ORD045',58000,to_date('22/09/06','RR/MM/DD'),58000,'CUS100');
Insert into CM.ORDER_DETAILS (ORDER_CODE,ORDER_PRICE,ORDER_DATE,TOTAL_COST,CUS_ID) values ('ORD046',4797000,to_date('23/02/24','RR/MM/DD'),4797000,'CUS192');
Insert into CM.ORDER_DETAILS (ORDER_CODE,ORDER_PRICE,ORDER_DATE,TOTAL_COST,CUS_ID) values ('ORD047',109000,to_date('24/03/21','RR/MM/DD'),109000,'CUS197');
Insert into CM.ORDER_DETAILS (ORDER_CODE,ORDER_PRICE,ORDER_DATE,TOTAL_COST,CUS_ID) values ('ORD048',18000,to_date('20/09/12','RR/MM/DD'),18000,'CUS062');
Insert into CM.ORDER_DETAILS (ORDER_CODE,ORDER_PRICE,ORDER_DATE,TOTAL_COST,CUS_ID) values ('ORD049',87000,to_date('23/09/21','RR/MM/DD'),87000,'CUS003');
Insert into CM.ORDER_DETAILS (ORDER_CODE,ORDER_PRICE,ORDER_DATE,TOTAL_COST,CUS_ID) values ('ORD050',210000,to_date('21/05/23','RR/MM/DD'),210000,'CUS175');
Insert into CM.ORDER_DETAILS (ORDER_CODE,ORDER_PRICE,ORDER_DATE,TOTAL_COST,CUS_ID) values ('ORD051',322000,to_date('21/11/30','RR/MM/DD'),322000,'CUS137');
Insert into CM.ORDER_DETAILS (ORDER_CODE,ORDER_PRICE,ORDER_DATE,TOTAL_COST,CUS_ID) values ('ORD052',81000,to_date('24/07/04','RR/MM/DD'),81000,'CUS109');
Insert into CM.ORDER_DETAILS (ORDER_CODE,ORDER_PRICE,ORDER_DATE,TOTAL_COST,CUS_ID) values ('ORD053',400000,to_date('25/08/22','RR/MM/DD'),400000,'CUS170');
Insert into CM.ORDER_DETAILS (ORDER_CODE,ORDER_PRICE,ORDER_DATE,TOTAL_COST,CUS_ID) values ('ORD054',651000,to_date('21/10/06','RR/MM/DD'),651000,'CUS165');
Insert into CM.ORDER_DETAILS (ORDER_CODE,ORDER_PRICE,ORDER_DATE,TOTAL_COST,CUS_ID) values ('ORD055',363000,to_date('20/06/30','RR/MM/DD'),363000,'CUS104');
Insert into CM.ORDER_DETAILS (ORDER_CODE,ORDER_PRICE,ORDER_DATE,TOTAL_COST,CUS_ID) values ('ORD056',30000,to_date('20/12/18','RR/MM/DD'),30000,'CUS195');
Insert into CM.ORDER_DETAILS (ORDER_CODE,ORDER_PRICE,ORDER_DATE,TOTAL_COST,CUS_ID) values ('ORD057',1026000,to_date('24/01/11','RR/MM/DD'),1026000,'CUS047');
Insert into CM.ORDER_DETAILS (ORDER_CODE,ORDER_PRICE,ORDER_DATE,TOTAL_COST,CUS_ID) values ('ORD058',488000,to_date('23/01/04','RR/MM/DD'),488000,'CUS156');
Insert into CM.ORDER_DETAILS (ORDER_CODE,ORDER_PRICE,ORDER_DATE,TOTAL_COST,CUS_ID) values ('ORD059',1500000,to_date('22/10/09','RR/MM/DD'),1500000,'CUS066');
Insert into CM.ORDER_DETAILS (ORDER_CODE,ORDER_PRICE,ORDER_DATE,TOTAL_COST,CUS_ID) values ('ORD060',546000,to_date('25/09/18','RR/MM/DD'),546000,'CUS140');
Insert into CM.ORDER_DETAILS (ORDER_CODE,ORDER_PRICE,ORDER_DATE,TOTAL_COST,CUS_ID) values ('ORD061',126000,to_date('24/02/09','RR/MM/DD'),126000,'CUS124');
Insert into CM.ORDER_DETAILS (ORDER_CODE,ORDER_PRICE,ORDER_DATE,TOTAL_COST,CUS_ID) values ('ORD062',137000,to_date('24/06/16','RR/MM/DD'),137000,'CUS120');
Insert into CM.ORDER_DETAILS (ORDER_CODE,ORDER_PRICE,ORDER_DATE,TOTAL_COST,CUS_ID) values ('ORD063',58000,to_date('25/08/21','RR/MM/DD'),58000,'CUS006');
Insert into CM.ORDER_DETAILS (ORDER_CODE,ORDER_PRICE,ORDER_DATE,TOTAL_COST,CUS_ID) values ('ORD064',159000,to_date('23/07/20','RR/MM/DD'),159000,'CUS047');
Insert into CM.ORDER_DETAILS (ORDER_CODE,ORDER_PRICE,ORDER_DATE,TOTAL_COST,CUS_ID) values ('ORD065',426000,to_date('22/11/27','RR/MM/DD'),426000,'CUS012');
Insert into CM.ORDER_DETAILS (ORDER_CODE,ORDER_PRICE,ORDER_DATE,TOTAL_COST,CUS_ID) values ('ORD066',231000,to_date('22/03/11','RR/MM/DD'),231000,'CUS095');
Insert into CM.ORDER_DETAILS (ORDER_CODE,ORDER_PRICE,ORDER_DATE,TOTAL_COST,CUS_ID) values ('ORD067',129000,to_date('20/07/06','RR/MM/DD'),129000,'CUS174');
Insert into CM.ORDER_DETAILS (ORDER_CODE,ORDER_PRICE,ORDER_DATE,TOTAL_COST,CUS_ID) values ('ORD068',73000,to_date('21/11/30','RR/MM/DD'),73000,'CUS063');
Insert into CM.ORDER_DETAILS (ORDER_CODE,ORDER_PRICE,ORDER_DATE,TOTAL_COST,CUS_ID) values ('ORD069',3657000,to_date('21/11/21','RR/MM/DD'),3657000,'CUS108');
Insert into CM.ORDER_DETAILS (ORDER_CODE,ORDER_PRICE,ORDER_DATE,TOTAL_COST,CUS_ID) values ('ORD070',505000,to_date('21/08/18','RR/MM/DD'),505000,'CUS081');
Insert into CM.ORDER_DETAILS (ORDER_CODE,ORDER_PRICE,ORDER_DATE,TOTAL_COST,CUS_ID) values ('ORD071',868600,to_date('23/01/24','RR/MM/DD'),868600,'CUS100');
Insert into CM.ORDER_DETAILS (ORDER_CODE,ORDER_PRICE,ORDER_DATE,TOTAL_COST,CUS_ID) values ('ORD072',52000,to_date('21/05/06','RR/MM/DD'),52000,'CUS196');
Insert into CM.ORDER_DETAILS (ORDER_CODE,ORDER_PRICE,ORDER_DATE,TOTAL_COST,CUS_ID) values ('ORD073',42000,to_date('23/08/13','RR/MM/DD'),42000,'CUS153');
Insert into CM.ORDER_DETAILS (ORDER_CODE,ORDER_PRICE,ORDER_DATE,TOTAL_COST,CUS_ID) values ('ORD074',2900000,to_date('24/12/08','RR/MM/DD'),2900000,'CUS055');
Insert into CM.ORDER_DETAILS (ORDER_CODE,ORDER_PRICE,ORDER_DATE,TOTAL_COST,CUS_ID) values ('ORD075',398000,to_date('23/12/27','RR/MM/DD'),398000,'CUS003');
Insert into CM.ORDER_DETAILS (ORDER_CODE,ORDER_PRICE,ORDER_DATE,TOTAL_COST,CUS_ID) values ('ORD076',260000,to_date('21/12/17','RR/MM/DD'),260000,'CUS081');
Insert into CM.ORDER_DETAILS (ORDER_CODE,ORDER_PRICE,ORDER_DATE,TOTAL_COST,CUS_ID) values ('ORD077',390000,to_date('24/08/09','RR/MM/DD'),390000,'CUS049');
Insert into CM.ORDER_DETAILS (ORDER_CODE,ORDER_PRICE,ORDER_DATE,TOTAL_COST,CUS_ID) values ('ORD078',200000,to_date('22/09/17','RR/MM/DD'),200000,'CUS045');
Insert into CM.ORDER_DETAILS (ORDER_CODE,ORDER_PRICE,ORDER_DATE,TOTAL_COST,CUS_ID) values ('ORD079',319000,to_date('24/12/12','RR/MM/DD'),319000,'CUS064');
Insert into CM.ORDER_DETAILS (ORDER_CODE,ORDER_PRICE,ORDER_DATE,TOTAL_COST,CUS_ID) values ('ORD080',3624000,to_date('22/10/27','RR/MM/DD'),3624000,'CUS138');
Insert into CM.ORDER_DETAILS (ORDER_CODE,ORDER_PRICE,ORDER_DATE,TOTAL_COST,CUS_ID) values ('ORD081',6147000,to_date('23/05/25','RR/MM/DD'),6147000,'CUS031');
Insert into CM.ORDER_DETAILS (ORDER_CODE,ORDER_PRICE,ORDER_DATE,TOTAL_COST,CUS_ID) values ('ORD082',241000,to_date('25/02/21','RR/MM/DD'),241000,'CUS112');
Insert into CM.ORDER_DETAILS (ORDER_CODE,ORDER_PRICE,ORDER_DATE,TOTAL_COST,CUS_ID) values ('ORD083',24000,to_date('20/09/14','RR/MM/DD'),24000,'CUS189');
Insert into CM.ORDER_DETAILS (ORDER_CODE,ORDER_PRICE,ORDER_DATE,TOTAL_COST,CUS_ID) values ('ORD084',92000,to_date('21/04/17','RR/MM/DD'),92000,'CUS133');
Insert into CM.ORDER_DETAILS (ORDER_CODE,ORDER_PRICE,ORDER_DATE,TOTAL_COST,CUS_ID) values ('ORD085',145500,to_date('22/12/01','RR/MM/DD'),145500,'CUS015');
Insert into CM.ORDER_DETAILS (ORDER_CODE,ORDER_PRICE,ORDER_DATE,TOTAL_COST,CUS_ID) values ('ORD086',73000,to_date('24/02/04','RR/MM/DD'),73000,'CUS002');
Insert into CM.ORDER_DETAILS (ORDER_CODE,ORDER_PRICE,ORDER_DATE,TOTAL_COST,CUS_ID) values ('ORD087',430000,to_date('24/10/09','RR/MM/DD'),430000,'CUS068');
Insert into CM.ORDER_DETAILS (ORDER_CODE,ORDER_PRICE,ORDER_DATE,TOTAL_COST,CUS_ID) values ('ORD088',140800,to_date('20/10/01','RR/MM/DD'),140800,'CUS180');
Insert into CM.ORDER_DETAILS (ORDER_CODE,ORDER_PRICE,ORDER_DATE,TOTAL_COST,CUS_ID) values ('ORD089',63000,to_date('23/12/14','RR/MM/DD'),63000,'CUS033');
Insert into CM.ORDER_DETAILS (ORDER_CODE,ORDER_PRICE,ORDER_DATE,TOTAL_COST,CUS_ID) values ('ORD090',145000,to_date('21/10/29','RR/MM/DD'),145000,'CUS166');
Insert into CM.ORDER_DETAILS (ORDER_CODE,ORDER_PRICE,ORDER_DATE,TOTAL_COST,CUS_ID) values ('ORD091',110000,to_date('20/10/09','RR/MM/DD'),110000,'CUS041');
Insert into CM.ORDER_DETAILS (ORDER_CODE,ORDER_PRICE,ORDER_DATE,TOTAL_COST,CUS_ID) values ('ORD092',45000,to_date('23/04/12','RR/MM/DD'),45000,'CUS164');
Insert into CM.ORDER_DETAILS (ORDER_CODE,ORDER_PRICE,ORDER_DATE,TOTAL_COST,CUS_ID) values ('ORD093',170000,to_date('24/03/17','RR/MM/DD'),170000,'CUS078');
Insert into CM.ORDER_DETAILS (ORDER_CODE,ORDER_PRICE,ORDER_DATE,TOTAL_COST,CUS_ID) values ('ORD094',720000,to_date('23/12/01','RR/MM/DD'),720000,'CUS033');
Insert into CM.ORDER_DETAILS (ORDER_CODE,ORDER_PRICE,ORDER_DATE,TOTAL_COST,CUS_ID) values ('ORD095',292000,to_date('25/10/15','RR/MM/DD'),292000,'CUS183');
Insert into CM.ORDER_DETAILS (ORDER_CODE,ORDER_PRICE,ORDER_DATE,TOTAL_COST,CUS_ID) values ('ORD096',334000,to_date('23/02/26','RR/MM/DD'),334000,'CUS150');
Insert into CM.ORDER_DETAILS (ORDER_CODE,ORDER_PRICE,ORDER_DATE,TOTAL_COST,CUS_ID) values ('ORD097',1021000,to_date('25/07/01','RR/MM/DD'),1021000,'CUS057');
Insert into CM.ORDER_DETAILS (ORDER_CODE,ORDER_PRICE,ORDER_DATE,TOTAL_COST,CUS_ID) values ('ORD098',50000,to_date('22/04/24','RR/MM/DD'),50000,'CUS110');
Insert into CM.ORDER_DETAILS (ORDER_CODE,ORDER_PRICE,ORDER_DATE,TOTAL_COST,CUS_ID) values ('ORD099',24000,to_date('22/09/17','RR/MM/DD'),24000,'CUS101');
Insert into CM.ORDER_DETAILS (ORDER_CODE,ORDER_PRICE,ORDER_DATE,TOTAL_COST,CUS_ID) values ('ORD100',360000,to_date('23/04/15','RR/MM/DD'),360000,'CUS109');
Insert into CM.ORDER_DETAILS (ORDER_CODE,ORDER_PRICE,ORDER_DATE,TOTAL_COST,CUS_ID) values ('ORD101',293000,to_date('24/10/17','RR/MM/DD'),293000,'CUS002');
Insert into CM.ORDER_DETAILS (ORDER_CODE,ORDER_PRICE,ORDER_DATE,TOTAL_COST,CUS_ID) values ('ORD102',317000,to_date('25/06/17','RR/MM/DD'),317000,'CUS152');
Insert into CM.ORDER_DETAILS (ORDER_CODE,ORDER_PRICE,ORDER_DATE,TOTAL_COST,CUS_ID) values ('ORD103',900000,to_date('22/03/26','RR/MM/DD'),900000,'CUS101');
Insert into CM.ORDER_DETAILS (ORDER_CODE,ORDER_PRICE,ORDER_DATE,TOTAL_COST,CUS_ID) values ('ORD104',360000,to_date('25/02/05','RR/MM/DD'),360000,'CUS080');
Insert into CM.ORDER_DETAILS (ORDER_CODE,ORDER_PRICE,ORDER_DATE,TOTAL_COST,CUS_ID) values ('ORD105',120000,to_date('21/06/09','RR/MM/DD'),120000,'CUS058');
Insert into CM.ORDER_DETAILS (ORDER_CODE,ORDER_PRICE,ORDER_DATE,TOTAL_COST,CUS_ID) values ('ORD106',48000,to_date('22/09/21','RR/MM/DD'),48000,'CUS159');
Insert into CM.ORDER_DETAILS (ORDER_CODE,ORDER_PRICE,ORDER_DATE,TOTAL_COST,CUS_ID) values ('ORD107',361000,to_date('23/05/11','RR/MM/DD'),361000,'CUS200');
Insert into CM.ORDER_DETAILS (ORDER_CODE,ORDER_PRICE,ORDER_DATE,TOTAL_COST,CUS_ID) values ('ORD108',3966000,to_date('23/02/23','RR/MM/DD'),3966000,'CUS174');
Insert into CM.ORDER_DETAILS (ORDER_CODE,ORDER_PRICE,ORDER_DATE,TOTAL_COST,CUS_ID) values ('ORD109',168500,to_date('24/04/09','RR/MM/DD'),168500,'CUS069');
Insert into CM.ORDER_DETAILS (ORDER_CODE,ORDER_PRICE,ORDER_DATE,TOTAL_COST,CUS_ID) values ('ORD110',113000,to_date('22/07/09','RR/MM/DD'),113000,'CUS052');
Insert into CM.ORDER_DETAILS (ORDER_CODE,ORDER_PRICE,ORDER_DATE,TOTAL_COST,CUS_ID) values ('ORD111',231000,to_date('20/08/04','RR/MM/DD'),231000,'CUS053');
Insert into CM.ORDER_DETAILS (ORDER_CODE,ORDER_PRICE,ORDER_DATE,TOTAL_COST,CUS_ID) values ('ORD112',2644000,to_date('24/10/18','RR/MM/DD'),2644000,'CUS178');
Insert into CM.ORDER_DETAILS (ORDER_CODE,ORDER_PRICE,ORDER_DATE,TOTAL_COST,CUS_ID) values ('ORD113',38000,to_date('23/09/11','RR/MM/DD'),38000,'CUS066');
Insert into CM.ORDER_DETAILS (ORDER_CODE,ORDER_PRICE,ORDER_DATE,TOTAL_COST,CUS_ID) values ('ORD114',1378000,to_date('20/12/23','RR/MM/DD'),1378000,'CUS065');
Insert into CM.ORDER_DETAILS (ORDER_CODE,ORDER_PRICE,ORDER_DATE,TOTAL_COST,CUS_ID) values ('ORD115',150000,to_date('22/07/10','RR/MM/DD'),150000,'CUS134');
Insert into CM.ORDER_DETAILS (ORDER_CODE,ORDER_PRICE,ORDER_DATE,TOTAL_COST,CUS_ID) values ('ORD116',319000,to_date('25/05/18','RR/MM/DD'),319000,'CUS019');
Insert into CM.ORDER_DETAILS (ORDER_CODE,ORDER_PRICE,ORDER_DATE,TOTAL_COST,CUS_ID) values ('ORD117',237000,to_date('24/02/20','RR/MM/DD'),237000,'CUS088');
Insert into CM.ORDER_DETAILS (ORDER_CODE,ORDER_PRICE,ORDER_DATE,TOTAL_COST,CUS_ID) values ('ORD118',324000,to_date('23/06/04','RR/MM/DD'),324000,'CUS114');
Insert into CM.ORDER_DETAILS (ORDER_CODE,ORDER_PRICE,ORDER_DATE,TOTAL_COST,CUS_ID) values ('ORD119',128000,to_date('20/09/17','RR/MM/DD'),128000,'CUS016');
Insert into CM.ORDER_DETAILS (ORDER_CODE,ORDER_PRICE,ORDER_DATE,TOTAL_COST,CUS_ID) values ('ORD120',86000,to_date('23/03/02','RR/MM/DD'),86000,'CUS101');
Insert into CM.ORDER_DETAILS (ORDER_CODE,ORDER_PRICE,ORDER_DATE,TOTAL_COST,CUS_ID) values ('ORD122',741000,to_date('24/12/05','RR/MM/DD'),741000,'CUS116');
Insert into CM.ORDER_DETAILS (ORDER_CODE,ORDER_PRICE,ORDER_DATE,TOTAL_COST,CUS_ID) values ('ORD123',540000,to_date('21/10/23','RR/MM/DD'),540000,'CUS105');
Insert into CM.ORDER_DETAILS (ORDER_CODE,ORDER_PRICE,ORDER_DATE,TOTAL_COST,CUS_ID) values ('ORD124',159000,to_date('24/01/11','RR/MM/DD'),159000,'CUS163');
Insert into CM.ORDER_DETAILS (ORDER_CODE,ORDER_PRICE,ORDER_DATE,TOTAL_COST,CUS_ID) values ('ORD125',144000,to_date('21/06/26','RR/MM/DD'),144000,'CUS185');
Insert into CM.ORDER_DETAILS (ORDER_CODE,ORDER_PRICE,ORDER_DATE,TOTAL_COST,CUS_ID) values ('ORD126',312000,to_date('24/10/12','RR/MM/DD'),312000,'CUS046');
Insert into CM.ORDER_DETAILS (ORDER_CODE,ORDER_PRICE,ORDER_DATE,TOTAL_COST,CUS_ID) values ('ORD127',160800,to_date('24/09/25','RR/MM/DD'),160800,'CUS017');
Insert into CM.ORDER_DETAILS (ORDER_CODE,ORDER_PRICE,ORDER_DATE,TOTAL_COST,CUS_ID) values ('ORD128',333000,to_date('23/05/22','RR/MM/DD'),333000,'CUS037');
Insert into CM.ORDER_DETAILS (ORDER_CODE,ORDER_PRICE,ORDER_DATE,TOTAL_COST,CUS_ID) values ('ORD129',298000,to_date('25/07/08','RR/MM/DD'),298000,'CUS087');
Insert into CM.ORDER_DETAILS (ORDER_CODE,ORDER_PRICE,ORDER_DATE,TOTAL_COST,CUS_ID) values ('ORD130',508000,to_date('21/01/23','RR/MM/DD'),508000,'CUS060');
Insert into CM.ORDER_DETAILS (ORDER_CODE,ORDER_PRICE,ORDER_DATE,TOTAL_COST,CUS_ID) values ('ORD131',3720000,to_date('23/09/25','RR/MM/DD'),3720000,'CUS007');
Insert into CM.ORDER_DETAILS (ORDER_CODE,ORDER_PRICE,ORDER_DATE,TOTAL_COST,CUS_ID) values ('ORD132',606000,to_date('23/01/13','RR/MM/DD'),606000,'CUS053');
Insert into CM.ORDER_DETAILS (ORDER_CODE,ORDER_PRICE,ORDER_DATE,TOTAL_COST,CUS_ID) values ('ORD133',149000,to_date('21/06/19','RR/MM/DD'),149000,'CUS063');
Insert into CM.ORDER_DETAILS (ORDER_CODE,ORDER_PRICE,ORDER_DATE,TOTAL_COST,CUS_ID) values ('ORD134',156000,to_date('23/04/29','RR/MM/DD'),156000,'CUS150');
Insert into CM.ORDER_DETAILS (ORDER_CODE,ORDER_PRICE,ORDER_DATE,TOTAL_COST,CUS_ID) values ('ORD135',347000,to_date('25/06/09','RR/MM/DD'),347000,'CUS087');
Insert into CM.ORDER_DETAILS (ORDER_CODE,ORDER_PRICE,ORDER_DATE,TOTAL_COST,CUS_ID) values ('ORD136',156000,to_date('24/01/06','RR/MM/DD'),156000,'CUS175');
Insert into CM.ORDER_DETAILS (ORDER_CODE,ORDER_PRICE,ORDER_DATE,TOTAL_COST,CUS_ID) values ('ORD137',153000,to_date('25/10/25','RR/MM/DD'),153000,'CUS031');
Insert into CM.ORDER_DETAILS (ORDER_CODE,ORDER_PRICE,ORDER_DATE,TOTAL_COST,CUS_ID) values ('ORD138',34000,to_date('21/11/17','RR/MM/DD'),34000,'CUS194');
Insert into CM.ORDER_DETAILS (ORDER_CODE,ORDER_PRICE,ORDER_DATE,TOTAL_COST,CUS_ID) values ('ORD139',570000,to_date('20/10/25','RR/MM/DD'),570000,'CUS093');
Insert into CM.ORDER_DETAILS (ORDER_CODE,ORDER_PRICE,ORDER_DATE,TOTAL_COST,CUS_ID) values ('ORD140',2577000,to_date('25/09/29','RR/MM/DD'),2577000,'CUS181');
Insert into CM.ORDER_DETAILS (ORDER_CODE,ORDER_PRICE,ORDER_DATE,TOTAL_COST,CUS_ID) values ('ORD141',54000,to_date('23/12/07','RR/MM/DD'),54000,'CUS156');
Insert into CM.ORDER_DETAILS (ORDER_CODE,ORDER_PRICE,ORDER_DATE,TOTAL_COST,CUS_ID) values ('ORD142',101000,to_date('25/05/11','RR/MM/DD'),101000,'CUS101');
Insert into CM.ORDER_DETAILS (ORDER_CODE,ORDER_PRICE,ORDER_DATE,TOTAL_COST,CUS_ID) values ('ORD143',1317000,to_date('21/12/01','RR/MM/DD'),1317000,'CUS142');
Insert into CM.ORDER_DETAILS (ORDER_CODE,ORDER_PRICE,ORDER_DATE,TOTAL_COST,CUS_ID) values ('ORD144',372000,to_date('22/09/17','RR/MM/DD'),372000,'CUS030');
Insert into CM.ORDER_DETAILS (ORDER_CODE,ORDER_PRICE,ORDER_DATE,TOTAL_COST,CUS_ID) values ('ORD145',38000,to_date('21/04/21','RR/MM/DD'),38000,'CUS147');
Insert into CM.ORDER_DETAILS (ORDER_CODE,ORDER_PRICE,ORDER_DATE,TOTAL_COST,CUS_ID) values ('ORD146',623000,to_date('24/08/25','RR/MM/DD'),623000,'CUS043');
Insert into CM.ORDER_DETAILS (ORDER_CODE,ORDER_PRICE,ORDER_DATE,TOTAL_COST,CUS_ID) values ('ORD147',1575000,to_date('22/05/03','RR/MM/DD'),1575000,'CUS146');
Insert into CM.ORDER_DETAILS (ORDER_CODE,ORDER_PRICE,ORDER_DATE,TOTAL_COST,CUS_ID) values ('ORD148',2754000,to_date('23/07/25','RR/MM/DD'),2754000,'CUS118');
Insert into CM.ORDER_DETAILS (ORDER_CODE,ORDER_PRICE,ORDER_DATE,TOTAL_COST,CUS_ID) values ('ORD149',15000,to_date('21/05/25','RR/MM/DD'),15000,'CUS110');
Insert into CM.ORDER_DETAILS (ORDER_CODE,ORDER_PRICE,ORDER_DATE,TOTAL_COST,CUS_ID) values ('ORD150',219000,to_date('23/11/03','RR/MM/DD'),219000,'CUS063');
Insert into CM.ORDER_DETAILS (ORDER_CODE,ORDER_PRICE,ORDER_DATE,TOTAL_COST,CUS_ID) values ('ORD151',519000,to_date('22/03/03','RR/MM/DD'),519000,'CUS115');
Insert into CM.ORDER_DETAILS (ORDER_CODE,ORDER_PRICE,ORDER_DATE,TOTAL_COST,CUS_ID) values ('ORD152',154500,to_date('22/03/07','RR/MM/DD'),154500,'CUS052');
Insert into CM.ORDER_DETAILS (ORDER_CODE,ORDER_PRICE,ORDER_DATE,TOTAL_COST,CUS_ID) values ('ORD153',256000,to_date('21/11/25','RR/MM/DD'),256000,'CUS102');
Insert into CM.ORDER_DETAILS (ORDER_CODE,ORDER_PRICE,ORDER_DATE,TOTAL_COST,CUS_ID) values ('ORD154',42000,to_date('24/04/30','RR/MM/DD'),42000,'CUS160');
Insert into CM.ORDER_DETAILS (ORDER_CODE,ORDER_PRICE,ORDER_DATE,TOTAL_COST,CUS_ID) values ('ORD155',606800,to_date('23/03/19','RR/MM/DD'),606800,'CUS038');
Insert into CM.ORDER_DETAILS (ORDER_CODE,ORDER_PRICE,ORDER_DATE,TOTAL_COST,CUS_ID) values ('ORD156',134000,to_date('25/05/06','RR/MM/DD'),134000,'CUS108');
Insert into CM.ORDER_DETAILS (ORDER_CODE,ORDER_PRICE,ORDER_DATE,TOTAL_COST,CUS_ID) values ('ORD157',35000,to_date('21/02/26','RR/MM/DD'),35000,'CUS016');
Insert into CM.ORDER_DETAILS (ORDER_CODE,ORDER_PRICE,ORDER_DATE,TOTAL_COST,CUS_ID) values ('ORD158',116000,to_date('25/09/07','RR/MM/DD'),116000,'CUS070');
Insert into CM.ORDER_DETAILS (ORDER_CODE,ORDER_PRICE,ORDER_DATE,TOTAL_COST,CUS_ID) values ('ORD159',21000,to_date('24/03/28','RR/MM/DD'),21000,'CUS200');
Insert into CM.ORDER_DETAILS (ORDER_CODE,ORDER_PRICE,ORDER_DATE,TOTAL_COST,CUS_ID) values ('ORD209',108000,to_date('25/05/20','RR/MM/DD'),108000,'CUS088');
Insert into CM.ORDER_DETAILS (ORDER_CODE,ORDER_PRICE,ORDER_DATE,TOTAL_COST,CUS_ID) values ('ORD210',288000,to_date('24/05/09','RR/MM/DD'),288000,'CUS042');
Insert into CM.ORDER_DETAILS (ORDER_CODE,ORDER_PRICE,ORDER_DATE,TOTAL_COST,CUS_ID) values ('ORD211',556000,to_date('20/11/05','RR/MM/DD'),556000,'CUS119');
Insert into CM.ORDER_DETAILS (ORDER_CODE,ORDER_PRICE,ORDER_DATE,TOTAL_COST,CUS_ID) values ('ORD212',382000,to_date('22/04/21','RR/MM/DD'),382000,'CUS089');
Insert into CM.ORDER_DETAILS (ORDER_CODE,ORDER_PRICE,ORDER_DATE,TOTAL_COST,CUS_ID) values ('ORD213',193000,to_date('24/12/06','RR/MM/DD'),193000,'CUS098');
Insert into CM.ORDER_DETAILS (ORDER_CODE,ORDER_PRICE,ORDER_DATE,TOTAL_COST,CUS_ID) values ('ORD214',546000,to_date('23/05/14','RR/MM/DD'),546000,'CUS012');
Insert into CM.ORDER_DETAILS (ORDER_CODE,ORDER_PRICE,ORDER_DATE,TOTAL_COST,CUS_ID) values ('ORD215',18000,to_date('21/02/11','RR/MM/DD'),18000,'CUS162');
Insert into CM.ORDER_DETAILS (ORDER_CODE,ORDER_PRICE,ORDER_DATE,TOTAL_COST,CUS_ID) values ('ORD216',57000,to_date('22/03/10','RR/MM/DD'),57000,'CUS161');
Insert into CM.ORDER_DETAILS (ORDER_CODE,ORDER_PRICE,ORDER_DATE,TOTAL_COST,CUS_ID) values ('ORD217',126000,to_date('20/03/12','RR/MM/DD'),126000,'CUS017');
Insert into CM.ORDER_DETAILS (ORDER_CODE,ORDER_PRICE,ORDER_DATE,TOTAL_COST,CUS_ID) values ('ORD218',6800,to_date('24/02/24','RR/MM/DD'),6800,'CUS167');
Insert into CM.ORDER_DETAILS (ORDER_CODE,ORDER_PRICE,ORDER_DATE,TOTAL_COST,CUS_ID) values ('ORD219',293000,to_date('21/03/16','RR/MM/DD'),293000,'CUS017');
Insert into CM.ORDER_DETAILS (ORDER_CODE,ORDER_PRICE,ORDER_DATE,TOTAL_COST,CUS_ID) values ('ORD220',379000,to_date('24/05/09','RR/MM/DD'),379000,'CUS039');
Insert into CM.ORDER_DETAILS (ORDER_CODE,ORDER_PRICE,ORDER_DATE,TOTAL_COST,CUS_ID) values ('ORD221',370000,to_date('23/09/24','RR/MM/DD'),370000,'CUS027');
Insert into CM.ORDER_DETAILS (ORDER_CODE,ORDER_PRICE,ORDER_DATE,TOTAL_COST,CUS_ID) values ('ORD222',279000,to_date('23/02/01','RR/MM/DD'),279000,'CUS048');
Insert into CM.ORDER_DETAILS (ORDER_CODE,ORDER_PRICE,ORDER_DATE,TOTAL_COST,CUS_ID) values ('ORD223',45000,to_date('23/03/06','RR/MM/DD'),45000,'CUS137');
Insert into CM.ORDER_DETAILS (ORDER_CODE,ORDER_PRICE,ORDER_DATE,TOTAL_COST,CUS_ID) values ('ORD224',1589000,to_date('24/03/18','RR/MM/DD'),1589000,'CUS054');
Insert into CM.ORDER_DETAILS (ORDER_CODE,ORDER_PRICE,ORDER_DATE,TOTAL_COST,CUS_ID) values ('ORD225',177000,to_date('24/02/06','RR/MM/DD'),177000,'CUS190');
Insert into CM.ORDER_DETAILS (ORDER_CODE,ORDER_PRICE,ORDER_DATE,TOTAL_COST,CUS_ID) values ('ORD226',171000,to_date('24/06/13','RR/MM/DD'),171000,'CUS100');
Insert into CM.ORDER_DETAILS (ORDER_CODE,ORDER_PRICE,ORDER_DATE,TOTAL_COST,CUS_ID) values ('ORD227',246000,to_date('24/12/13','RR/MM/DD'),246000,'CUS029');
Insert into CM.ORDER_DETAILS (ORDER_CODE,ORDER_PRICE,ORDER_DATE,TOTAL_COST,CUS_ID) values ('ORD228',96000,to_date('25/09/15','RR/MM/DD'),96000,'CUS011');
Insert into CM.ORDER_DETAILS (ORDER_CODE,ORDER_PRICE,ORDER_DATE,TOTAL_COST,CUS_ID) values ('ORD229',48000,to_date('24/09/16','RR/MM/DD'),48000,'CUS163');
Insert into CM.ORDER_DETAILS (ORDER_CODE,ORDER_PRICE,ORDER_DATE,TOTAL_COST,CUS_ID) values ('ORD230',2400000,to_date('24/10/04','RR/MM/DD'),2400000,'CUS066');
Insert into CM.ORDER_DETAILS (ORDER_CODE,ORDER_PRICE,ORDER_DATE,TOTAL_COST,CUS_ID) values ('ORD231',343000,to_date('20/02/03','RR/MM/DD'),343000,'CUS109');
Insert into CM.ORDER_DETAILS (ORDER_CODE,ORDER_PRICE,ORDER_DATE,TOTAL_COST,CUS_ID) values ('ORD232',33000,to_date('25/05/03','RR/MM/DD'),33000,'CUS172');
Insert into CM.ORDER_DETAILS (ORDER_CODE,ORDER_PRICE,ORDER_DATE,TOTAL_COST,CUS_ID) values ('ORD233',1396000,to_date('21/01/03','RR/MM/DD'),1396000,'CUS191');
Insert into CM.ORDER_DETAILS (ORDER_CODE,ORDER_PRICE,ORDER_DATE,TOTAL_COST,CUS_ID) values ('ORD234',74400,to_date('20/07/01','RR/MM/DD'),74400,'CUS136');
Insert into CM.ORDER_DETAILS (ORDER_CODE,ORDER_PRICE,ORDER_DATE,TOTAL_COST,CUS_ID) values ('ORD235',89000,to_date('20/01/28','RR/MM/DD'),89000,'CUS056');
Insert into CM.ORDER_DETAILS (ORDER_CODE,ORDER_PRICE,ORDER_DATE,TOTAL_COST,CUS_ID) values ('ORD236',207000,to_date('22/11/10','RR/MM/DD'),207000,'CUS149');
Insert into CM.ORDER_DETAILS (ORDER_CODE,ORDER_PRICE,ORDER_DATE,TOTAL_COST,CUS_ID) values ('ORD237',35000,to_date('20/02/28','RR/MM/DD'),35000,'CUS014');
Insert into CM.ORDER_DETAILS (ORDER_CODE,ORDER_PRICE,ORDER_DATE,TOTAL_COST,CUS_ID) values ('ORD238',1388000,to_date('24/04/29','RR/MM/DD'),1388000,'CUS111');
Insert into CM.ORDER_DETAILS (ORDER_CODE,ORDER_PRICE,ORDER_DATE,TOTAL_COST,CUS_ID) values ('ORD239',51000,to_date('22/02/12','RR/MM/DD'),51000,'CUS045');
Insert into CM.ORDER_DETAILS (ORDER_CODE,ORDER_PRICE,ORDER_DATE,TOTAL_COST,CUS_ID) values ('ORD240',1500000,to_date('23/01/17','RR/MM/DD'),1500000,'CUS137');
Insert into CM.ORDER_DETAILS (ORDER_CODE,ORDER_PRICE,ORDER_DATE,TOTAL_COST,CUS_ID) values ('ORD241',387000,to_date('24/05/14','RR/MM/DD'),387000,'CUS195');
Insert into CM.ORDER_DETAILS (ORDER_CODE,ORDER_PRICE,ORDER_DATE,TOTAL_COST,CUS_ID) values ('ORD242',171000,to_date('21/02/01','RR/MM/DD'),171000,'CUS051');
Insert into CM.ORDER_DETAILS (ORDER_CODE,ORDER_PRICE,ORDER_DATE,TOTAL_COST,CUS_ID) values ('ORD243',638400,to_date('23/06/26','RR/MM/DD'),638400,'CUS185');
Insert into CM.ORDER_DETAILS (ORDER_CODE,ORDER_PRICE,ORDER_DATE,TOTAL_COST,CUS_ID) values ('ORD244',34000,to_date('21/09/09','RR/MM/DD'),34000,'CUS062');
Insert into CM.ORDER_DETAILS (ORDER_CODE,ORDER_PRICE,ORDER_DATE,TOTAL_COST,CUS_ID) values ('ORD245',32000,to_date('22/12/13','RR/MM/DD'),32000,'CUS005');
Insert into CM.ORDER_DETAILS (ORDER_CODE,ORDER_PRICE,ORDER_DATE,TOTAL_COST,CUS_ID) values ('ORD246',3450000,to_date('24/07/04','RR/MM/DD'),3450000,'CUS167');
Insert into CM.ORDER_DETAILS (ORDER_CODE,ORDER_PRICE,ORDER_DATE,TOTAL_COST,CUS_ID) values ('ORD247',214000,to_date('22/05/06','RR/MM/DD'),214000,'CUS164');
Insert into CM.ORDER_DETAILS (ORDER_CODE,ORDER_PRICE,ORDER_DATE,TOTAL_COST,CUS_ID) values ('ORD248',180000,to_date('21/07/24','RR/MM/DD'),180000,'CUS052');
Insert into CM.ORDER_DETAILS (ORDER_CODE,ORDER_PRICE,ORDER_DATE,TOTAL_COST,CUS_ID) values ('ORD249',599000,to_date('22/05/10','RR/MM/DD'),599000,'CUS031');
Insert into CM.ORDER_DETAILS (ORDER_CODE,ORDER_PRICE,ORDER_DATE,TOTAL_COST,CUS_ID) values ('ORD250',4608000,to_date('20/01/15','RR/MM/DD'),4608000,'CUS007');
Insert into CM.ORDER_DETAILS (ORDER_CODE,ORDER_PRICE,ORDER_DATE,TOTAL_COST,CUS_ID) values ('ORD251',24000,to_date('23/09/10','RR/MM/DD'),24000,'CUS038');
Insert into CM.ORDER_DETAILS (ORDER_CODE,ORDER_PRICE,ORDER_DATE,TOTAL_COST,CUS_ID) values ('ORD252',78000,to_date('20/02/02','RR/MM/DD'),78000,'CUS113');
Insert into CM.ORDER_DETAILS (ORDER_CODE,ORDER_PRICE,ORDER_DATE,TOTAL_COST,CUS_ID) values ('ORD253',81000,to_date('24/02/08','RR/MM/DD'),81000,'CUS081');
Insert into CM.ORDER_DETAILS (ORDER_CODE,ORDER_PRICE,ORDER_DATE,TOTAL_COST,CUS_ID) values ('ORD254',500000,to_date('24/02/04','RR/MM/DD'),500000,'CUS161');
Insert into CM.ORDER_DETAILS (ORDER_CODE,ORDER_PRICE,ORDER_DATE,TOTAL_COST,CUS_ID) values ('ORD255',50000,to_date('20/07/24','RR/MM/DD'),50000,'CUS131');
Insert into CM.ORDER_DETAILS (ORDER_CODE,ORDER_PRICE,ORDER_DATE,TOTAL_COST,CUS_ID) values ('ORD256',99000,to_date('25/02/10','RR/MM/DD'),99000,'CUS100');
Insert into CM.ORDER_DETAILS (ORDER_CODE,ORDER_PRICE,ORDER_DATE,TOTAL_COST,CUS_ID) values ('ORD257',1436000,to_date('22/08/05','RR/MM/DD'),1436000,'CUS023');
Insert into CM.ORDER_DETAILS (ORDER_CODE,ORDER_PRICE,ORDER_DATE,TOTAL_COST,CUS_ID) values ('ORD258',180000,to_date('22/10/18','RR/MM/DD'),180000,'CUS041');
Insert into CM.ORDER_DETAILS (ORDER_CODE,ORDER_PRICE,ORDER_DATE,TOTAL_COST,CUS_ID) values ('ORD259',297000,to_date('23/09/05','RR/MM/DD'),297000,'CUS139');
Insert into CM.ORDER_DETAILS (ORDER_CODE,ORDER_PRICE,ORDER_DATE,TOTAL_COST,CUS_ID) values ('ORD260',554000,to_date('21/08/18','RR/MM/DD'),554000,'CUS149');
Insert into CM.ORDER_DETAILS (ORDER_CODE,ORDER_PRICE,ORDER_DATE,TOTAL_COST,CUS_ID) values ('ORD261',479000,to_date('24/06/18','RR/MM/DD'),479000,'CUS020');
Insert into CM.ORDER_DETAILS (ORDER_CODE,ORDER_PRICE,ORDER_DATE,TOTAL_COST,CUS_ID) values ('ORD262',19000,to_date('21/12/29','RR/MM/DD'),19000,'CUS141');
Insert into CM.ORDER_DETAILS (ORDER_CODE,ORDER_PRICE,ORDER_DATE,TOTAL_COST,CUS_ID) values ('ORD263',479000,to_date('24/01/06','RR/MM/DD'),479000,'CUS026');
Insert into CM.ORDER_DETAILS (ORDER_CODE,ORDER_PRICE,ORDER_DATE,TOTAL_COST,CUS_ID) values ('ORD264',241000,to_date('22/07/21','RR/MM/DD'),241000,'CUS009');
Insert into CM.ORDER_DETAILS (ORDER_CODE,ORDER_PRICE,ORDER_DATE,TOTAL_COST,CUS_ID) values ('ORD265',260000,to_date('24/08/05','RR/MM/DD'),260000,'CUS196');
Insert into CM.ORDER_DETAILS (ORDER_CODE,ORDER_PRICE,ORDER_DATE,TOTAL_COST,CUS_ID) values ('ORD266',114000,to_date('21/04/24','RR/MM/DD'),114000,'CUS002');
Insert into CM.ORDER_DETAILS (ORDER_CODE,ORDER_PRICE,ORDER_DATE,TOTAL_COST,CUS_ID) values ('ORD267',84000,to_date('22/10/28','RR/MM/DD'),84000,'CUS163');
Insert into CM.ORDER_DETAILS (ORDER_CODE,ORDER_PRICE,ORDER_DATE,TOTAL_COST,CUS_ID) values ('ORD268',113000,to_date('21/12/20','RR/MM/DD'),113000,'CUS138');
Insert into CM.ORDER_DETAILS (ORDER_CODE,ORDER_PRICE,ORDER_DATE,TOTAL_COST,CUS_ID) values ('ORD269',580000,to_date('22/06/04','RR/MM/DD'),580000,'CUS097');
Insert into CM.ORDER_DETAILS (ORDER_CODE,ORDER_PRICE,ORDER_DATE,TOTAL_COST,CUS_ID) values ('ORD270',148000,to_date('23/09/18','RR/MM/DD'),148000,'CUS153');
Insert into CM.ORDER_DETAILS (ORDER_CODE,ORDER_PRICE,ORDER_DATE,TOTAL_COST,CUS_ID) values ('ORD271',54000,to_date('22/05/04','RR/MM/DD'),54000,'CUS020');
Insert into CM.ORDER_DETAILS (ORDER_CODE,ORDER_PRICE,ORDER_DATE,TOTAL_COST,CUS_ID) values ('ORD272',4550000,to_date('24/05/05','RR/MM/DD'),4550000,'CUS073');
Insert into CM.ORDER_DETAILS (ORDER_CODE,ORDER_PRICE,ORDER_DATE,TOTAL_COST,CUS_ID) values ('ORD273',24000,to_date('20/10/07','RR/MM/DD'),24000,'CUS145');
Insert into CM.ORDER_DETAILS (ORDER_CODE,ORDER_PRICE,ORDER_DATE,TOTAL_COST,CUS_ID) values ('ORD274',241000,to_date('24/05/13','RR/MM/DD'),241000,'CUS061');
Insert into CM.ORDER_DETAILS (ORDER_CODE,ORDER_PRICE,ORDER_DATE,TOTAL_COST,CUS_ID) values ('ORD275',102000,to_date('22/09/11','RR/MM/DD'),102000,'CUS063');
Insert into CM.ORDER_DETAILS (ORDER_CODE,ORDER_PRICE,ORDER_DATE,TOTAL_COST,CUS_ID) values ('ORD276',447000,to_date('21/07/19','RR/MM/DD'),447000,'CUS101');
Insert into CM.ORDER_DETAILS (ORDER_CODE,ORDER_PRICE,ORDER_DATE,TOTAL_COST,CUS_ID) values ('ORD277',390000,to_date('23/02/13','RR/MM/DD'),390000,'CUS145');
Insert into CM.ORDER_DETAILS (ORDER_CODE,ORDER_PRICE,ORDER_DATE,TOTAL_COST,CUS_ID) values ('ORD278',178000,to_date('21/10/04','RR/MM/DD'),178000,'CUS143');
Insert into CM.ORDER_DETAILS (ORDER_CODE,ORDER_PRICE,ORDER_DATE,TOTAL_COST,CUS_ID) values ('ORD279',973000,to_date('21/06/05','RR/MM/DD'),973000,'CUS110');
Insert into CM.ORDER_DETAILS (ORDER_CODE,ORDER_PRICE,ORDER_DATE,TOTAL_COST,CUS_ID) values ('ORD280',123000,to_date('24/07/27','RR/MM/DD'),123000,'CUS139');
Insert into CM.ORDER_DETAILS (ORDER_CODE,ORDER_PRICE,ORDER_DATE,TOTAL_COST,CUS_ID) values ('ORD281',495000,to_date('20/03/29','RR/MM/DD'),495000,'CUS071');
Insert into CM.ORDER_DETAILS (ORDER_CODE,ORDER_PRICE,ORDER_DATE,TOTAL_COST,CUS_ID) values ('ORD282',256000,to_date('24/12/10','RR/MM/DD'),256000,'CUS082');
Insert into CM.ORDER_DETAILS (ORDER_CODE,ORDER_PRICE,ORDER_DATE,TOTAL_COST,CUS_ID) values ('ORD283',3265000,to_date('22/12/12','RR/MM/DD'),3265000,'CUS173');
Insert into CM.ORDER_DETAILS (ORDER_CODE,ORDER_PRICE,ORDER_DATE,TOTAL_COST,CUS_ID) values ('ORD284',249500,to_date('24/05/24','RR/MM/DD'),249500,'CUS148');
Insert into CM.ORDER_DETAILS (ORDER_CODE,ORDER_PRICE,ORDER_DATE,TOTAL_COST,CUS_ID) values ('ORD285',900000,to_date('25/09/29','RR/MM/DD'),900000,'CUS180');
Insert into CM.ORDER_DETAILS (ORDER_CODE,ORDER_PRICE,ORDER_DATE,TOTAL_COST,CUS_ID) values ('ORD286',158000,to_date('20/04/17','RR/MM/DD'),158000,'CUS131');
Insert into CM.ORDER_DETAILS (ORDER_CODE,ORDER_PRICE,ORDER_DATE,TOTAL_COST,CUS_ID) values ('ORD287',310600,to_date('21/01/07','RR/MM/DD'),310600,'CUS027');
Insert into CM.ORDER_DETAILS (ORDER_CODE,ORDER_PRICE,ORDER_DATE,TOTAL_COST,CUS_ID) values ('ORD288',427000,to_date('20/02/03','RR/MM/DD'),427000,'CUS083');
Insert into CM.ORDER_DETAILS (ORDER_CODE,ORDER_PRICE,ORDER_DATE,TOTAL_COST,CUS_ID) values ('ORD289',38000,to_date('21/08/11','RR/MM/DD'),38000,'CUS091');
Insert into CM.ORDER_DETAILS (ORDER_CODE,ORDER_PRICE,ORDER_DATE,TOTAL_COST,CUS_ID) values ('ORD290',620000,to_date('21/08/15','RR/MM/DD'),620000,'CUS004');
Insert into CM.ORDER_DETAILS (ORDER_CODE,ORDER_PRICE,ORDER_DATE,TOTAL_COST,CUS_ID) values ('ORD291',2451000,to_date('23/08/09','RR/MM/DD'),2451000,'CUS144');
Insert into CM.ORDER_DETAILS (ORDER_CODE,ORDER_PRICE,ORDER_DATE,TOTAL_COST,CUS_ID) values ('ORD292',123000,to_date('25/04/14','RR/MM/DD'),123000,'CUS037');
Insert into CM.ORDER_DETAILS (ORDER_CODE,ORDER_PRICE,ORDER_DATE,TOTAL_COST,CUS_ID) values ('ORD293',189000,to_date('25/08/06','RR/MM/DD'),189000,'CUS162');
Insert into CM.ORDER_DETAILS (ORDER_CODE,ORDER_PRICE,ORDER_DATE,TOTAL_COST,CUS_ID) values ('ORD294',226000,to_date('21/04/13','RR/MM/DD'),226000,'CUS145');
Insert into CM.ORDER_DETAILS (ORDER_CODE,ORDER_PRICE,ORDER_DATE,TOTAL_COST,CUS_ID) values ('ORD295',750000,to_date('23/04/02','RR/MM/DD'),750000,'CUS199');
Insert into CM.ORDER_DETAILS (ORDER_CODE,ORDER_PRICE,ORDER_DATE,TOTAL_COST,CUS_ID) values ('ORD296',156000,to_date('20/10/09','RR/MM/DD'),156000,'CUS196');
Insert into CM.ORDER_DETAILS (ORDER_CODE,ORDER_PRICE,ORDER_DATE,TOTAL_COST,CUS_ID) values ('ORD297',5841000,to_date('24/05/04','RR/MM/DD'),5841000,'CUS009');
Insert into CM.ORDER_DETAILS (ORDER_CODE,ORDER_PRICE,ORDER_DATE,TOTAL_COST,CUS_ID) values ('ORD298',325000,to_date('22/07/07','RR/MM/DD'),325000,'CUS133');
Insert into CM.ORDER_DETAILS (ORDER_CODE,ORDER_PRICE,ORDER_DATE,TOTAL_COST,CUS_ID) values ('ORD299',206000,to_date('24/03/25','RR/MM/DD'),206000,'CUS194');
Insert into CM.ORDER_DETAILS (ORDER_CODE,ORDER_PRICE,ORDER_DATE,TOTAL_COST,CUS_ID) values ('ORD300',97000,to_date('25/06/01','RR/MM/DD'),97000,'CUS042');
Insert into CM.ORDER_DETAILS (ORDER_CODE,ORDER_PRICE,ORDER_DATE,TOTAL_COST,CUS_ID) values ('ORD1763018361770',180000,to_date('25/11/13','RR/MM/DD'),540000,'CUS002');
Insert into CM.ORDER_DETAILS (ORDER_CODE,ORDER_PRICE,ORDER_DATE,TOTAL_COST,CUS_ID) values ('ORD1763106819199',59000,to_date('25/11/14','RR/MM/DD'),5900000,'CUS200');
Insert into CM.ORDER_DETAILS (ORDER_CODE,ORDER_PRICE,ORDER_DATE,TOTAL_COST,CUS_ID) values ('ORD1763106864442',1500000,to_date('25/11/14','RR/MM/DD'),3000000,'CUS111');
Insert into CM.ORDER_DETAILS (ORDER_CODE,ORDER_PRICE,ORDER_DATE,TOTAL_COST,CUS_ID) values ('ORD1763367920814',59000,to_date('25/11/17','RR/MM/DD'),59000,'CUS187');
Insert into CM.ORDER_DETAILS (ORDER_CODE,ORDER_PRICE,ORDER_DATE,TOTAL_COST,CUS_ID) values ('ORD1763105553459',59000,to_date('25/11/14','RR/MM/DD'),1770000,'CUS201');
Insert into CM.ORDER_DETAILS (ORDER_CODE,ORDER_PRICE,ORDER_DATE,TOTAL_COST,CUS_ID) values ('ORD1763106291620',59000,to_date('25/11/14','RR/MM/DD'),5900000,'CUS201');
Insert into CM.ORDER_DETAILS (ORDER_CODE,ORDER_PRICE,ORDER_DATE,TOTAL_COST,CUS_ID) values ('ORD1763105152784',59000,to_date('25/11/14','RR/MM/DD'),708000,'CUS201');
Insert into CM.ORDER_DETAILS (ORDER_CODE,ORDER_PRICE,ORDER_DATE,TOTAL_COST,CUS_ID) values ('ORD1763105391509',1500000,to_date('25/11/14','RR/MM/DD'),15000000,'CUS201');
REM INSERTING into CM.PRODUCT_CLASS
SET DEFINE OFF;
Insert into CM.PRODUCT_CLASS (PRODUCT_CLASS_ID,PRODUCT_CLASS_NAME,PRODUCT_CLASS_ID2) values ('101','전자제품',null);
Insert into CM.PRODUCT_CLASS (PRODUCT_CLASS_ID,PRODUCT_CLASS_NAME,PRODUCT_CLASS_ID2) values ('102','의류',null);
Insert into CM.PRODUCT_CLASS (PRODUCT_CLASS_ID,PRODUCT_CLASS_NAME,PRODUCT_CLASS_ID2) values ('103','식품',null);
Insert into CM.PRODUCT_CLASS (PRODUCT_CLASS_ID,PRODUCT_CLASS_NAME,PRODUCT_CLASS_ID2) values ('104','가구/인테리어',null);
Insert into CM.PRODUCT_CLASS (PRODUCT_CLASS_ID,PRODUCT_CLASS_NAME,PRODUCT_CLASS_ID2) values ('105','도서/음반',null);
Insert into CM.PRODUCT_CLASS (PRODUCT_CLASS_ID,PRODUCT_CLASS_NAME,PRODUCT_CLASS_ID2) values ('106','스포츠/레저',null);
Insert into CM.PRODUCT_CLASS (PRODUCT_CLASS_ID,PRODUCT_CLASS_NAME,PRODUCT_CLASS_ID2) values ('107','화장품/미용',null);
Insert into CM.PRODUCT_CLASS (PRODUCT_CLASS_ID,PRODUCT_CLASS_NAME,PRODUCT_CLASS_ID2) values ('108','주방용품',null);
Insert into CM.PRODUCT_CLASS (PRODUCT_CLASS_ID,PRODUCT_CLASS_NAME,PRODUCT_CLASS_ID2) values ('109','사무용품',null);
Insert into CM.PRODUCT_CLASS (PRODUCT_CLASS_ID,PRODUCT_CLASS_NAME,PRODUCT_CLASS_ID2) values ('110','반려동물용품',null);
REM INSERTING into CM.PRODUCT_TAB
SET DEFINE OFF;
Insert into CM.PRODUCT_TAB (PRODUCT_ID,PRODUCT_NAME,PRODUCT_PRICE,PRODUCT_CLASS_ID,PRODUCT_CLASS_NAME) values ('1001','스마트 TV 65인치',1500000,'101','전자제품');
Insert into CM.PRODUCT_TAB (PRODUCT_ID,PRODUCT_NAME,PRODUCT_PRICE,PRODUCT_CLASS_ID,PRODUCT_CLASS_NAME) values ('1002','노트북 15인치',1200000,'101','전자제품');
Insert into CM.PRODUCT_TAB (PRODUCT_ID,PRODUCT_NAME,PRODUCT_PRICE,PRODUCT_CLASS_ID,PRODUCT_CLASS_NAME) values ('1003','무선 이어폰',250000,'101','전자제품');
Insert into CM.PRODUCT_TAB (PRODUCT_ID,PRODUCT_NAME,PRODUCT_PRICE,PRODUCT_CLASS_ID,PRODUCT_CLASS_NAME) values ('1004','공기청정기',450000,'101','전자제품');
Insert into CM.PRODUCT_TAB (PRODUCT_ID,PRODUCT_NAME,PRODUCT_PRICE,PRODUCT_CLASS_ID,PRODUCT_CLASS_NAME) values ('1005','게이밍 마우스',89000,'101','전자제품');
Insert into CM.PRODUCT_TAB (PRODUCT_ID,PRODUCT_NAME,PRODUCT_PRICE,PRODUCT_CLASS_ID,PRODUCT_CLASS_NAME) values ('1006','코튼 반팔 티셔츠',25000,'102','의류');
Insert into CM.PRODUCT_TAB (PRODUCT_ID,PRODUCT_NAME,PRODUCT_PRICE,PRODUCT_CLASS_ID,PRODUCT_CLASS_NAME) values ('1007','청바지 (슬림핏)',78000,'102','의류');
Insert into CM.PRODUCT_TAB (PRODUCT_ID,PRODUCT_NAME,PRODUCT_PRICE,PRODUCT_CLASS_ID,PRODUCT_CLASS_NAME) values ('1008','경량 패딩 조끼',110000,'102','의류');
Insert into CM.PRODUCT_TAB (PRODUCT_ID,PRODUCT_NAME,PRODUCT_PRICE,PRODUCT_CLASS_ID,PRODUCT_CLASS_NAME) values ('1009','스포츠 양말 (5팩)',15000,'102','의류');
Insert into CM.PRODUCT_TAB (PRODUCT_ID,PRODUCT_NAME,PRODUCT_PRICE,PRODUCT_CLASS_ID,PRODUCT_CLASS_NAME) values ('1010','후드 집업',59000,'102','의류');
Insert into CM.PRODUCT_TAB (PRODUCT_ID,PRODUCT_NAME,PRODUCT_PRICE,PRODUCT_CLASS_ID,PRODUCT_CLASS_NAME) values ('1011','유기농 샐러드 믹스',5500,'103','식품');
Insert into CM.PRODUCT_TAB (PRODUCT_ID,PRODUCT_NAME,PRODUCT_PRICE,PRODUCT_CLASS_ID,PRODUCT_CLASS_NAME) values ('1012','냉동 닭가슴살 1kg',12000,'103','식품');
Insert into CM.PRODUCT_TAB (PRODUCT_ID,PRODUCT_NAME,PRODUCT_PRICE,PRODUCT_CLASS_ID,PRODUCT_CLASS_NAME) values ('1013','프로틴바 (12개입)',24000,'103','식품');
Insert into CM.PRODUCT_TAB (PRODUCT_ID,PRODUCT_NAME,PRODUCT_PRICE,PRODUCT_CLASS_ID,PRODUCT_CLASS_NAME) values ('1014','생수 2L (6팩)',6800,'103','식품');
Insert into CM.PRODUCT_TAB (PRODUCT_ID,PRODUCT_NAME,PRODUCT_PRICE,PRODUCT_CLASS_ID,PRODUCT_CLASS_NAME) values ('1015','프리미엄 원두 500g',19000,'103','식품');
Insert into CM.PRODUCT_TAB (PRODUCT_ID,PRODUCT_NAME,PRODUCT_PRICE,PRODUCT_CLASS_ID,PRODUCT_CLASS_NAME) values ('1016','LED 스탠드 조명',42000,'104','가구/인테리어');
Insert into CM.PRODUCT_TAB (PRODUCT_ID,PRODUCT_NAME,PRODUCT_PRICE,PRODUCT_CLASS_ID,PRODUCT_CLASS_NAME) values ('1017','1인용 소파',180000,'104','가구/인테리어');
Insert into CM.PRODUCT_TAB (PRODUCT_ID,PRODUCT_NAME,PRODUCT_PRICE,PRODUCT_CLASS_ID,PRODUCT_CLASS_NAME) values ('1018','메모리폼 베개',35000,'104','가구/인테리어');
Insert into CM.PRODUCT_TAB (PRODUCT_ID,PRODUCT_NAME,PRODUCT_PRICE,PRODUCT_CLASS_ID,PRODUCT_CLASS_NAME) values ('1019','암막 커튼 (2폭)',67000,'104','가구/인테리어');
Insert into CM.PRODUCT_TAB (PRODUCT_ID,PRODUCT_NAME,PRODUCT_PRICE,PRODUCT_CLASS_ID,PRODUCT_CLASS_NAME) values ('1020','접이식 테이블',51000,'104','가구/인테리어');
Insert into CM.PRODUCT_TAB (PRODUCT_ID,PRODUCT_NAME,PRODUCT_PRICE,PRODUCT_CLASS_ID,PRODUCT_CLASS_NAME) values ('1021','AI 시대의 생존 전략',18000,'105','도서/음반');
Insert into CM.PRODUCT_TAB (PRODUCT_ID,PRODUCT_NAME,PRODUCT_PRICE,PRODUCT_CLASS_ID,PRODUCT_CLASS_NAME) values ('1022','베스트 재즈 컴필레이션',22000,'105','도서/음반');
Insert into CM.PRODUCT_TAB (PRODUCT_ID,PRODUCT_NAME,PRODUCT_PRICE,PRODUCT_CLASS_ID,PRODUCT_CLASS_NAME) values ('1023','SQL 마스터하기',32000,'105','도서/음반');
Insert into CM.PRODUCT_TAB (PRODUCT_ID,PRODUCT_NAME,PRODUCT_PRICE,PRODUCT_CLASS_ID,PRODUCT_CLASS_NAME) values ('1024','클래식 입문 LP',45000,'105','도서/음반');
Insert into CM.PRODUCT_TAB (PRODUCT_ID,PRODUCT_NAME,PRODUCT_PRICE,PRODUCT_CLASS_ID,PRODUCT_CLASS_NAME) values ('1025','월간 디자인 10월호',15000,'105','도서/음반');
Insert into CM.PRODUCT_TAB (PRODUCT_ID,PRODUCT_NAME,PRODUCT_PRICE,PRODUCT_CLASS_ID,PRODUCT_CLASS_NAME) values ('1026','요가 매트',28000,'106','스포츠/레저');
Insert into CM.PRODUCT_TAB (PRODUCT_ID,PRODUCT_NAME,PRODUCT_PRICE,PRODUCT_CLASS_ID,PRODUCT_CLASS_NAME) values ('1027','런닝화',130000,'106','스포츠/레저');
Insert into CM.PRODUCT_TAB (PRODUCT_ID,PRODUCT_NAME,PRODUCT_PRICE,PRODUCT_CLASS_ID,PRODUCT_CLASS_NAME) values ('1028','등산 스틱 (2개 세트)',58000,'106','스포츠/레저');
Insert into CM.PRODUCT_TAB (PRODUCT_ID,PRODUCT_NAME,PRODUCT_PRICE,PRODUCT_CLASS_ID,PRODUCT_CLASS_NAME) values ('1029','축구공 5호',33000,'106','스포츠/레저');
Insert into CM.PRODUCT_TAB (PRODUCT_ID,PRODUCT_NAME,PRODUCT_PRICE,PRODUCT_CLASS_ID,PRODUCT_CLASS_NAME) values ('1030','캠핑용 체어',45000,'106','스포츠/레저');
Insert into CM.PRODUCT_TAB (PRODUCT_ID,PRODUCT_NAME,PRODUCT_PRICE,PRODUCT_CLASS_ID,PRODUCT_CLASS_NAME) values ('1031','수분 크림',32000,'107','화장품/미용');
Insert into CM.PRODUCT_TAB (PRODUCT_ID,PRODUCT_NAME,PRODUCT_PRICE,PRODUCT_CLASS_ID,PRODUCT_CLASS_NAME) values ('1032','선스크린 SPF50+',21000,'107','화장품/미용');
Insert into CM.PRODUCT_TAB (PRODUCT_ID,PRODUCT_NAME,PRODUCT_PRICE,PRODUCT_CLASS_ID,PRODUCT_CLASS_NAME) values ('1033','헤어 에센스',18000,'107','화장품/미용');
Insert into CM.PRODUCT_TAB (PRODUCT_ID,PRODUCT_NAME,PRODUCT_PRICE,PRODUCT_CLASS_ID,PRODUCT_CLASS_NAME) values ('1034','남성용 올인원 로션',27000,'107','화장품/미용');
Insert into CM.PRODUCT_TAB (PRODUCT_ID,PRODUCT_NAME,PRODUCT_PRICE,PRODUCT_CLASS_ID,PRODUCT_CLASS_NAME) values ('1035','립스틱 (로즈 레드)',25000,'107','화장품/미용');
Insert into CM.PRODUCT_TAB (PRODUCT_ID,PRODUCT_NAME,PRODUCT_PRICE,PRODUCT_CLASS_ID,PRODUCT_CLASS_NAME) values ('1036','프라이팬 28cm',38000,'108','주방용품');
Insert into CM.PRODUCT_TAB (PRODUCT_ID,PRODUCT_NAME,PRODUCT_PRICE,PRODUCT_CLASS_ID,PRODUCT_CLASS_NAME) values ('1037','에어프라이어 5L',99000,'108','주방용품');
Insert into CM.PRODUCT_TAB (PRODUCT_ID,PRODUCT_NAME,PRODUCT_PRICE,PRODUCT_CLASS_ID,PRODUCT_CLASS_NAME) values ('1038','전기 주전자',34000,'108','주방용품');
Insert into CM.PRODUCT_TAB (PRODUCT_ID,PRODUCT_NAME,PRODUCT_PRICE,PRODUCT_CLASS_ID,PRODUCT_CLASS_NAME) values ('1039','실리콘 조리도구 세트',29000,'108','주방용품');
Insert into CM.PRODUCT_TAB (PRODUCT_ID,PRODUCT_NAME,PRODUCT_PRICE,PRODUCT_CLASS_ID,PRODUCT_CLASS_NAME) values ('1040','머그컵 2개 세트',17000,'108','주방용품');
Insert into CM.PRODUCT_TAB (PRODUCT_ID,PRODUCT_NAME,PRODUCT_PRICE,PRODUCT_CLASS_ID,PRODUCT_CLASS_NAME) values ('1041','무선 키보드/마우스 세트',48000,'109','사무용품');
Insert into CM.PRODUCT_TAB (PRODUCT_ID,PRODUCT_NAME,PRODUCT_PRICE,PRODUCT_CLASS_ID,PRODUCT_CLASS_NAME) values ('1042','모니터 받침대',22000,'109','사무용품');
Insert into CM.PRODUCT_TAB (PRODUCT_ID,PRODUCT_NAME,PRODUCT_PRICE,PRODUCT_CLASS_ID,PRODUCT_CLASS_NAME) values ('1043','A4 용지 500매 (5권)',25000,'109','사무용품');
Insert into CM.PRODUCT_TAB (PRODUCT_ID,PRODUCT_NAME,PRODUCT_PRICE,PRODUCT_CLASS_ID,PRODUCT_CLASS_NAME) values ('1044','시스템 다이어리',31000,'109','사무용품');
Insert into CM.PRODUCT_TAB (PRODUCT_ID,PRODUCT_NAME,PRODUCT_PRICE,PRODUCT_CLASS_ID,PRODUCT_CLASS_NAME) values ('1045','젤펜 세트 (12색)',14000,'109','사무용품');
Insert into CM.PRODUCT_TAB (PRODUCT_ID,PRODUCT_NAME,PRODUCT_PRICE,PRODUCT_CLASS_ID,PRODUCT_CLASS_NAME) values ('1046','고양이 사료 5kg',42000,'110','반려동물용품');
Insert into CM.PRODUCT_TAB (PRODUCT_ID,PRODUCT_NAME,PRODUCT_PRICE,PRODUCT_CLASS_ID,PRODUCT_CLASS_NAME) values ('1047','강아지 배변패드 100매',19000,'110','반려동물용품');
Insert into CM.PRODUCT_TAB (PRODUCT_ID,PRODUCT_NAME,PRODUCT_PRICE,PRODUCT_CLASS_ID,PRODUCT_CLASS_NAME) values ('1048','고양이 캣타워',85000,'110','반려동물용품');
Insert into CM.PRODUCT_TAB (PRODUCT_ID,PRODUCT_NAME,PRODUCT_PRICE,PRODUCT_CLASS_ID,PRODUCT_CLASS_NAME) values ('1049','자동 급식기',76000,'110','반려동물용품');
Insert into CM.PRODUCT_TAB (PRODUCT_ID,PRODUCT_NAME,PRODUCT_PRICE,PRODUCT_CLASS_ID,PRODUCT_CLASS_NAME) values ('1050','강아지 장난감 공',8000,'110','반려동물용품');
Insert into CM.PRODUCT_TAB (PRODUCT_ID,PRODUCT_NAME,PRODUCT_PRICE,PRODUCT_CLASS_ID,PRODUCT_CLASS_NAME) values ('10003','실리콘 주방 발매트',25000,'108','주방용품');
REM INSERTING into CM.SALE_DETAILS
SET DEFINE OFF;
Insert into CM.SALE_DETAILS (ORDER_DETAIL,QTY,PRODUCT_ID,ORDER_CODE) values ('SALE1044632355052500',10,'1010','ORD1763431829169');
Insert into CM.SALE_DETAILS (ORDER_DETAIL,QTY,PRODUCT_ID,ORDER_CODE) values ('OD001',3,'1023','ORD001');
Insert into CM.SALE_DETAILS (ORDER_DETAIL,QTY,PRODUCT_ID,ORDER_CODE) values ('OD002',3,'1038','ORD001');
Insert into CM.SALE_DETAILS (ORDER_DETAIL,QTY,PRODUCT_ID,ORDER_CODE) values ('OD003',3,'1024','ORD001');
Insert into CM.SALE_DETAILS (ORDER_DETAIL,QTY,PRODUCT_ID,ORDER_CODE) values ('OD004',3,'1006','ORD002');
Insert into CM.SALE_DETAILS (ORDER_DETAIL,QTY,PRODUCT_ID,ORDER_CODE) values ('OD005',3,'1025','ORD002');
Insert into CM.SALE_DETAILS (ORDER_DETAIL,QTY,PRODUCT_ID,ORDER_CODE) values ('OD006',2,'1028','ORD003');
Insert into CM.SALE_DETAILS (ORDER_DETAIL,QTY,PRODUCT_ID,ORDER_CODE) values ('OD007',1,'1006','ORD004');
Insert into CM.SALE_DETAILS (ORDER_DETAIL,QTY,PRODUCT_ID,ORDER_CODE) values ('OD008',1,'1050','ORD004');
Insert into CM.SALE_DETAILS (ORDER_DETAIL,QTY,PRODUCT_ID,ORDER_CODE) values ('OD009',1,'1048','ORD005');
Insert into CM.SALE_DETAILS (ORDER_DETAIL,QTY,PRODUCT_ID,ORDER_CODE) values ('OD010',1,'1040','ORD005');
Insert into CM.SALE_DETAILS (ORDER_DETAIL,QTY,PRODUCT_ID,ORDER_CODE) values ('OD011',2,'1027','ORD005');
Insert into CM.SALE_DETAILS (ORDER_DETAIL,QTY,PRODUCT_ID,ORDER_CODE) values ('OD012',1,'1033','ORD006');
Insert into CM.SALE_DETAILS (ORDER_DETAIL,QTY,PRODUCT_ID,ORDER_CODE) values ('OD013',2,'1044','ORD006');
Insert into CM.SALE_DETAILS (ORDER_DETAIL,QTY,PRODUCT_ID,ORDER_CODE) values ('OD014',1,'1050','ORD006');
Insert into CM.SALE_DETAILS (ORDER_DETAIL,QTY,PRODUCT_ID,ORDER_CODE) values ('OD015',2,'1028','ORD007');
Insert into CM.SALE_DETAILS (ORDER_DETAIL,QTY,PRODUCT_ID,ORDER_CODE) values ('OD016',3,'1049','ORD007');
Insert into CM.SALE_DETAILS (ORDER_DETAIL,QTY,PRODUCT_ID,ORDER_CODE) values ('OD017',1,'1021','ORD007');
Insert into CM.SALE_DETAILS (ORDER_DETAIL,QTY,PRODUCT_ID,ORDER_CODE) values ('OD018',1,'1028','ORD008');
Insert into CM.SALE_DETAILS (ORDER_DETAIL,QTY,PRODUCT_ID,ORDER_CODE) values ('OD019',1,'1021','ORD008');
Insert into CM.SALE_DETAILS (ORDER_DETAIL,QTY,PRODUCT_ID,ORDER_CODE) values ('OD020',3,'1035','ORD008');
Insert into CM.SALE_DETAILS (ORDER_DETAIL,QTY,PRODUCT_ID,ORDER_CODE) values ('OD021',2,'1007','ORD009');
Insert into CM.SALE_DETAILS (ORDER_DETAIL,QTY,PRODUCT_ID,ORDER_CODE) values ('OD022',2,'1020','ORD010');
Insert into CM.SALE_DETAILS (ORDER_DETAIL,QTY,PRODUCT_ID,ORDER_CODE) values ('OD023',2,'1037','ORD010');
Insert into CM.SALE_DETAILS (ORDER_DETAIL,QTY,PRODUCT_ID,ORDER_CODE) values ('OD024',1,'1004','ORD011');
Insert into CM.SALE_DETAILS (ORDER_DETAIL,QTY,PRODUCT_ID,ORDER_CODE) values ('OD025',3,'1012','ORD012');
Insert into CM.SALE_DETAILS (ORDER_DETAIL,QTY,PRODUCT_ID,ORDER_CODE) values ('OD026',3,'1012','ORD013');
Insert into CM.SALE_DETAILS (ORDER_DETAIL,QTY,PRODUCT_ID,ORDER_CODE) values ('OD027',3,'1036','ORD013');
Insert into CM.SALE_DETAILS (ORDER_DETAIL,QTY,PRODUCT_ID,ORDER_CODE) values ('OD028',3,'1014','ORD014');
Insert into CM.SALE_DETAILS (ORDER_DETAIL,QTY,PRODUCT_ID,ORDER_CODE) values ('OD029',2,'1036','ORD014');
Insert into CM.SALE_DETAILS (ORDER_DETAIL,QTY,PRODUCT_ID,ORDER_CODE) values ('OD030',2,'1014','ORD014');
Insert into CM.SALE_DETAILS (ORDER_DETAIL,QTY,PRODUCT_ID,ORDER_CODE) values ('OD031',2,'1041','ORD015');
Insert into CM.SALE_DETAILS (ORDER_DETAIL,QTY,PRODUCT_ID,ORDER_CODE) values ('OD032',1,'1046','ORD015');
Insert into CM.SALE_DETAILS (ORDER_DETAIL,QTY,PRODUCT_ID,ORDER_CODE) values ('OD033',2,'1006','ORD015');
Insert into CM.SALE_DETAILS (ORDER_DETAIL,QTY,PRODUCT_ID,ORDER_CODE) values ('OD034',3,'1013','ORD015');
Insert into CM.SALE_DETAILS (ORDER_DETAIL,QTY,PRODUCT_ID,ORDER_CODE) values ('OD035',2,'1021','ORD016');
Insert into CM.SALE_DETAILS (ORDER_DETAIL,QTY,PRODUCT_ID,ORDER_CODE) values ('OD036',2,'1013','ORD016');
Insert into CM.SALE_DETAILS (ORDER_DETAIL,QTY,PRODUCT_ID,ORDER_CODE) values ('OD037',1,'1016','ORD016');
Insert into CM.SALE_DETAILS (ORDER_DETAIL,QTY,PRODUCT_ID,ORDER_CODE) values ('OD038',2,'1043','ORD017');
Insert into CM.SALE_DETAILS (ORDER_DETAIL,QTY,PRODUCT_ID,ORDER_CODE) values ('OD039',2,'1048','ORD017');
Insert into CM.SALE_DETAILS (ORDER_DETAIL,QTY,PRODUCT_ID,ORDER_CODE) values ('OD040',1,'1046','ORD017');
Insert into CM.SALE_DETAILS (ORDER_DETAIL,QTY,PRODUCT_ID,ORDER_CODE) values ('OD041',3,'1035','ORD018');
Insert into CM.SALE_DETAILS (ORDER_DETAIL,QTY,PRODUCT_ID,ORDER_CODE) values ('OD042',1,'1011','ORD018');
Insert into CM.SALE_DETAILS (ORDER_DETAIL,QTY,PRODUCT_ID,ORDER_CODE) values ('OD043',2,'1014','ORD019');
Insert into CM.SALE_DETAILS (ORDER_DETAIL,QTY,PRODUCT_ID,ORDER_CODE) values ('OD044',1,'1042','ORD019');
Insert into CM.SALE_DETAILS (ORDER_DETAIL,QTY,PRODUCT_ID,ORDER_CODE) values ('OD045',3,'1030','ORD019');
Insert into CM.SALE_DETAILS (ORDER_DETAIL,QTY,PRODUCT_ID,ORDER_CODE) values ('OD046',3,'1036','ORD020');
Insert into CM.SALE_DETAILS (ORDER_DETAIL,QTY,PRODUCT_ID,ORDER_CODE) values ('OD047',2,'1032','ORD021');
Insert into CM.SALE_DETAILS (ORDER_DETAIL,QTY,PRODUCT_ID,ORDER_CODE) values ('OD048',3,'1017','ORD021');
Insert into CM.SALE_DETAILS (ORDER_DETAIL,QTY,PRODUCT_ID,ORDER_CODE) values ('OD049',2,'1047','ORD021');
Insert into CM.SALE_DETAILS (ORDER_DETAIL,QTY,PRODUCT_ID,ORDER_CODE) values ('OD050',2,'1030','ORD021');
Insert into CM.SALE_DETAILS (ORDER_DETAIL,QTY,PRODUCT_ID,ORDER_CODE) values ('OD051',1,'1037','ORD022');
Insert into CM.SALE_DETAILS (ORDER_DETAIL,QTY,PRODUCT_ID,ORDER_CODE) values ('OD052',1,'1019','ORD022');
Insert into CM.SALE_DETAILS (ORDER_DETAIL,QTY,PRODUCT_ID,ORDER_CODE) values ('OD053',3,'1039','ORD022');
Insert into CM.SALE_DETAILS (ORDER_DETAIL,QTY,PRODUCT_ID,ORDER_CODE) values ('OD054',1,'1037','ORD023');
Insert into CM.SALE_DETAILS (ORDER_DETAIL,QTY,PRODUCT_ID,ORDER_CODE) values ('OD055',3,'1046','ORD023');
Insert into CM.SALE_DETAILS (ORDER_DETAIL,QTY,PRODUCT_ID,ORDER_CODE) values ('OD056',2,'1018','ORD023');
Insert into CM.SALE_DETAILS (ORDER_DETAIL,QTY,PRODUCT_ID,ORDER_CODE) values ('OD057',1,'1019','ORD024');
Insert into CM.SALE_DETAILS (ORDER_DETAIL,QTY,PRODUCT_ID,ORDER_CODE) values ('OD058',1,'1014','ORD024');
Insert into CM.SALE_DETAILS (ORDER_DETAIL,QTY,PRODUCT_ID,ORDER_CODE) values ('OD059',3,'1045','ORD025');
Insert into CM.SALE_DETAILS (ORDER_DETAIL,QTY,PRODUCT_ID,ORDER_CODE) values ('OD060',3,'1013','ORD025');
Insert into CM.SALE_DETAILS (ORDER_DETAIL,QTY,PRODUCT_ID,ORDER_CODE) values ('OD061',2,'1020','ORD026');
Insert into CM.SALE_DETAILS (ORDER_DETAIL,QTY,PRODUCT_ID,ORDER_CODE) values ('OD062',1,'1040','ORD026');
Insert into CM.SALE_DETAILS (ORDER_DETAIL,QTY,PRODUCT_ID,ORDER_CODE) values ('OD063',1,'1043','ORD027');
Insert into CM.SALE_DETAILS (ORDER_DETAIL,QTY,PRODUCT_ID,ORDER_CODE) values ('OD064',1,'1032','ORD027');
Insert into CM.SALE_DETAILS (ORDER_DETAIL,QTY,PRODUCT_ID,ORDER_CODE) values ('OD065',3,'1016','ORD027');
Insert into CM.SALE_DETAILS (ORDER_DETAIL,QTY,PRODUCT_ID,ORDER_CODE) values ('OD066',2,'1041','ORD027');
Insert into CM.SALE_DETAILS (ORDER_DETAIL,QTY,PRODUCT_ID,ORDER_CODE) values ('OD067',2,'1041','ORD028');
Insert into CM.SALE_DETAILS (ORDER_DETAIL,QTY,PRODUCT_ID,ORDER_CODE) values ('OD068',1,'1031','ORD028');
Insert into CM.SALE_DETAILS (ORDER_DETAIL,QTY,PRODUCT_ID,ORDER_CODE) values ('OD069',1,'1027','ORD028');
Insert into CM.SALE_DETAILS (ORDER_DETAIL,QTY,PRODUCT_ID,ORDER_CODE) values ('OD070',1,'1006','ORD028');
Insert into CM.SALE_DETAILS (ORDER_DETAIL,QTY,PRODUCT_ID,ORDER_CODE) values ('OD071',1,'1023','ORD029');
Insert into CM.SALE_DETAILS (ORDER_DETAIL,QTY,PRODUCT_ID,ORDER_CODE) values ('OD072',1,'1030','ORD029');
Insert into CM.SALE_DETAILS (ORDER_DETAIL,QTY,PRODUCT_ID,ORDER_CODE) values ('OD073',1,'1027','ORD030');
Insert into CM.SALE_DETAILS (ORDER_DETAIL,QTY,PRODUCT_ID,ORDER_CODE) values ('OD074',3,'1036','ORD030');
Insert into CM.SALE_DETAILS (ORDER_DETAIL,QTY,PRODUCT_ID,ORDER_CODE) values ('OD075',3,'1019','ORD031');
Insert into CM.SALE_DETAILS (ORDER_DETAIL,QTY,PRODUCT_ID,ORDER_CODE) values ('OD076',1,'1039','ORD031');
Insert into CM.SALE_DETAILS (ORDER_DETAIL,QTY,PRODUCT_ID,ORDER_CODE) values ('OD077',3,'1004','ORD032');
Insert into CM.SALE_DETAILS (ORDER_DETAIL,QTY,PRODUCT_ID,ORDER_CODE) values ('OD078',2,'1015','ORD032');
Insert into CM.SALE_DETAILS (ORDER_DETAIL,QTY,PRODUCT_ID,ORDER_CODE) values ('OD079',1,'1015','ORD032');
Insert into CM.SALE_DETAILS (ORDER_DETAIL,QTY,PRODUCT_ID,ORDER_CODE) values ('OD080',2,'1004','ORD033');
Insert into CM.SALE_DETAILS (ORDER_DETAIL,QTY,PRODUCT_ID,ORDER_CODE) values ('OD081',3,'1017','ORD033');
Insert into CM.SALE_DETAILS (ORDER_DETAIL,QTY,PRODUCT_ID,ORDER_CODE) values ('OD082',1,'1035','ORD033');
Insert into CM.SALE_DETAILS (ORDER_DETAIL,QTY,PRODUCT_ID,ORDER_CODE) values ('OD083',2,'1042','ORD034');
Insert into CM.SALE_DETAILS (ORDER_DETAIL,QTY,PRODUCT_ID,ORDER_CODE) values ('OD084',2,'1008','ORD035');
Insert into CM.SALE_DETAILS (ORDER_DETAIL,QTY,PRODUCT_ID,ORDER_CODE) values ('OD085',3,'1030','ORD035');
Insert into CM.SALE_DETAILS (ORDER_DETAIL,QTY,PRODUCT_ID,ORDER_CODE) values ('OD086',1,'1018','ORD035');
Insert into CM.SALE_DETAILS (ORDER_DETAIL,QTY,PRODUCT_ID,ORDER_CODE) values ('OD087',2,'1024','ORD036');
Insert into CM.SALE_DETAILS (ORDER_DETAIL,QTY,PRODUCT_ID,ORDER_CODE) values ('OD088',1,'1032','ORD036');
Insert into CM.SALE_DETAILS (ORDER_DETAIL,QTY,PRODUCT_ID,ORDER_CODE) values ('OD089',1,'1015','ORD036');
Insert into CM.SALE_DETAILS (ORDER_DETAIL,QTY,PRODUCT_ID,ORDER_CODE) values ('OD090',1,'1005','ORD037');
Insert into CM.SALE_DETAILS (ORDER_DETAIL,QTY,PRODUCT_ID,ORDER_CODE) values ('OD091',3,'1019','ORD037');
Insert into CM.SALE_DETAILS (ORDER_DETAIL,QTY,PRODUCT_ID,ORDER_CODE) values ('OD092',2,'1023','ORD037');
Insert into CM.SALE_DETAILS (ORDER_DETAIL,QTY,PRODUCT_ID,ORDER_CODE) values ('OD093',3,'1040','ORD038');
Insert into CM.SALE_DETAILS (ORDER_DETAIL,QTY,PRODUCT_ID,ORDER_CODE) values ('OD094',2,'1033','ORD038');
Insert into CM.SALE_DETAILS (ORDER_DETAIL,QTY,PRODUCT_ID,ORDER_CODE) values ('OD095',2,'1037','ORD038');
Insert into CM.SALE_DETAILS (ORDER_DETAIL,QTY,PRODUCT_ID,ORDER_CODE) values ('OD096',2,'1024','ORD038');
Insert into CM.SALE_DETAILS (ORDER_DETAIL,QTY,PRODUCT_ID,ORDER_CODE) values ('OD097',1,'1040','ORD039');
Insert into CM.SALE_DETAILS (ORDER_DETAIL,QTY,PRODUCT_ID,ORDER_CODE) values ('OD098',1,'1019','ORD039');
Insert into CM.SALE_DETAILS (ORDER_DETAIL,QTY,PRODUCT_ID,ORDER_CODE) values ('OD099',3,'1007','ORD040');
Insert into CM.SALE_DETAILS (ORDER_DETAIL,QTY,PRODUCT_ID,ORDER_CODE) values ('OD100',3,'1038','ORD040');
Insert into CM.SALE_DETAILS (ORDER_DETAIL,QTY,PRODUCT_ID,ORDER_CODE) values ('OD101',3,'1030','ORD040');
Insert into CM.SALE_DETAILS (ORDER_DETAIL,QTY,PRODUCT_ID,ORDER_CODE) values ('OD102',1,'1022','ORD041');
Insert into CM.SALE_DETAILS (ORDER_DETAIL,QTY,PRODUCT_ID,ORDER_CODE) values ('OD103',1,'1040','ORD042');
Insert into CM.SALE_DETAILS (ORDER_DETAIL,QTY,PRODUCT_ID,ORDER_CODE) values ('OD104',2,'1036','ORD042');
Insert into CM.SALE_DETAILS (ORDER_DETAIL,QTY,PRODUCT_ID,ORDER_CODE) values ('OD105',2,'1050','ORD043');
Insert into CM.SALE_DETAILS (ORDER_DETAIL,QTY,PRODUCT_ID,ORDER_CODE) values ('OD106',1,'1030','ORD043');
Insert into CM.SALE_DETAILS (ORDER_DETAIL,QTY,PRODUCT_ID,ORDER_CODE) values ('OD107',1,'1031','ORD043');
Insert into CM.SALE_DETAILS (ORDER_DETAIL,QTY,PRODUCT_ID,ORDER_CODE) values ('OD108',1,'1005','ORD043');
Insert into CM.SALE_DETAILS (ORDER_DETAIL,QTY,PRODUCT_ID,ORDER_CODE) values ('OD109',3,'1015','ORD044');
Insert into CM.SALE_DETAILS (ORDER_DETAIL,QTY,PRODUCT_ID,ORDER_CODE) values ('OD110',2,'1043','ORD044');
Insert into CM.SALE_DETAILS (ORDER_DETAIL,QTY,PRODUCT_ID,ORDER_CODE) values ('OD111',1,'1010','ORD044');
Insert into CM.SALE_DETAILS (ORDER_DETAIL,QTY,PRODUCT_ID,ORDER_CODE) values ('OD112',2,'1039','ORD045');
Insert into CM.SALE_DETAILS (ORDER_DETAIL,QTY,PRODUCT_ID,ORDER_CODE) values ('OD113',3,'1037','ORD046');
Insert into CM.SALE_DETAILS (ORDER_DETAIL,QTY,PRODUCT_ID,ORDER_CODE) values ('OD114',3,'1001','ORD046');
Insert into CM.SALE_DETAILS (ORDER_DETAIL,QTY,PRODUCT_ID,ORDER_CODE) values ('OD115',1,'1015','ORD047');
Insert into CM.SALE_DETAILS (ORDER_DETAIL,QTY,PRODUCT_ID,ORDER_CODE) values ('OD116',1,'1029','ORD047');
Insert into CM.SALE_DETAILS (ORDER_DETAIL,QTY,PRODUCT_ID,ORDER_CODE) values ('OD117',1,'1039','ORD047');
Insert into CM.SALE_DETAILS (ORDER_DETAIL,QTY,PRODUCT_ID,ORDER_CODE) values ('OD118',2,'1045','ORD047');
Insert into CM.SALE_DETAILS (ORDER_DETAIL,QTY,PRODUCT_ID,ORDER_CODE) values ('OD119',1,'1033','ORD048');
Insert into CM.SALE_DETAILS (ORDER_DETAIL,QTY,PRODUCT_ID,ORDER_CODE) values ('OD120',2,'1012','ORD049');
Insert into CM.SALE_DETAILS (ORDER_DETAIL,QTY,PRODUCT_ID,ORDER_CODE) values ('OD121',3,'1032','ORD049');
Insert into CM.SALE_DETAILS (ORDER_DETAIL,QTY,PRODUCT_ID,ORDER_CODE) values ('OD122',1,'1025','ORD050');
Insert into CM.SALE_DETAILS (ORDER_DETAIL,QTY,PRODUCT_ID,ORDER_CODE) values ('OD123',1,'1037','ORD050');
Insert into CM.SALE_DETAILS (ORDER_DETAIL,QTY,PRODUCT_ID,ORDER_CODE) values ('OD124',2,'1041','ORD050');
Insert into CM.SALE_DETAILS (ORDER_DETAIL,QTY,PRODUCT_ID,ORDER_CODE) values ('OD125',2,'1016','ORD051');
Insert into CM.SALE_DETAILS (ORDER_DETAIL,QTY,PRODUCT_ID,ORDER_CODE) values ('OD126',2,'1031','ORD051');
Insert into CM.SALE_DETAILS (ORDER_DETAIL,QTY,PRODUCT_ID,ORDER_CODE) values ('OD127',3,'1028','ORD051');
Insert into CM.SALE_DETAILS (ORDER_DETAIL,QTY,PRODUCT_ID,ORDER_CODE) values ('OD128',3,'1034','ORD052');
Insert into CM.SALE_DETAILS (ORDER_DETAIL,QTY,PRODUCT_ID,ORDER_CODE) values ('OD129',3,'1008','ORD053');
Insert into CM.SALE_DETAILS (ORDER_DETAIL,QTY,PRODUCT_ID,ORDER_CODE) values ('OD130',2,'1018','ORD053');
Insert into CM.SALE_DETAILS (ORDER_DETAIL,QTY,PRODUCT_ID,ORDER_CODE) values ('OD131',3,'1021','ORD054');
Insert into CM.SALE_DETAILS (ORDER_DETAIL,QTY,PRODUCT_ID,ORDER_CODE) values ('OD132',2,'1032','ORD054');
Insert into CM.SALE_DETAILS (ORDER_DETAIL,QTY,PRODUCT_ID,ORDER_CODE) values ('OD133',1,'1004','ORD054');
Insert into CM.SALE_DETAILS (ORDER_DETAIL,QTY,PRODUCT_ID,ORDER_CODE) values ('OD134',3,'1018','ORD054');
Insert into CM.SALE_DETAILS (ORDER_DETAIL,QTY,PRODUCT_ID,ORDER_CODE) values ('OD135',1,'1029','ORD055');
Insert into CM.SALE_DETAILS (ORDER_DETAIL,QTY,PRODUCT_ID,ORDER_CODE) values ('OD136',2,'1041','ORD055');
Insert into CM.SALE_DETAILS (ORDER_DETAIL,QTY,PRODUCT_ID,ORDER_CODE) values ('OD137',3,'1007','ORD055');
Insert into CM.SALE_DETAILS (ORDER_DETAIL,QTY,PRODUCT_ID,ORDER_CODE) values ('OD138',2,'1025','ORD056');
Insert into CM.SALE_DETAILS (ORDER_DETAIL,QTY,PRODUCT_ID,ORDER_CODE) values ('OD139',2,'1004','ORD057');
Insert into CM.SALE_DETAILS (ORDER_DETAIL,QTY,PRODUCT_ID,ORDER_CODE) values ('OD140',2,'1006','ORD057');
Insert into CM.SALE_DETAILS (ORDER_DETAIL,QTY,PRODUCT_ID,ORDER_CODE) values ('OD141',2,'1036','ORD057');
Insert into CM.SALE_DETAILS (ORDER_DETAIL,QTY,PRODUCT_ID,ORDER_CODE) values ('OD142',1,'1004','ORD058');
Insert into CM.SALE_DETAILS (ORDER_DETAIL,QTY,PRODUCT_ID,ORDER_CODE) values ('OD143',2,'1047','ORD058');
Insert into CM.SALE_DETAILS (ORDER_DETAIL,QTY,PRODUCT_ID,ORDER_CODE) values ('OD144',1,'1001','ORD059');
Insert into CM.SALE_DETAILS (ORDER_DETAIL,QTY,PRODUCT_ID,ORDER_CODE) values ('OD145',1,'1004','ORD060');
Insert into CM.SALE_DETAILS (ORDER_DETAIL,QTY,PRODUCT_ID,ORDER_CODE) values ('OD146',3,'1031','ORD060');
Insert into CM.SALE_DETAILS (ORDER_DETAIL,QTY,PRODUCT_ID,ORDER_CODE) values ('OD147',3,'1046','ORD061');
Insert into CM.SALE_DETAILS (ORDER_DETAIL,QTY,PRODUCT_ID,ORDER_CODE) values ('OD148',1,'1037','ORD062');
Insert into CM.SALE_DETAILS (ORDER_DETAIL,QTY,PRODUCT_ID,ORDER_CODE) values ('OD149',1,'1036','ORD062');
Insert into CM.SALE_DETAILS (ORDER_DETAIL,QTY,PRODUCT_ID,ORDER_CODE) values ('OD150',1,'1028','ORD063');
Insert into CM.SALE_DETAILS (ORDER_DETAIL,QTY,PRODUCT_ID,ORDER_CODE) values ('OD151',1,'1021','ORD064');
Insert into CM.SALE_DETAILS (ORDER_DETAIL,QTY,PRODUCT_ID,ORDER_CODE) values ('OD152',1,'1044','ORD064');
Insert into CM.SALE_DETAILS (ORDER_DETAIL,QTY,PRODUCT_ID,ORDER_CODE) values ('OD153',1,'1008','ORD064');
Insert into CM.SALE_DETAILS (ORDER_DETAIL,QTY,PRODUCT_ID,ORDER_CODE) values ('OD154',1,'1032','ORD065');
Insert into CM.SALE_DETAILS (ORDER_DETAIL,QTY,PRODUCT_ID,ORDER_CODE) values ('OD155',2,'1028','ORD065');
Insert into CM.SALE_DETAILS (ORDER_DETAIL,QTY,PRODUCT_ID,ORDER_CODE) values ('OD156',1,'1039','ORD065');
Insert into CM.SALE_DETAILS (ORDER_DETAIL,QTY,PRODUCT_ID,ORDER_CODE) values ('OD157',2,'1027','ORD065');
Insert into CM.SALE_DETAILS (ORDER_DETAIL,QTY,PRODUCT_ID,ORDER_CODE) values ('OD158',3,'1034','ORD066');
Insert into CM.SALE_DETAILS (ORDER_DETAIL,QTY,PRODUCT_ID,ORDER_CODE) values ('OD159',3,'1036','ORD066');
Insert into CM.SALE_DETAILS (ORDER_DETAIL,QTY,PRODUCT_ID,ORDER_CODE) values ('OD160',3,'1012','ORD066');
Insert into CM.SALE_DETAILS (ORDER_DETAIL,QTY,PRODUCT_ID,ORDER_CODE) values ('OD161',1,'1021','ORD067');
Insert into CM.SALE_DETAILS (ORDER_DETAIL,QTY,PRODUCT_ID,ORDER_CODE) values ('OD162',1,'1035','ORD067');
Insert into CM.SALE_DETAILS (ORDER_DETAIL,QTY,PRODUCT_ID,ORDER_CODE) values ('OD163',3,'1035','ORD067');
Insert into CM.SALE_DETAILS (ORDER_DETAIL,QTY,PRODUCT_ID,ORDER_CODE) values ('OD164',2,'1011','ORD067');
Insert into CM.SALE_DETAILS (ORDER_DETAIL,QTY,PRODUCT_ID,ORDER_CODE) values ('OD165',2,'1050','ORD068');
Insert into CM.SALE_DETAILS (ORDER_DETAIL,QTY,PRODUCT_ID,ORDER_CODE) values ('OD166',3,'1047','ORD068');
Insert into CM.SALE_DETAILS (ORDER_DETAIL,QTY,PRODUCT_ID,ORDER_CODE) values ('OD167',3,'1047','ORD069');
Insert into CM.SALE_DETAILS (ORDER_DETAIL,QTY,PRODUCT_ID,ORDER_CODE) values ('OD168',3,'1002','ORD069');
Insert into CM.SALE_DETAILS (ORDER_DETAIL,QTY,PRODUCT_ID,ORDER_CODE) values ('OD169',1,'1021','ORD070');
Insert into CM.SALE_DETAILS (ORDER_DETAIL,QTY,PRODUCT_ID,ORDER_CODE) values ('OD170',2,'1017','ORD070');
Insert into CM.SALE_DETAILS (ORDER_DETAIL,QTY,PRODUCT_ID,ORDER_CODE) values ('OD171',1,'1020','ORD070');
Insert into CM.SALE_DETAILS (ORDER_DETAIL,QTY,PRODUCT_ID,ORDER_CODE) values ('OD172',2,'1036','ORD070');
Insert into CM.SALE_DETAILS (ORDER_DETAIL,QTY,PRODUCT_ID,ORDER_CODE) values ('OD173',3,'1003','ORD071');
Insert into CM.SALE_DETAILS (ORDER_DETAIL,QTY,PRODUCT_ID,ORDER_CODE) values ('OD174',2,'1014','ORD071');
Insert into CM.SALE_DETAILS (ORDER_DETAIL,QTY,PRODUCT_ID,ORDER_CODE) values ('OD175',3,'1018','ORD071');
Insert into CM.SALE_DETAILS (ORDER_DETAIL,QTY,PRODUCT_ID,ORDER_CODE) values ('OD176',2,'1012','ORD072');
Insert into CM.SALE_DETAILS (ORDER_DETAIL,QTY,PRODUCT_ID,ORDER_CODE) values ('OD177',2,'1045','ORD072');
Insert into CM.SALE_DETAILS (ORDER_DETAIL,QTY,PRODUCT_ID,ORDER_CODE) values ('OD178',2,'1032','ORD073');
Insert into CM.SALE_DETAILS (ORDER_DETAIL,QTY,PRODUCT_ID,ORDER_CODE) values ('OD179',2,'1002','ORD074');
Insert into CM.SALE_DETAILS (ORDER_DETAIL,QTY,PRODUCT_ID,ORDER_CODE) values ('OD180',2,'1003','ORD074');
Insert into CM.SALE_DETAILS (ORDER_DETAIL,QTY,PRODUCT_ID,ORDER_CODE) values ('OD181',2,'1010','ORD075');
Insert into CM.SALE_DETAILS (ORDER_DETAIL,QTY,PRODUCT_ID,ORDER_CODE) values ('OD182',2,'1024','ORD075');
Insert into CM.SALE_DETAILS (ORDER_DETAIL,QTY,PRODUCT_ID,ORDER_CODE) values ('OD183',2,'1031','ORD075');
Insert into CM.SALE_DETAILS (ORDER_DETAIL,QTY,PRODUCT_ID,ORDER_CODE) values ('OD184',3,'1046','ORD075');
Insert into CM.SALE_DETAILS (ORDER_DETAIL,QTY,PRODUCT_ID,ORDER_CODE) values ('OD185',1,'1017','ORD076');
Insert into CM.SALE_DETAILS (ORDER_DETAIL,QTY,PRODUCT_ID,ORDER_CODE) values ('OD186',2,'1031','ORD076');
Insert into CM.SALE_DETAILS (ORDER_DETAIL,QTY,PRODUCT_ID,ORDER_CODE) values ('OD187',2,'1050','ORD076');
Insert into CM.SALE_DETAILS (ORDER_DETAIL,QTY,PRODUCT_ID,ORDER_CODE) values ('OD188',3,'1027','ORD077');
Insert into CM.SALE_DETAILS (ORDER_DETAIL,QTY,PRODUCT_ID,ORDER_CODE) values ('OD189',2,'1025','ORD078');
Insert into CM.SALE_DETAILS (ORDER_DETAIL,QTY,PRODUCT_ID,ORDER_CODE) values ('OD190',2,'1048','ORD078');
Insert into CM.SALE_DETAILS (ORDER_DETAIL,QTY,PRODUCT_ID,ORDER_CODE) values ('OD191',3,'1030','ORD079');
Insert into CM.SALE_DETAILS (ORDER_DETAIL,QTY,PRODUCT_ID,ORDER_CODE) values ('OD192',2,'1010','ORD079');
Insert into CM.SALE_DETAILS (ORDER_DETAIL,QTY,PRODUCT_ID,ORDER_CODE) values ('OD193',1,'1012','ORD079');
Insert into CM.SALE_DETAILS (ORDER_DETAIL,QTY,PRODUCT_ID,ORDER_CODE) values ('OD194',3,'1033','ORD079');
Insert into CM.SALE_DETAILS (ORDER_DETAIL,QTY,PRODUCT_ID,ORDER_CODE) values ('OD195',2,'1002','ORD080');
Insert into CM.SALE_DETAILS (ORDER_DETAIL,QTY,PRODUCT_ID,ORDER_CODE) values ('OD196',2,'1012','ORD080');
Insert into CM.SALE_DETAILS (ORDER_DETAIL,QTY,PRODUCT_ID,ORDER_CODE) values ('OD197',1,'1002','ORD080');
Insert into CM.SALE_DETAILS (ORDER_DETAIL,QTY,PRODUCT_ID,ORDER_CODE) values ('OD198',2,'1024','ORD081');
Insert into CM.SALE_DETAILS (ORDER_DETAIL,QTY,PRODUCT_ID,ORDER_CODE) values ('OD199',2,'1002','ORD081');
Insert into CM.SALE_DETAILS (ORDER_DETAIL,QTY,PRODUCT_ID,ORDER_CODE) values ('OD200',3,'1047','ORD081');
Insert into CM.SALE_DETAILS (ORDER_DETAIL,QTY,PRODUCT_ID,ORDER_CODE) values ('OD201',3,'1002','ORD081');
Insert into CM.SALE_DETAILS (ORDER_DETAIL,QTY,PRODUCT_ID,ORDER_CODE) values ('OD202',3,'1010','ORD082');
Insert into CM.SALE_DETAILS (ORDER_DETAIL,QTY,PRODUCT_ID,ORDER_CODE) values ('OD203',2,'1021','ORD082');
Insert into CM.SALE_DETAILS (ORDER_DETAIL,QTY,PRODUCT_ID,ORDER_CODE) values ('OD204',1,'1026','ORD082');
Insert into CM.SALE_DETAILS (ORDER_DETAIL,QTY,PRODUCT_ID,ORDER_CODE) values ('OD205',3,'1050','ORD083');
Insert into CM.SALE_DETAILS (ORDER_DETAIL,QTY,PRODUCT_ID,ORDER_CODE) values ('OD206',2,'1032','ORD084');
Insert into CM.SALE_DETAILS (ORDER_DETAIL,QTY,PRODUCT_ID,ORDER_CODE) values ('OD207',2,'1006','ORD084');
Insert into CM.SALE_DETAILS (ORDER_DETAIL,QTY,PRODUCT_ID,ORDER_CODE) values ('OD208',3,'1012','ORD085');
Insert into CM.SALE_DETAILS (ORDER_DETAIL,QTY,PRODUCT_ID,ORDER_CODE) values ('OD209',3,'1044','ORD085');
Insert into CM.SALE_DETAILS (ORDER_DETAIL,QTY,PRODUCT_ID,ORDER_CODE) values ('OD210',3,'1011','ORD085');
Insert into CM.SALE_DETAILS (ORDER_DETAIL,QTY,PRODUCT_ID,ORDER_CODE) values ('OD211',3,'1025','ORD086');
Insert into CM.SALE_DETAILS (ORDER_DETAIL,QTY,PRODUCT_ID,ORDER_CODE) values ('OD212',1,'1026','ORD086');
Insert into CM.SALE_DETAILS (ORDER_DETAIL,QTY,PRODUCT_ID,ORDER_CODE) values ('OD213',2,'1030','ORD087');
Insert into CM.SALE_DETAILS (ORDER_DETAIL,QTY,PRODUCT_ID,ORDER_CODE) values ('OD214',2,'1030','ORD087');
Insert into CM.SALE_DETAILS (ORDER_DETAIL,QTY,PRODUCT_ID,ORDER_CODE) values ('OD215',1,'1003','ORD087');
Insert into CM.SALE_DETAILS (ORDER_DETAIL,QTY,PRODUCT_ID,ORDER_CODE) values ('OD216',1,'1014','ORD088');
Insert into CM.SALE_DETAILS (ORDER_DETAIL,QTY,PRODUCT_ID,ORDER_CODE) values ('OD217',1,'1036','ORD088');
Insert into CM.SALE_DETAILS (ORDER_DETAIL,QTY,PRODUCT_ID,ORDER_CODE) values ('OD218',3,'1023','ORD088');
Insert into CM.SALE_DETAILS (ORDER_DETAIL,QTY,PRODUCT_ID,ORDER_CODE) values ('OD219',3,'1032','ORD089');
Insert into CM.SALE_DETAILS (ORDER_DETAIL,QTY,PRODUCT_ID,ORDER_CODE) values ('OD220',1,'1040','ORD090');
Insert into CM.SALE_DETAILS (ORDER_DETAIL,QTY,PRODUCT_ID,ORDER_CODE) values ('OD221',1,'1050','ORD090');
Insert into CM.SALE_DETAILS (ORDER_DETAIL,QTY,PRODUCT_ID,ORDER_CODE) values ('OD222',2,'1030','ORD090');
Insert into CM.SALE_DETAILS (ORDER_DETAIL,QTY,PRODUCT_ID,ORDER_CODE) values ('OD223',2,'1009','ORD090');
Insert into CM.SALE_DETAILS (ORDER_DETAIL,QTY,PRODUCT_ID,ORDER_CODE) values ('OD224',1,'1008','ORD091');
Insert into CM.SALE_DETAILS (ORDER_DETAIL,QTY,PRODUCT_ID,ORDER_CODE) values ('OD225',1,'1024','ORD092');
Insert into CM.SALE_DETAILS (ORDER_DETAIL,QTY,PRODUCT_ID,ORDER_CODE) values ('OD226',1,'1044','ORD093');
Insert into CM.SALE_DETAILS (ORDER_DETAIL,QTY,PRODUCT_ID,ORDER_CODE) values ('OD227',1,'1005','ORD093');
Insert into CM.SALE_DETAILS (ORDER_DETAIL,QTY,PRODUCT_ID,ORDER_CODE) values ('OD228',2,'1043','ORD093');
Insert into CM.SALE_DETAILS (ORDER_DETAIL,QTY,PRODUCT_ID,ORDER_CODE) values ('OD229',3,'1017','ORD094');
Insert into CM.SALE_DETAILS (ORDER_DETAIL,QTY,PRODUCT_ID,ORDER_CODE) values ('OD230',1,'1017','ORD094');
Insert into CM.SALE_DETAILS (ORDER_DETAIL,QTY,PRODUCT_ID,ORDER_CODE) values ('OD231',2,'1008','ORD095');
Insert into CM.SALE_DETAILS (ORDER_DETAIL,QTY,PRODUCT_ID,ORDER_CODE) values ('OD232',3,'1013','ORD095');
Insert into CM.SALE_DETAILS (ORDER_DETAIL,QTY,PRODUCT_ID,ORDER_CODE) values ('OD233',2,'1045','ORD096');
Insert into CM.SALE_DETAILS (ORDER_DETAIL,QTY,PRODUCT_ID,ORDER_CODE) values ('OD234',3,'1048','ORD096');
Insert into CM.SALE_DETAILS (ORDER_DETAIL,QTY,PRODUCT_ID,ORDER_CODE) values ('OD235',2,'1021','ORD096');
Insert into CM.SALE_DETAILS (ORDER_DETAIL,QTY,PRODUCT_ID,ORDER_CODE) values ('OD236',1,'1009','ORD096');
Insert into CM.SALE_DETAILS (ORDER_DETAIL,QTY,PRODUCT_ID,ORDER_CODE) values ('OD237',1,'1043','ORD097');
Insert into CM.SALE_DETAILS (ORDER_DETAIL,QTY,PRODUCT_ID,ORDER_CODE) values ('OD238',1,'1025','ORD097');
Insert into CM.SALE_DETAILS (ORDER_DETAIL,QTY,PRODUCT_ID,ORDER_CODE) values ('OD239',2,'1004','ORD097');
Insert into CM.SALE_DETAILS (ORDER_DETAIL,QTY,PRODUCT_ID,ORDER_CODE) values ('OD240',3,'1034','ORD097');
Insert into CM.SALE_DETAILS (ORDER_DETAIL,QTY,PRODUCT_ID,ORDER_CODE) values ('OD241',2,'1006','ORD098');
Insert into CM.SALE_DETAILS (ORDER_DETAIL,QTY,PRODUCT_ID,ORDER_CODE) values ('OD242',2,'1012','ORD099');
Insert into CM.SALE_DETAILS (ORDER_DETAIL,QTY,PRODUCT_ID,ORDER_CODE) values ('OD243',2,'1017','ORD100');
Insert into CM.SALE_DETAILS (ORDER_DETAIL,QTY,PRODUCT_ID,ORDER_CODE) values ('OD244',3,'1047','ORD101');
Insert into CM.SALE_DETAILS (ORDER_DETAIL,QTY,PRODUCT_ID,ORDER_CODE) values ('OD245',1,'1018','ORD101');
Insert into CM.SALE_DETAILS (ORDER_DETAIL,QTY,PRODUCT_ID,ORDER_CODE) values ('OD246',3,'1019','ORD101');
Insert into CM.SALE_DETAILS (ORDER_DETAIL,QTY,PRODUCT_ID,ORDER_CODE) values ('OD247',1,'1019','ORD102');
Insert into CM.SALE_DETAILS (ORDER_DETAIL,QTY,PRODUCT_ID,ORDER_CODE) values ('OD248',1,'1003','ORD102');
Insert into CM.SALE_DETAILS (ORDER_DETAIL,QTY,PRODUCT_ID,ORDER_CODE) values ('OD249',2,'1004','ORD103');
Insert into CM.SALE_DETAILS (ORDER_DETAIL,QTY,PRODUCT_ID,ORDER_CODE) values ('OD250',2,'1017','ORD104');
Insert into CM.SALE_DETAILS (ORDER_DETAIL,QTY,PRODUCT_ID,ORDER_CODE) values ('OD251',2,'1021','ORD105');
Insert into CM.SALE_DETAILS (ORDER_DETAIL,QTY,PRODUCT_ID,ORDER_CODE) values ('OD252',3,'1026','ORD105');
Insert into CM.SALE_DETAILS (ORDER_DETAIL,QTY,PRODUCT_ID,ORDER_CODE) values ('OD253',2,'1013','ORD106');
Insert into CM.SALE_DETAILS (ORDER_DETAIL,QTY,PRODUCT_ID,ORDER_CODE) values ('OD254',1,'1047','ORD107');
Insert into CM.SALE_DETAILS (ORDER_DETAIL,QTY,PRODUCT_ID,ORDER_CODE) values ('OD255',3,'1005','ORD107');
Insert into CM.SALE_DETAILS (ORDER_DETAIL,QTY,PRODUCT_ID,ORDER_CODE) values ('OD256',3,'1035','ORD107');
Insert into CM.SALE_DETAILS (ORDER_DETAIL,QTY,PRODUCT_ID,ORDER_CODE) values ('OD257',2,'1021','ORD108');
Insert into CM.SALE_DETAILS (ORDER_DETAIL,QTY,PRODUCT_ID,ORDER_CODE) values ('OD258',3,'1008','ORD108');
Insert into CM.SALE_DETAILS (ORDER_DETAIL,QTY,PRODUCT_ID,ORDER_CODE) values ('OD259',3,'1002','ORD108');
Insert into CM.SALE_DETAILS (ORDER_DETAIL,QTY,PRODUCT_ID,ORDER_CODE) values ('OD260',1,'1019','ORD109');
Insert into CM.SALE_DETAILS (ORDER_DETAIL,QTY,PRODUCT_ID,ORDER_CODE) values ('OD261',3,'1021','ORD109');
Insert into CM.SALE_DETAILS (ORDER_DETAIL,QTY,PRODUCT_ID,ORDER_CODE) values ('OD262',1,'1011','ORD109');
Insert into CM.SALE_DETAILS (ORDER_DETAIL,QTY,PRODUCT_ID,ORDER_CODE) values ('OD263',1,'1016','ORD109');
Insert into CM.SALE_DETAILS (ORDER_DETAIL,QTY,PRODUCT_ID,ORDER_CODE) values ('OD264',1,'1023','ORD110');
Insert into CM.SALE_DETAILS (ORDER_DETAIL,QTY,PRODUCT_ID,ORDER_CODE) values ('OD265',1,'1040','ORD110');
Insert into CM.SALE_DETAILS (ORDER_DETAIL,QTY,PRODUCT_ID,ORDER_CODE) values ('OD266',2,'1023','ORD110');
Insert into CM.SALE_DETAILS (ORDER_DETAIL,QTY,PRODUCT_ID,ORDER_CODE) values ('OD267',3,'1038','ORD111');
Insert into CM.SALE_DETAILS (ORDER_DETAIL,QTY,PRODUCT_ID,ORDER_CODE) values ('OD268',3,'1026','ORD111');
Insert into CM.SALE_DETAILS (ORDER_DETAIL,QTY,PRODUCT_ID,ORDER_CODE) values ('OD269',3,'1009','ORD111');
Insert into CM.SALE_DETAILS (ORDER_DETAIL,QTY,PRODUCT_ID,ORDER_CODE) values ('OD270',3,'1022','ORD112');
Insert into CM.SALE_DETAILS (ORDER_DETAIL,QTY,PRODUCT_ID,ORDER_CODE) values ('OD271',2,'1005','ORD112');
Insert into CM.SALE_DETAILS (ORDER_DETAIL,QTY,PRODUCT_ID,ORDER_CODE) values ('OD272',2,'1002','ORD112');
Insert into CM.SALE_DETAILS (ORDER_DETAIL,QTY,PRODUCT_ID,ORDER_CODE) values ('OD273',2,'1015','ORD113');
Insert into CM.SALE_DETAILS (ORDER_DETAIL,QTY,PRODUCT_ID,ORDER_CODE) values ('OD274',1,'1049','ORD114');
Insert into CM.SALE_DETAILS (ORDER_DETAIL,QTY,PRODUCT_ID,ORDER_CODE) values ('OD275',2,'1020','ORD114');
Insert into CM.SALE_DETAILS (ORDER_DETAIL,QTY,PRODUCT_ID,ORDER_CODE) values ('OD276',1,'1002','ORD114');
Insert into CM.SALE_DETAILS (ORDER_DETAIL,QTY,PRODUCT_ID,ORDER_CODE) values ('OD277',2,'1028','ORD115');
Insert into CM.SALE_DETAILS (ORDER_DETAIL,QTY,PRODUCT_ID,ORDER_CODE) values ('OD278',1,'1015','ORD115');
Insert into CM.SALE_DETAILS (ORDER_DETAIL,QTY,PRODUCT_ID,ORDER_CODE) values ('OD279',1,'1009','ORD115');
Insert into CM.SALE_DETAILS (ORDER_DETAIL,QTY,PRODUCT_ID,ORDER_CODE) values ('OD280',3,'1049','ORD116');
Insert into CM.SALE_DETAILS (ORDER_DETAIL,QTY,PRODUCT_ID,ORDER_CODE) values ('OD281',3,'1025','ORD116');
Insert into CM.SALE_DETAILS (ORDER_DETAIL,QTY,PRODUCT_ID,ORDER_CODE) values ('OD282',1,'1012','ORD116');
Insert into CM.SALE_DETAILS (ORDER_DETAIL,QTY,PRODUCT_ID,ORDER_CODE) values ('OD283',1,'1038','ORD116');
Insert into CM.SALE_DETAILS (ORDER_DETAIL,QTY,PRODUCT_ID,ORDER_CODE) values ('OD284',2,'1037','ORD117');
Insert into CM.SALE_DETAILS (ORDER_DETAIL,QTY,PRODUCT_ID,ORDER_CODE) values ('OD285',1,'1032','ORD117');
Insert into CM.SALE_DETAILS (ORDER_DETAIL,QTY,PRODUCT_ID,ORDER_CODE) values ('OD286',1,'1021','ORD117');
Insert into CM.SALE_DETAILS (ORDER_DETAIL,QTY,PRODUCT_ID,ORDER_CODE) values ('OD287',1,'1017','ORD118');
Insert into CM.SALE_DETAILS (ORDER_DETAIL,QTY,PRODUCT_ID,ORDER_CODE) values ('OD288',2,'1022','ORD118');
Insert into CM.SALE_DETAILS (ORDER_DETAIL,QTY,PRODUCT_ID,ORDER_CODE) values ('OD289',3,'1006','ORD118');
Insert into CM.SALE_DETAILS (ORDER_DETAIL,QTY,PRODUCT_ID,ORDER_CODE) values ('OD290',1,'1006','ORD118');
Insert into CM.SALE_DETAILS (ORDER_DETAIL,QTY,PRODUCT_ID,ORDER_CODE) values ('OD291',1,'1042','ORD119');
Insert into CM.SALE_DETAILS (ORDER_DETAIL,QTY,PRODUCT_ID,ORDER_CODE) values ('OD292',2,'1012','ORD119');
Insert into CM.SALE_DETAILS (ORDER_DETAIL,QTY,PRODUCT_ID,ORDER_CODE) values ('OD293',1,'1031','ORD119');
Insert into CM.SALE_DETAILS (ORDER_DETAIL,QTY,PRODUCT_ID,ORDER_CODE) values ('OD294',2,'1006','ORD119');
Insert into CM.SALE_DETAILS (ORDER_DETAIL,QTY,PRODUCT_ID,ORDER_CODE) values ('OD295',1,'1033','ORD120');
Insert into CM.SALE_DETAILS (ORDER_DETAIL,QTY,PRODUCT_ID,ORDER_CODE) values ('OD296',2,'1011','ORD120');
Insert into CM.SALE_DETAILS (ORDER_DETAIL,QTY,PRODUCT_ID,ORDER_CODE) values ('OD297',3,'1047','ORD120');
Insert into CM.SALE_DETAILS (ORDER_DETAIL,QTY,PRODUCT_ID,ORDER_CODE) values ('OD299',3,'1019','ORD122');
Insert into CM.SALE_DETAILS (ORDER_DETAIL,QTY,PRODUCT_ID,ORDER_CODE) values ('OD300',3,'1017','ORD122');
Insert into CM.SALE_DETAILS (ORDER_DETAIL,QTY,PRODUCT_ID,ORDER_CODE) values ('OD301',3,'1017','ORD123');
Insert into CM.SALE_DETAILS (ORDER_DETAIL,QTY,PRODUCT_ID,ORDER_CODE) values ('OD302',3,'1026','ORD124');
Insert into CM.SALE_DETAILS (ORDER_DETAIL,QTY,PRODUCT_ID,ORDER_CODE) values ('OD303',3,'1043','ORD124');
Insert into CM.SALE_DETAILS (ORDER_DETAIL,QTY,PRODUCT_ID,ORDER_CODE) values ('OD304',3,'1041','ORD125');
Insert into CM.SALE_DETAILS (ORDER_DETAIL,QTY,PRODUCT_ID,ORDER_CODE) values ('OD305',1,'1041','ORD126');
Insert into CM.SALE_DETAILS (ORDER_DETAIL,QTY,PRODUCT_ID,ORDER_CODE) values ('OD306',1,'1003','ORD126');
Insert into CM.SALE_DETAILS (ORDER_DETAIL,QTY,PRODUCT_ID,ORDER_CODE) values ('OD307',1,'1045','ORD126');
Insert into CM.SALE_DETAILS (ORDER_DETAIL,QTY,PRODUCT_ID,ORDER_CODE) values ('OD308',3,'1013','ORD127');
Insert into CM.SALE_DETAILS (ORDER_DETAIL,QTY,PRODUCT_ID,ORDER_CODE) values ('OD309',1,'1023','ORD127');
Insert into CM.SALE_DETAILS (ORDER_DETAIL,QTY,PRODUCT_ID,ORDER_CODE) values ('OD310',1,'1014','ORD127');
Insert into CM.SALE_DETAILS (ORDER_DETAIL,QTY,PRODUCT_ID,ORDER_CODE) values ('OD311',2,'1035','ORD127');
Insert into CM.SALE_DETAILS (ORDER_DETAIL,QTY,PRODUCT_ID,ORDER_CODE) values ('OD312',2,'1029','ORD128');
Insert into CM.SALE_DETAILS (ORDER_DETAIL,QTY,PRODUCT_ID,ORDER_CODE) values ('OD313',3,'1005','ORD128');
Insert into CM.SALE_DETAILS (ORDER_DETAIL,QTY,PRODUCT_ID,ORDER_CODE) values ('OD314',1,'1016','ORD129');
Insert into CM.SALE_DETAILS (ORDER_DETAIL,QTY,PRODUCT_ID,ORDER_CODE) values ('OD315',2,'1029','ORD129');
Insert into CM.SALE_DETAILS (ORDER_DETAIL,QTY,PRODUCT_ID,ORDER_CODE) values ('OD316',3,'1013','ORD129');
Insert into CM.SALE_DETAILS (ORDER_DETAIL,QTY,PRODUCT_ID,ORDER_CODE) values ('OD317',2,'1010','ORD129');
Insert into CM.SALE_DETAILS (ORDER_DETAIL,QTY,PRODUCT_ID,ORDER_CODE) values ('OD318',1,'1048','ORD130');
Insert into CM.SALE_DETAILS (ORDER_DETAIL,QTY,PRODUCT_ID,ORDER_CODE) values ('OD319',1,'1029','ORD130');
Insert into CM.SALE_DETAILS (ORDER_DETAIL,QTY,PRODUCT_ID,ORDER_CODE) values ('OD320',3,'1027','ORD130');
Insert into CM.SALE_DETAILS (ORDER_DETAIL,QTY,PRODUCT_ID,ORDER_CODE) values ('OD321',3,'1002','ORD131');
Insert into CM.SALE_DETAILS (ORDER_DETAIL,QTY,PRODUCT_ID,ORDER_CODE) values ('OD322',1,'1018','ORD131');
Insert into CM.SALE_DETAILS (ORDER_DETAIL,QTY,PRODUCT_ID,ORDER_CODE) values ('OD323',1,'1048','ORD131');
Insert into CM.SALE_DETAILS (ORDER_DETAIL,QTY,PRODUCT_ID,ORDER_CODE) values ('OD324',3,'1009','ORD132');
Insert into CM.SALE_DETAILS (ORDER_DETAIL,QTY,PRODUCT_ID,ORDER_CODE) values ('OD325',1,'1003','ORD132');
Insert into CM.SALE_DETAILS (ORDER_DETAIL,QTY,PRODUCT_ID,ORDER_CODE) values ('OD326',1,'1020','ORD132');
Insert into CM.SALE_DETAILS (ORDER_DETAIL,QTY,PRODUCT_ID,ORDER_CODE) values ('OD327',2,'1027','ORD132');
Insert into CM.SALE_DETAILS (ORDER_DETAIL,QTY,PRODUCT_ID,ORDER_CODE) values ('OD328',1,'1027','ORD133');
Insert into CM.SALE_DETAILS (ORDER_DETAIL,QTY,PRODUCT_ID,ORDER_CODE) values ('OD329',1,'1015','ORD133');
Insert into CM.SALE_DETAILS (ORDER_DETAIL,QTY,PRODUCT_ID,ORDER_CODE) values ('OD330',2,'1007','ORD134');
Insert into CM.SALE_DETAILS (ORDER_DETAIL,QTY,PRODUCT_ID,ORDER_CODE) values ('OD331',2,'1048','ORD135');
Insert into CM.SALE_DETAILS (ORDER_DETAIL,QTY,PRODUCT_ID,ORDER_CODE) values ('OD332',3,'1026','ORD135');
Insert into CM.SALE_DETAILS (ORDER_DETAIL,QTY,PRODUCT_ID,ORDER_CODE) values ('OD333',1,'1025','ORD135');
Insert into CM.SALE_DETAILS (ORDER_DETAIL,QTY,PRODUCT_ID,ORDER_CODE) values ('OD334',1,'1007','ORD135');
Insert into CM.SALE_DETAILS (ORDER_DETAIL,QTY,PRODUCT_ID,ORDER_CODE) values ('OD335',2,'1007','ORD136');
Insert into CM.SALE_DETAILS (ORDER_DETAIL,QTY,PRODUCT_ID,ORDER_CODE) values ('OD336',3,'1020','ORD137');
Insert into CM.SALE_DETAILS (ORDER_DETAIL,QTY,PRODUCT_ID,ORDER_CODE) values ('OD337',1,'1038','ORD138');
Insert into CM.SALE_DETAILS (ORDER_DETAIL,QTY,PRODUCT_ID,ORDER_CODE) values ('OD338',2,'1017','ORD139');
Insert into CM.SALE_DETAILS (ORDER_DETAIL,QTY,PRODUCT_ID,ORDER_CODE) values ('OD339',2,'1007','ORD139');
Insert into CM.SALE_DETAILS (ORDER_DETAIL,QTY,PRODUCT_ID,ORDER_CODE) values ('OD340',3,'1033','ORD139');
Insert into CM.SALE_DETAILS (ORDER_DETAIL,QTY,PRODUCT_ID,ORDER_CODE) values ('OD341',3,'1010','ORD140');
Insert into CM.SALE_DETAILS (ORDER_DETAIL,QTY,PRODUCT_ID,ORDER_CODE) values ('OD342',2,'1002','ORD140');
Insert into CM.SALE_DETAILS (ORDER_DETAIL,QTY,PRODUCT_ID,ORDER_CODE) values ('OD343',3,'1033','ORD141');
Insert into CM.SALE_DETAILS (ORDER_DETAIL,QTY,PRODUCT_ID,ORDER_CODE) values ('OD344',2,'1050','ORD142');
Insert into CM.SALE_DETAILS (ORDER_DETAIL,QTY,PRODUCT_ID,ORDER_CODE) values ('OD345',1,'1032','ORD142');
Insert into CM.SALE_DETAILS (ORDER_DETAIL,QTY,PRODUCT_ID,ORDER_CODE) values ('OD346',1,'1023','ORD142');
Insert into CM.SALE_DETAILS (ORDER_DETAIL,QTY,PRODUCT_ID,ORDER_CODE) values ('OD347',1,'1023','ORD142');
Insert into CM.SALE_DETAILS (ORDER_DETAIL,QTY,PRODUCT_ID,ORDER_CODE) values ('OD348',3,'1038','ORD143');
Insert into CM.SALE_DETAILS (ORDER_DETAIL,QTY,PRODUCT_ID,ORDER_CODE) values ('OD349',3,'1008','ORD143');
Insert into CM.SALE_DETAILS (ORDER_DETAIL,QTY,PRODUCT_ID,ORDER_CODE) values ('OD350',3,'1024','ORD143');
Insert into CM.SALE_DETAILS (ORDER_DETAIL,QTY,PRODUCT_ID,ORDER_CODE) values ('OD351',3,'1003','ORD143');
Insert into CM.SALE_DETAILS (ORDER_DETAIL,QTY,PRODUCT_ID,ORDER_CODE) values ('OD352',3,'1007','ORD144');
Insert into CM.SALE_DETAILS (ORDER_DETAIL,QTY,PRODUCT_ID,ORDER_CODE) values ('OD353',2,'1034','ORD144');
Insert into CM.SALE_DETAILS (ORDER_DETAIL,QTY,PRODUCT_ID,ORDER_CODE) values ('OD354',1,'1006','ORD144');
Insert into CM.SALE_DETAILS (ORDER_DETAIL,QTY,PRODUCT_ID,ORDER_CODE) values ('OD355',1,'1010','ORD144');
Insert into CM.SALE_DETAILS (ORDER_DETAIL,QTY,PRODUCT_ID,ORDER_CODE) values ('OD356',2,'1015','ORD145');
Insert into CM.SALE_DETAILS (ORDER_DETAIL,QTY,PRODUCT_ID,ORDER_CODE) values ('OD357',3,'1008','ORD146');
Insert into CM.SALE_DETAILS (ORDER_DETAIL,QTY,PRODUCT_ID,ORDER_CODE) values ('OD358',2,'1037','ORD146');
Insert into CM.SALE_DETAILS (ORDER_DETAIL,QTY,PRODUCT_ID,ORDER_CODE) values ('OD359',2,'1047','ORD146');
Insert into CM.SALE_DETAILS (ORDER_DETAIL,QTY,PRODUCT_ID,ORDER_CODE) values ('OD360',3,'1015','ORD146');
Insert into CM.SALE_DETAILS (ORDER_DETAIL,QTY,PRODUCT_ID,ORDER_CODE) values ('OD361',1,'1001','ORD147');
Insert into CM.SALE_DETAILS (ORDER_DETAIL,QTY,PRODUCT_ID,ORDER_CODE) values ('OD362',3,'1043','ORD147');
Insert into CM.SALE_DETAILS (ORDER_DETAIL,QTY,PRODUCT_ID,ORDER_CODE) values ('OD363',3,'1047','ORD148');
Insert into CM.SALE_DETAILS (ORDER_DETAIL,QTY,PRODUCT_ID,ORDER_CODE) values ('OD364',3,'1037','ORD148');
Insert into CM.SALE_DETAILS (ORDER_DETAIL,QTY,PRODUCT_ID,ORDER_CODE) values ('OD365',2,'1002','ORD148');
Insert into CM.SALE_DETAILS (ORDER_DETAIL,QTY,PRODUCT_ID,ORDER_CODE) values ('OD366',1,'1009','ORD149');
Insert into CM.SALE_DETAILS (ORDER_DETAIL,QTY,PRODUCT_ID,ORDER_CODE) values ('OD367',3,'1021','ORD150');
Insert into CM.SALE_DETAILS (ORDER_DETAIL,QTY,PRODUCT_ID,ORDER_CODE) values ('OD368',1,'1027','ORD150');
Insert into CM.SALE_DETAILS (ORDER_DETAIL,QTY,PRODUCT_ID,ORDER_CODE) values ('OD369',1,'1018','ORD150');
Insert into CM.SALE_DETAILS (ORDER_DETAIL,QTY,PRODUCT_ID,ORDER_CODE) values ('OD370',3,'1035','ORD151');
Insert into CM.SALE_DETAILS (ORDER_DETAIL,QTY,PRODUCT_ID,ORDER_CODE) values ('OD371',1,'1049','ORD151');
Insert into CM.SALE_DETAILS (ORDER_DETAIL,QTY,PRODUCT_ID,ORDER_CODE) values ('OD372',2,'1019','ORD151');
Insert into CM.SALE_DETAILS (ORDER_DETAIL,QTY,PRODUCT_ID,ORDER_CODE) values ('OD373',3,'1007','ORD151');
Insert into CM.SALE_DETAILS (ORDER_DETAIL,QTY,PRODUCT_ID,ORDER_CODE) values ('OD374',2,'1045','ORD152');
Insert into CM.SALE_DETAILS (ORDER_DETAIL,QTY,PRODUCT_ID,ORDER_CODE) values ('OD375',3,'1011','ORD152');
Insert into CM.SALE_DETAILS (ORDER_DETAIL,QTY,PRODUCT_ID,ORDER_CODE) values ('OD376',3,'1033','ORD152');
Insert into CM.SALE_DETAILS (ORDER_DETAIL,QTY,PRODUCT_ID,ORDER_CODE) values ('OD377',2,'1026','ORD152');
Insert into CM.SALE_DETAILS (ORDER_DETAIL,QTY,PRODUCT_ID,ORDER_CODE) values ('OD378',1,'1035','ORD153');
Insert into CM.SALE_DETAILS (ORDER_DETAIL,QTY,PRODUCT_ID,ORDER_CODE) values ('OD379',3,'1013','ORD153');
Insert into CM.SALE_DETAILS (ORDER_DETAIL,QTY,PRODUCT_ID,ORDER_CODE) values ('OD380',3,'1030','ORD153');
Insert into CM.SALE_DETAILS (ORDER_DETAIL,QTY,PRODUCT_ID,ORDER_CODE) values ('OD381',2,'1012','ORD153');
Insert into CM.SALE_DETAILS (ORDER_DETAIL,QTY,PRODUCT_ID,ORDER_CODE) values ('OD382',1,'1046','ORD154');
Insert into CM.SALE_DETAILS (ORDER_DETAIL,QTY,PRODUCT_ID,ORDER_CODE) values ('OD383',1,'1048','ORD155');
Insert into CM.SALE_DETAILS (ORDER_DETAIL,QTY,PRODUCT_ID,ORDER_CODE) values ('OD384',1,'1009','ORD155');
Insert into CM.SALE_DETAILS (ORDER_DETAIL,QTY,PRODUCT_ID,ORDER_CODE) values ('OD385',1,'1014','ORD155');
Insert into CM.SALE_DETAILS (ORDER_DETAIL,QTY,PRODUCT_ID,ORDER_CODE) values ('OD386',2,'1003','ORD155');
Insert into CM.SALE_DETAILS (ORDER_DETAIL,QTY,PRODUCT_ID,ORDER_CODE) values ('OD387',2,'1018','ORD156');
Insert into CM.SALE_DETAILS (ORDER_DETAIL,QTY,PRODUCT_ID,ORDER_CODE) values ('OD388',2,'1031','ORD156');
Insert into CM.SALE_DETAILS (ORDER_DETAIL,QTY,PRODUCT_ID,ORDER_CODE) values ('OD389',1,'1018','ORD157');
Insert into CM.SALE_DETAILS (ORDER_DETAIL,QTY,PRODUCT_ID,ORDER_CODE) values ('OD390',2,'1028','ORD158');
Insert into CM.SALE_DETAILS (ORDER_DETAIL,QTY,PRODUCT_ID,ORDER_CODE) values ('OD391',1,'1032','ORD159');
Insert into CM.SALE_DETAILS (ORDER_DETAIL,QTY,PRODUCT_ID,ORDER_CODE) values ('OD392',1,'1024','ORD160');
Insert into CM.SALE_DETAILS (ORDER_DETAIL,QTY,PRODUCT_ID,ORDER_CODE) values ('OD393',2,'1011','ORD160');
Insert into CM.SALE_DETAILS (ORDER_DETAIL,QTY,PRODUCT_ID,ORDER_CODE) values ('OD394',2,'1039','ORD160');
Insert into CM.SALE_DETAILS (ORDER_DETAIL,QTY,PRODUCT_ID,ORDER_CODE) values ('OD395',3,'1015','ORD160');
Insert into CM.SALE_DETAILS (ORDER_DETAIL,QTY,PRODUCT_ID,ORDER_CODE) values ('OD396',3,'1018','ORD161');
Insert into CM.SALE_DETAILS (ORDER_DETAIL,QTY,PRODUCT_ID,ORDER_CODE) values ('OD397',2,'1001','ORD161');
Insert into CM.SALE_DETAILS (ORDER_DETAIL,QTY,PRODUCT_ID,ORDER_CODE) values ('OD398',3,'1048','ORD161');
Insert into CM.SALE_DETAILS (ORDER_DETAIL,QTY,PRODUCT_ID,ORDER_CODE) values ('OD399',3,'1034','ORD162');
Insert into CM.SALE_DETAILS (ORDER_DETAIL,QTY,PRODUCT_ID,ORDER_CODE) values ('OD400',2,'1042','ORD162');
Insert into CM.SALE_DETAILS (ORDER_DETAIL,QTY,PRODUCT_ID,ORDER_CODE) values ('OD401',1,'1043','ORD162');
Insert into CM.SALE_DETAILS (ORDER_DETAIL,QTY,PRODUCT_ID,ORDER_CODE) values ('OD402',2,'1015','ORD163');
Insert into CM.SALE_DETAILS (ORDER_DETAIL,QTY,PRODUCT_ID,ORDER_CODE) values ('OD403',2,'1004','ORD163');
Insert into CM.SALE_DETAILS (ORDER_DETAIL,QTY,PRODUCT_ID,ORDER_CODE) values ('OD404',2,'1031','ORD163');
Insert into CM.SALE_DETAILS (ORDER_DETAIL,QTY,PRODUCT_ID,ORDER_CODE) values ('OD405',3,'1026','ORD164');
Insert into CM.SALE_DETAILS (ORDER_DETAIL,QTY,PRODUCT_ID,ORDER_CODE) values ('OD406',3,'1010','ORD164');
Insert into CM.SALE_DETAILS (ORDER_DETAIL,QTY,PRODUCT_ID,ORDER_CODE) values ('OD407',1,'1002','ORD165');
Insert into CM.SALE_DETAILS (ORDER_DETAIL,QTY,PRODUCT_ID,ORDER_CODE) values ('OD408',2,'1023','ORD165');
Insert into CM.SALE_DETAILS (ORDER_DETAIL,QTY,PRODUCT_ID,ORDER_CODE) values ('OD409',3,'1026','ORD165');
Insert into CM.SALE_DETAILS (ORDER_DETAIL,QTY,PRODUCT_ID,ORDER_CODE) values ('OD410',3,'1035','ORD165');
Insert into CM.SALE_DETAILS (ORDER_DETAIL,QTY,PRODUCT_ID,ORDER_CODE) values ('OD411',1,'1021','ORD166');
Insert into CM.SALE_DETAILS (ORDER_DETAIL,QTY,PRODUCT_ID,ORDER_CODE) values ('OD412',1,'1005','ORD166');
Insert into CM.SALE_DETAILS (ORDER_DETAIL,QTY,PRODUCT_ID,ORDER_CODE) values ('OD413',3,'1039','ORD166');
Insert into CM.SALE_DETAILS (ORDER_DETAIL,QTY,PRODUCT_ID,ORDER_CODE) values ('OD414',3,'1003','ORD167');
Insert into CM.SALE_DETAILS (ORDER_DETAIL,QTY,PRODUCT_ID,ORDER_CODE) values ('OD415',2,'1030','ORD167');
Insert into CM.SALE_DETAILS (ORDER_DETAIL,QTY,PRODUCT_ID,ORDER_CODE) values ('OD416',3,'1030','ORD168');
Insert into CM.SALE_DETAILS (ORDER_DETAIL,QTY,PRODUCT_ID,ORDER_CODE) values ('OD417',1,'1043','ORD169');
Insert into CM.SALE_DETAILS (ORDER_DETAIL,QTY,PRODUCT_ID,ORDER_CODE) values ('OD418',1,'1044','ORD169');
Insert into CM.SALE_DETAILS (ORDER_DETAIL,QTY,PRODUCT_ID,ORDER_CODE) values ('OD419',1,'1003','ORD169');
Insert into CM.SALE_DETAILS (ORDER_DETAIL,QTY,PRODUCT_ID,ORDER_CODE) values ('OD420',2,'1041','ORD169');
Insert into CM.SALE_DETAILS (ORDER_DETAIL,QTY,PRODUCT_ID,ORDER_CODE) values ('OD421',2,'1007','ORD170');
Insert into CM.SALE_DETAILS (ORDER_DETAIL,QTY,PRODUCT_ID,ORDER_CODE) values ('OD422',3,'1025','ORD171');
Insert into CM.SALE_DETAILS (ORDER_DETAIL,QTY,PRODUCT_ID,ORDER_CODE) values ('OD423',2,'1008','ORD171');
Insert into CM.SALE_DETAILS (ORDER_DETAIL,QTY,PRODUCT_ID,ORDER_CODE) values ('OD424',3,'1007','ORD171');
Insert into CM.SALE_DETAILS (ORDER_DETAIL,QTY,PRODUCT_ID,ORDER_CODE) values ('OD425',2,'1050','ORD172');
Insert into CM.SALE_DETAILS (ORDER_DETAIL,QTY,PRODUCT_ID,ORDER_CODE) values ('OD426',1,'1050','ORD172');
Insert into CM.SALE_DETAILS (ORDER_DETAIL,QTY,PRODUCT_ID,ORDER_CODE) values ('OD427',2,'1012','ORD172');
Insert into CM.SALE_DETAILS (ORDER_DETAIL,QTY,PRODUCT_ID,ORDER_CODE) values ('OD428',1,'1046','ORD172');
Insert into CM.SALE_DETAILS (ORDER_DETAIL,QTY,PRODUCT_ID,ORDER_CODE) values ('OD429',2,'1042','ORD173');
Insert into CM.SALE_DETAILS (ORDER_DETAIL,QTY,PRODUCT_ID,ORDER_CODE) values ('OD430',1,'1036','ORD173');
Insert into CM.SALE_DETAILS (ORDER_DETAIL,QTY,PRODUCT_ID,ORDER_CODE) values ('OD431',3,'1005','ORD173');
Insert into CM.SALE_DETAILS (ORDER_DETAIL,QTY,PRODUCT_ID,ORDER_CODE) values ('OD432',1,'1031','ORD173');
Insert into CM.SALE_DETAILS (ORDER_DETAIL,QTY,PRODUCT_ID,ORDER_CODE) values ('OD433',1,'1045','ORD174');
Insert into CM.SALE_DETAILS (ORDER_DETAIL,QTY,PRODUCT_ID,ORDER_CODE) values ('OD434',1,'1039','ORD175');
Insert into CM.SALE_DETAILS (ORDER_DETAIL,QTY,PRODUCT_ID,ORDER_CODE) values ('OD435',1,'1039','ORD175');
Insert into CM.SALE_DETAILS (ORDER_DETAIL,QTY,PRODUCT_ID,ORDER_CODE) values ('OD436',1,'1008','ORD175');
Insert into CM.SALE_DETAILS (ORDER_DETAIL,QTY,PRODUCT_ID,ORDER_CODE) values ('OD437',1,'1028','ORD176');
Insert into CM.SALE_DETAILS (ORDER_DETAIL,QTY,PRODUCT_ID,ORDER_CODE) values ('OD438',3,'1009','ORD176');
Insert into CM.SALE_DETAILS (ORDER_DETAIL,QTY,PRODUCT_ID,ORDER_CODE) values ('OD439',1,'1017','ORD176');
Insert into CM.SALE_DETAILS (ORDER_DETAIL,QTY,PRODUCT_ID,ORDER_CODE) values ('OD440',2,'1029','ORD177');
Insert into CM.SALE_DETAILS (ORDER_DETAIL,QTY,PRODUCT_ID,ORDER_CODE) values ('OD441',3,'1013','ORD177');
Insert into CM.SALE_DETAILS (ORDER_DETAIL,QTY,PRODUCT_ID,ORDER_CODE) values ('OD442',2,'1034','ORD177');
Insert into CM.SALE_DETAILS (ORDER_DETAIL,QTY,PRODUCT_ID,ORDER_CODE) values ('OD443',2,'1018','ORD178');
Insert into CM.SALE_DETAILS (ORDER_DETAIL,QTY,PRODUCT_ID,ORDER_CODE) values ('OD444',3,'1037','ORD179');
Insert into CM.SALE_DETAILS (ORDER_DETAIL,QTY,PRODUCT_ID,ORDER_CODE) values ('OD445',3,'1005','ORD179');
Insert into CM.SALE_DETAILS (ORDER_DETAIL,QTY,PRODUCT_ID,ORDER_CODE) values ('OD446',2,'1012','ORD180');
Insert into CM.SALE_DETAILS (ORDER_DETAIL,QTY,PRODUCT_ID,ORDER_CODE) values ('OD447',2,'1050','ORD180');
Insert into CM.SALE_DETAILS (ORDER_DETAIL,QTY,PRODUCT_ID,ORDER_CODE) values ('OD448',2,'1019','ORD180');
Insert into CM.SALE_DETAILS (ORDER_DETAIL,QTY,PRODUCT_ID,ORDER_CODE) values ('OD449',3,'1028','ORD181');
Insert into CM.SALE_DETAILS (ORDER_DETAIL,QTY,PRODUCT_ID,ORDER_CODE) values ('OD450',3,'1038','ORD181');
Insert into CM.SALE_DETAILS (ORDER_DETAIL,QTY,PRODUCT_ID,ORDER_CODE) values ('OD451',3,'1020','ORD181');
Insert into CM.SALE_DETAILS (ORDER_DETAIL,QTY,PRODUCT_ID,ORDER_CODE) values ('OD452',3,'1027','ORD182');
Insert into CM.SALE_DETAILS (ORDER_DETAIL,QTY,PRODUCT_ID,ORDER_CODE) values ('OD453',1,'1005','ORD182');
Insert into CM.SALE_DETAILS (ORDER_DETAIL,QTY,PRODUCT_ID,ORDER_CODE) values ('OD454',3,'1033','ORD182');
Insert into CM.SALE_DETAILS (ORDER_DETAIL,QTY,PRODUCT_ID,ORDER_CODE) values ('OD455',3,'1002','ORD182');
Insert into CM.SALE_DETAILS (ORDER_DETAIL,QTY,PRODUCT_ID,ORDER_CODE) values ('OD456',3,'1009','ORD183');
Insert into CM.SALE_DETAILS (ORDER_DETAIL,QTY,PRODUCT_ID,ORDER_CODE) values ('OD457',1,'1008','ORD183');
Insert into CM.SALE_DETAILS (ORDER_DETAIL,QTY,PRODUCT_ID,ORDER_CODE) values ('OD458',1,'1037','ORD184');
Insert into CM.SALE_DETAILS (ORDER_DETAIL,QTY,PRODUCT_ID,ORDER_CODE) values ('OD459',1,'1032','ORD184');
Insert into CM.SALE_DETAILS (ORDER_DETAIL,QTY,PRODUCT_ID,ORDER_CODE) values ('OD460',1,'1008','ORD185');
Insert into CM.SALE_DETAILS (ORDER_DETAIL,QTY,PRODUCT_ID,ORDER_CODE) values ('OD461',3,'1046','ORD185');
Insert into CM.SALE_DETAILS (ORDER_DETAIL,QTY,PRODUCT_ID,ORDER_CODE) values ('OD462',1,'1021','ORD185');
Insert into CM.SALE_DETAILS (ORDER_DETAIL,QTY,PRODUCT_ID,ORDER_CODE) values ('OD463',3,'1045','ORD185');
Insert into CM.SALE_DETAILS (ORDER_DETAIL,QTY,PRODUCT_ID,ORDER_CODE) values ('OD464',3,'1012','ORD186');
Insert into CM.SALE_DETAILS (ORDER_DETAIL,QTY,PRODUCT_ID,ORDER_CODE) values ('OD465',3,'1042','ORD186');
Insert into CM.SALE_DETAILS (ORDER_DETAIL,QTY,PRODUCT_ID,ORDER_CODE) values ('OD466',3,'1011','ORD186');
Insert into CM.SALE_DETAILS (ORDER_DETAIL,QTY,PRODUCT_ID,ORDER_CODE) values ('OD467',3,'1019','ORD187');
Insert into CM.SALE_DETAILS (ORDER_DETAIL,QTY,PRODUCT_ID,ORDER_CODE) values ('OD468',1,'1003','ORD188');
Insert into CM.SALE_DETAILS (ORDER_DETAIL,QTY,PRODUCT_ID,ORDER_CODE) values ('OD469',2,'1007','ORD188');
Insert into CM.SALE_DETAILS (ORDER_DETAIL,QTY,PRODUCT_ID,ORDER_CODE) values ('OD470',2,'1009','ORD188');
Insert into CM.SALE_DETAILS (ORDER_DETAIL,QTY,PRODUCT_ID,ORDER_CODE) values ('OD471',1,'1038','ORD188');
Insert into CM.SALE_DETAILS (ORDER_DETAIL,QTY,PRODUCT_ID,ORDER_CODE) values ('OD472',2,'1024','ORD189');
Insert into CM.SALE_DETAILS (ORDER_DETAIL,QTY,PRODUCT_ID,ORDER_CODE) values ('OD473',2,'1028','ORD189');
Insert into CM.SALE_DETAILS (ORDER_DETAIL,QTY,PRODUCT_ID,ORDER_CODE) values ('OD474',2,'1028','ORD189');
Insert into CM.SALE_DETAILS (ORDER_DETAIL,QTY,PRODUCT_ID,ORDER_CODE) values ('OD475',1,'1023','ORD189');
Insert into CM.SALE_DETAILS (ORDER_DETAIL,QTY,PRODUCT_ID,ORDER_CODE) values ('OD476',2,'1024','ORD190');
Insert into CM.SALE_DETAILS (ORDER_DETAIL,QTY,PRODUCT_ID,ORDER_CODE) values ('OD477',2,'1025','ORD190');
Insert into CM.SALE_DETAILS (ORDER_DETAIL,QTY,PRODUCT_ID,ORDER_CODE) values ('OD478',1,'1025','ORD190');
Insert into CM.SALE_DETAILS (ORDER_DETAIL,QTY,PRODUCT_ID,ORDER_CODE) values ('OD479',3,'1021','ORD191');
Insert into CM.SALE_DETAILS (ORDER_DETAIL,QTY,PRODUCT_ID,ORDER_CODE) values ('OD480',2,'1004','ORD191');
Insert into CM.SALE_DETAILS (ORDER_DETAIL,QTY,PRODUCT_ID,ORDER_CODE) values ('OD481',2,'1048','ORD192');
Insert into CM.SALE_DETAILS (ORDER_DETAIL,QTY,PRODUCT_ID,ORDER_CODE) values ('OD482',3,'1048','ORD192');
Insert into CM.SALE_DETAILS (ORDER_DETAIL,QTY,PRODUCT_ID,ORDER_CODE) values ('OD483',1,'1035','ORD192');
Insert into CM.SALE_DETAILS (ORDER_DETAIL,QTY,PRODUCT_ID,ORDER_CODE) values ('OD484',2,'1002','ORD193');
Insert into CM.SALE_DETAILS (ORDER_DETAIL,QTY,PRODUCT_ID,ORDER_CODE) values ('OD485',2,'1029','ORD193');
Insert into CM.SALE_DETAILS (ORDER_DETAIL,QTY,PRODUCT_ID,ORDER_CODE) values ('OD486',2,'1021','ORD193');
Insert into CM.SALE_DETAILS (ORDER_DETAIL,QTY,PRODUCT_ID,ORDER_CODE) values ('OD487',2,'1047','ORD194');
Insert into CM.SALE_DETAILS (ORDER_DETAIL,QTY,PRODUCT_ID,ORDER_CODE) values ('OD488',2,'1035','ORD194');
Insert into CM.SALE_DETAILS (ORDER_DETAIL,QTY,PRODUCT_ID,ORDER_CODE) values ('OD489',1,'1009','ORD195');
Insert into CM.SALE_DETAILS (ORDER_DETAIL,QTY,PRODUCT_ID,ORDER_CODE) values ('OD490',2,'1037','ORD195');
Insert into CM.SALE_DETAILS (ORDER_DETAIL,QTY,PRODUCT_ID,ORDER_CODE) values ('OD491',1,'1006','ORD195');
Insert into CM.SALE_DETAILS (ORDER_DETAIL,QTY,PRODUCT_ID,ORDER_CODE) values ('OD492',1,'1015','ORD195');
Insert into CM.SALE_DETAILS (ORDER_DETAIL,QTY,PRODUCT_ID,ORDER_CODE) values ('OD493',1,'1030','ORD196');
Insert into CM.SALE_DETAILS (ORDER_DETAIL,QTY,PRODUCT_ID,ORDER_CODE) values ('OD494',1,'1011','ORD196');
Insert into CM.SALE_DETAILS (ORDER_DETAIL,QTY,PRODUCT_ID,ORDER_CODE) values ('OD495',2,'1015','ORD196');
Insert into CM.SALE_DETAILS (ORDER_DETAIL,QTY,PRODUCT_ID,ORDER_CODE) values ('OD496',3,'1007','ORD196');
Insert into CM.SALE_DETAILS (ORDER_DETAIL,QTY,PRODUCT_ID,ORDER_CODE) values ('OD497',3,'1029','ORD197');
Insert into CM.SALE_DETAILS (ORDER_DETAIL,QTY,PRODUCT_ID,ORDER_CODE) values ('OD498',3,'1004','ORD197');
Insert into CM.SALE_DETAILS (ORDER_DETAIL,QTY,PRODUCT_ID,ORDER_CODE) values ('OD499',3,'1044','ORD198');
Insert into CM.SALE_DETAILS (ORDER_DETAIL,QTY,PRODUCT_ID,ORDER_CODE) values ('OD500',3,'1015','ORD198');
Insert into CM.SALE_DETAILS (ORDER_DETAIL,QTY,PRODUCT_ID,ORDER_CODE) values ('OD501',2,'1047','ORD198');
Insert into CM.SALE_DETAILS (ORDER_DETAIL,QTY,PRODUCT_ID,ORDER_CODE) values ('OD502',3,'1003','ORD198');
Insert into CM.SALE_DETAILS (ORDER_DETAIL,QTY,PRODUCT_ID,ORDER_CODE) values ('OD503',2,'1004','ORD199');
Insert into CM.SALE_DETAILS (ORDER_DETAIL,QTY,PRODUCT_ID,ORDER_CODE) values ('OD504',3,'1032','ORD200');
Insert into CM.SALE_DETAILS (ORDER_DETAIL,QTY,PRODUCT_ID,ORDER_CODE) values ('OD505',3,'1021','ORD200');
Insert into CM.SALE_DETAILS (ORDER_DETAIL,QTY,PRODUCT_ID,ORDER_CODE) values ('OD506',1,'1050','ORD200');
Insert into CM.SALE_DETAILS (ORDER_DETAIL,QTY,PRODUCT_ID,ORDER_CODE) values ('OD507',3,'1042','ORD201');
Insert into CM.SALE_DETAILS (ORDER_DETAIL,QTY,PRODUCT_ID,ORDER_CODE) values ('OD508',2,'1004','ORD201');
Insert into CM.SALE_DETAILS (ORDER_DETAIL,QTY,PRODUCT_ID,ORDER_CODE) values ('OD509',2,'1020','ORD202');
Insert into CM.SALE_DETAILS (ORDER_DETAIL,QTY,PRODUCT_ID,ORDER_CODE) values ('OD510',2,'1039','ORD202');
Insert into CM.SALE_DETAILS (ORDER_DETAIL,QTY,PRODUCT_ID,ORDER_CODE) values ('OD511',2,'1023','ORD202');
Insert into CM.SALE_DETAILS (ORDER_DETAIL,QTY,PRODUCT_ID,ORDER_CODE) values ('OD512',2,'1019','ORD203');
Insert into CM.SALE_DETAILS (ORDER_DETAIL,QTY,PRODUCT_ID,ORDER_CODE) values ('OD513',2,'1041','ORD204');
Insert into CM.SALE_DETAILS (ORDER_DETAIL,QTY,PRODUCT_ID,ORDER_CODE) values ('OD514',1,'1044','ORD204');
Insert into CM.SALE_DETAILS (ORDER_DETAIL,QTY,PRODUCT_ID,ORDER_CODE) values ('OD515',2,'1009','ORD204');
Insert into CM.SALE_DETAILS (ORDER_DETAIL,QTY,PRODUCT_ID,ORDER_CODE) values ('OD516',3,'1030','ORD204');
Insert into CM.SALE_DETAILS (ORDER_DETAIL,QTY,PRODUCT_ID,ORDER_CODE) values ('OD517',3,'1011','ORD205');
Insert into CM.SALE_DETAILS (ORDER_DETAIL,QTY,PRODUCT_ID,ORDER_CODE) values ('OD518',2,'1012','ORD206');
Insert into CM.SALE_DETAILS (ORDER_DETAIL,QTY,PRODUCT_ID,ORDER_CODE) values ('OD519',2,'1041','ORD207');
Insert into CM.SALE_DETAILS (ORDER_DETAIL,QTY,PRODUCT_ID,ORDER_CODE) values ('OD520',1,'1044','ORD208');
Insert into CM.SALE_DETAILS (ORDER_DETAIL,QTY,PRODUCT_ID,ORDER_CODE) values ('OD521',1,'1013','ORD209');
Insert into CM.SALE_DETAILS (ORDER_DETAIL,QTY,PRODUCT_ID,ORDER_CODE) values ('OD522',3,'1026','ORD209');
Insert into CM.SALE_DETAILS (ORDER_DETAIL,QTY,PRODUCT_ID,ORDER_CODE) values ('OD523',3,'1007','ORD210');
Insert into CM.SALE_DETAILS (ORDER_DETAIL,QTY,PRODUCT_ID,ORDER_CODE) values ('OD524',3,'1033','ORD210');
Insert into CM.SALE_DETAILS (ORDER_DETAIL,QTY,PRODUCT_ID,ORDER_CODE) values ('OD525',3,'1027','ORD211');
Insert into CM.SALE_DETAILS (ORDER_DETAIL,QTY,PRODUCT_ID,ORDER_CODE) values ('OD526',1,'1050','ORD211');
Insert into CM.SALE_DETAILS (ORDER_DETAIL,QTY,PRODUCT_ID,ORDER_CODE) values ('OD527',3,'1041','ORD211');
Insert into CM.SALE_DETAILS (ORDER_DETAIL,QTY,PRODUCT_ID,ORDER_CODE) values ('OD528',1,'1045','ORD211');
Insert into CM.SALE_DETAILS (ORDER_DETAIL,QTY,PRODUCT_ID,ORDER_CODE) values ('OD529',1,'1041','ORD212');
Insert into CM.SALE_DETAILS (ORDER_DETAIL,QTY,PRODUCT_ID,ORDER_CODE) values ('OD530',1,'1040','ORD212');
Insert into CM.SALE_DETAILS (ORDER_DETAIL,QTY,PRODUCT_ID,ORDER_CODE) values ('OD531',2,'1035','ORD212');
Insert into CM.SALE_DETAILS (ORDER_DETAIL,QTY,PRODUCT_ID,ORDER_CODE) values ('OD532',3,'1005','ORD212');
Insert into CM.SALE_DETAILS (ORDER_DETAIL,QTY,PRODUCT_ID,ORDER_CODE) values ('OD533',3,'1033','ORD213');
Insert into CM.SALE_DETAILS (ORDER_DETAIL,QTY,PRODUCT_ID,ORDER_CODE) values ('OD534',3,'1025','ORD213');
Insert into CM.SALE_DETAILS (ORDER_DETAIL,QTY,PRODUCT_ID,ORDER_CODE) values ('OD535',1,'1019','ORD213');
Insert into CM.SALE_DETAILS (ORDER_DETAIL,QTY,PRODUCT_ID,ORDER_CODE) values ('OD536',1,'1034','ORD213');
Insert into CM.SALE_DETAILS (ORDER_DETAIL,QTY,PRODUCT_ID,ORDER_CODE) values ('OD537',3,'1039','ORD214');
Insert into CM.SALE_DETAILS (ORDER_DETAIL,QTY,PRODUCT_ID,ORDER_CODE) values ('OD538',2,'1017','ORD214');
Insert into CM.SALE_DETAILS (ORDER_DETAIL,QTY,PRODUCT_ID,ORDER_CODE) values ('OD539',3,'1029','ORD214');
Insert into CM.SALE_DETAILS (ORDER_DETAIL,QTY,PRODUCT_ID,ORDER_CODE) values ('OD540',1,'1033','ORD215');
Insert into CM.SALE_DETAILS (ORDER_DETAIL,QTY,PRODUCT_ID,ORDER_CODE) values ('OD541',3,'1047','ORD216');
Insert into CM.SALE_DETAILS (ORDER_DETAIL,QTY,PRODUCT_ID,ORDER_CODE) values ('OD542',3,'1023','ORD217');
Insert into CM.SALE_DETAILS (ORDER_DETAIL,QTY,PRODUCT_ID,ORDER_CODE) values ('OD543',2,'1025','ORD217');
Insert into CM.SALE_DETAILS (ORDER_DETAIL,QTY,PRODUCT_ID,ORDER_CODE) values ('OD544',1,'1014','ORD218');
Insert into CM.SALE_DETAILS (ORDER_DETAIL,QTY,PRODUCT_ID,ORDER_CODE) values ('OD545',1,'1025','ORD219');
Insert into CM.SALE_DETAILS (ORDER_DETAIL,QTY,PRODUCT_ID,ORDER_CODE) values ('OD546',1,'1019','ORD219');
Insert into CM.SALE_DETAILS (ORDER_DETAIL,QTY,PRODUCT_ID,ORDER_CODE) values ('OD547',1,'1048','ORD219');
Insert into CM.SALE_DETAILS (ORDER_DETAIL,QTY,PRODUCT_ID,ORDER_CODE) values ('OD548',3,'1016','ORD219');
Insert into CM.SALE_DETAILS (ORDER_DETAIL,QTY,PRODUCT_ID,ORDER_CODE) values ('OD549',2,'1041','ORD220');
Insert into CM.SALE_DETAILS (ORDER_DETAIL,QTY,PRODUCT_ID,ORDER_CODE) values ('OD550',2,'1037','ORD220');
Insert into CM.SALE_DETAILS (ORDER_DETAIL,QTY,PRODUCT_ID,ORDER_CODE) values ('OD551',2,'1039','ORD220');
Insert into CM.SALE_DETAILS (ORDER_DETAIL,QTY,PRODUCT_ID,ORDER_CODE) values ('OD552',1,'1034','ORD220');
Insert into CM.SALE_DETAILS (ORDER_DETAIL,QTY,PRODUCT_ID,ORDER_CODE) values ('OD553',2,'1005','ORD221');
Insert into CM.SALE_DETAILS (ORDER_DETAIL,QTY,PRODUCT_ID,ORDER_CODE) values ('OD554',1,'1041','ORD221');
Insert into CM.SALE_DETAILS (ORDER_DETAIL,QTY,PRODUCT_ID,ORDER_CODE) values ('OD555',3,'1041','ORD221');
Insert into CM.SALE_DETAILS (ORDER_DETAIL,QTY,PRODUCT_ID,ORDER_CODE) values ('OD556',3,'1007','ORD222');
Insert into CM.SALE_DETAILS (ORDER_DETAIL,QTY,PRODUCT_ID,ORDER_CODE) values ('OD557',1,'1030','ORD222');
Insert into CM.SALE_DETAILS (ORDER_DETAIL,QTY,PRODUCT_ID,ORDER_CODE) values ('OD558',1,'1024','ORD223');
Insert into CM.SALE_DETAILS (ORDER_DETAIL,QTY,PRODUCT_ID,ORDER_CODE) values ('OD663',1,'1013','ORD273');
Insert into CM.SALE_DETAILS (ORDER_DETAIL,QTY,PRODUCT_ID,ORDER_CODE) values ('OD664',3,'1010','ORD274');
Insert into CM.SALE_DETAILS (ORDER_DETAIL,QTY,PRODUCT_ID,ORDER_CODE) values ('OD665',2,'1023','ORD274');
Insert into CM.SALE_DETAILS (ORDER_DETAIL,QTY,PRODUCT_ID,ORDER_CODE) values ('OD666',2,'1020','ORD275');
Insert into CM.SALE_DETAILS (ORDER_DETAIL,QTY,PRODUCT_ID,ORDER_CODE) values ('OD667',2,'1017','ORD276');
Insert into CM.SALE_DETAILS (ORDER_DETAIL,QTY,PRODUCT_ID,ORDER_CODE) values ('OD668',3,'1042','ORD276');
Insert into CM.SALE_DETAILS (ORDER_DETAIL,QTY,PRODUCT_ID,ORDER_CODE) values ('OD669',1,'1032','ORD276');
Insert into CM.SALE_DETAILS (ORDER_DETAIL,QTY,PRODUCT_ID,ORDER_CODE) values ('OD670',2,'1024','ORD277');
Insert into CM.SALE_DETAILS (ORDER_DETAIL,QTY,PRODUCT_ID,ORDER_CODE) values ('OD671',2,'1006','ORD277');
Insert into CM.SALE_DETAILS (ORDER_DETAIL,QTY,PRODUCT_ID,ORDER_CODE) values ('OD672',1,'1003','ORD277');
Insert into CM.SALE_DETAILS (ORDER_DETAIL,QTY,PRODUCT_ID,ORDER_CODE) values ('OD673',2,'1005','ORD278');
Insert into CM.SALE_DETAILS (ORDER_DETAIL,QTY,PRODUCT_ID,ORDER_CODE) values ('OD674',2,'1004','ORD279');
Insert into CM.SALE_DETAILS (ORDER_DETAIL,QTY,PRODUCT_ID,ORDER_CODE) values ('OD675',2,'1032','ORD279');
Insert into CM.SALE_DETAILS (ORDER_DETAIL,QTY,PRODUCT_ID,ORDER_CODE) values ('OD676',1,'1044','ORD279');
Insert into CM.SALE_DETAILS (ORDER_DETAIL,QTY,PRODUCT_ID,ORDER_CODE) values ('OD677',2,'1040','ORD280');
Insert into CM.SALE_DETAILS (ORDER_DETAIL,QTY,PRODUCT_ID,ORDER_CODE) values ('OD678',2,'1009','ORD280');
Insert into CM.SALE_DETAILS (ORDER_DETAIL,QTY,PRODUCT_ID,ORDER_CODE) values ('OD679',1,'1010','ORD280');
Insert into CM.SALE_DETAILS (ORDER_DETAIL,QTY,PRODUCT_ID,ORDER_CODE) values ('OD680',1,'1004','ORD281');
Insert into CM.SALE_DETAILS (ORDER_DETAIL,QTY,PRODUCT_ID,ORDER_CODE) values ('OD681',3,'1009','ORD281');
Insert into CM.SALE_DETAILS (ORDER_DETAIL,QTY,PRODUCT_ID,ORDER_CODE) values ('OD682',2,'1028','ORD282');
Insert into CM.SALE_DETAILS (ORDER_DETAIL,QTY,PRODUCT_ID,ORDER_CODE) values ('OD683',3,'1050','ORD282');
Insert into CM.SALE_DETAILS (ORDER_DETAIL,QTY,PRODUCT_ID,ORDER_CODE) values ('OD684',1,'1010','ORD282');
Insert into CM.SALE_DETAILS (ORDER_DETAIL,QTY,PRODUCT_ID,ORDER_CODE) values ('OD685',3,'1015','ORD282');
Insert into CM.SALE_DETAILS (ORDER_DETAIL,QTY,PRODUCT_ID,ORDER_CODE) values ('OD686',2,'1019','ORD283');
Insert into CM.SALE_DETAILS (ORDER_DETAIL,QTY,PRODUCT_ID,ORDER_CODE) values ('OD687',3,'1023','ORD283');
Insert into CM.SALE_DETAILS (ORDER_DETAIL,QTY,PRODUCT_ID,ORDER_CODE) values ('OD688',1,'1018','ORD283');
Insert into CM.SALE_DETAILS (ORDER_DETAIL,QTY,PRODUCT_ID,ORDER_CODE) values ('OD689',2,'1001','ORD283');
Insert into CM.SALE_DETAILS (ORDER_DETAIL,QTY,PRODUCT_ID,ORDER_CODE) values ('OD690',3,'1010','ORD284');
Insert into CM.SALE_DETAILS (ORDER_DETAIL,QTY,PRODUCT_ID,ORDER_CODE) values ('OD691',2,'1026','ORD284');
Insert into CM.SALE_DETAILS (ORDER_DETAIL,QTY,PRODUCT_ID,ORDER_CODE) values ('OD692',3,'1011','ORD284');
Insert into CM.SALE_DETAILS (ORDER_DETAIL,QTY,PRODUCT_ID,ORDER_CODE) values ('OD693',2,'1004','ORD285');
Insert into CM.SALE_DETAILS (ORDER_DETAIL,QTY,PRODUCT_ID,ORDER_CODE) values ('OD694',1,'1009','ORD286');
Insert into CM.SALE_DETAILS (ORDER_DETAIL,QTY,PRODUCT_ID,ORDER_CODE) values ('OD695',2,'1040','ORD286');
Insert into CM.SALE_DETAILS (ORDER_DETAIL,QTY,PRODUCT_ID,ORDER_CODE) values ('OD696',1,'1006','ORD286');
Insert into CM.SALE_DETAILS (ORDER_DETAIL,QTY,PRODUCT_ID,ORDER_CODE) values ('OD697',2,'1046','ORD286');
Insert into CM.SALE_DETAILS (ORDER_DETAIL,QTY,PRODUCT_ID,ORDER_CODE) values ('OD698',2,'1014','ORD287');
Insert into CM.SALE_DETAILS (ORDER_DETAIL,QTY,PRODUCT_ID,ORDER_CODE) values ('OD699',3,'1037','ORD287');
Insert into CM.SALE_DETAILS (ORDER_DETAIL,QTY,PRODUCT_ID,ORDER_CODE) values ('OD700',3,'1049','ORD288');
Insert into CM.SALE_DETAILS (ORDER_DETAIL,QTY,PRODUCT_ID,ORDER_CODE) values ('OD701',1,'1027','ORD288');
Insert into CM.SALE_DETAILS (ORDER_DETAIL,QTY,PRODUCT_ID,ORDER_CODE) values ('OD702',1,'1030','ORD288');
Insert into CM.SALE_DETAILS (ORDER_DETAIL,QTY,PRODUCT_ID,ORDER_CODE) values ('OD703',3,'1050','ORD288');
Insert into CM.SALE_DETAILS (ORDER_DETAIL,QTY,PRODUCT_ID,ORDER_CODE) values ('OD704',2,'1047','ORD289');
Insert into CM.SALE_DETAILS (ORDER_DETAIL,QTY,PRODUCT_ID,ORDER_CODE) values ('OD705',3,'1017','ORD290');
Insert into CM.SALE_DETAILS (ORDER_DETAIL,QTY,PRODUCT_ID,ORDER_CODE) values ('OD706',2,'1050','ORD290');
Insert into CM.SALE_DETAILS (ORDER_DETAIL,QTY,PRODUCT_ID,ORDER_CODE) values ('OD707',2,'1023','ORD290');
Insert into CM.SALE_DETAILS (ORDER_DETAIL,QTY,PRODUCT_ID,ORDER_CODE) values ('OD708',1,'1020','ORD291');
Insert into CM.SALE_DETAILS (ORDER_DETAIL,QTY,PRODUCT_ID,ORDER_CODE) values ('OD709',2,'1002','ORD291');
Insert into CM.SALE_DETAILS (ORDER_DETAIL,QTY,PRODUCT_ID,ORDER_CODE) values ('OD710',2,'1045','ORD292');
Insert into CM.SALE_DETAILS (ORDER_DETAIL,QTY,PRODUCT_ID,ORDER_CODE) values ('OD711',1,'1024','ORD292');
Insert into CM.SALE_DETAILS (ORDER_DETAIL,QTY,PRODUCT_ID,ORDER_CODE) values ('OD712',2,'1035','ORD292');
Insert into CM.SALE_DETAILS (ORDER_DETAIL,QTY,PRODUCT_ID,ORDER_CODE) values ('OD713',1,'1012','ORD293');
Insert into CM.SALE_DETAILS (ORDER_DETAIL,QTY,PRODUCT_ID,ORDER_CODE) values ('OD714',3,'1010','ORD293');
Insert into CM.SALE_DETAILS (ORDER_DETAIL,QTY,PRODUCT_ID,ORDER_CODE) values ('OD715',1,'1022','ORD294');
Insert into CM.SALE_DETAILS (ORDER_DETAIL,QTY,PRODUCT_ID,ORDER_CODE) values ('OD716',3,'1006','ORD294');
Insert into CM.SALE_DETAILS (ORDER_DETAIL,QTY,PRODUCT_ID,ORDER_CODE) values ('OD717',3,'1021','ORD294');
Insert into CM.SALE_DETAILS (ORDER_DETAIL,QTY,PRODUCT_ID,ORDER_CODE) values ('OD718',3,'1035','ORD294');
Insert into CM.SALE_DETAILS (ORDER_DETAIL,QTY,PRODUCT_ID,ORDER_CODE) values ('OD719',3,'1003','ORD295');
Insert into CM.SALE_DETAILS (ORDER_DETAIL,QTY,PRODUCT_ID,ORDER_CODE) values ('OD720',2,'1007','ORD296');
Insert into CM.SALE_DETAILS (ORDER_DETAIL,QTY,PRODUCT_ID,ORDER_CODE) values ('OD721',3,'1022','ORD297');
Insert into CM.SALE_DETAILS (ORDER_DETAIL,QTY,PRODUCT_ID,ORDER_CODE) values ('OD722',3,'1001','ORD297');
Insert into CM.SALE_DETAILS (ORDER_DETAIL,QTY,PRODUCT_ID,ORDER_CODE) values ('OD723',1,'1002','ORD297');
Insert into CM.SALE_DETAILS (ORDER_DETAIL,QTY,PRODUCT_ID,ORDER_CODE) values ('OD724',3,'1006','ORD297');
Insert into CM.SALE_DETAILS (ORDER_DETAIL,QTY,PRODUCT_ID,ORDER_CODE) values ('OD725',2,'1029','ORD298');
Insert into CM.SALE_DETAILS (ORDER_DETAIL,QTY,PRODUCT_ID,ORDER_CODE) values ('OD726',3,'1007','ORD298');
Insert into CM.SALE_DETAILS (ORDER_DETAIL,QTY,PRODUCT_ID,ORDER_CODE) values ('OD727',1,'1006','ORD298');
Insert into CM.SALE_DETAILS (ORDER_DETAIL,QTY,PRODUCT_ID,ORDER_CODE) values ('OD728',3,'1022','ORD299');
Insert into CM.SALE_DETAILS (ORDER_DETAIL,QTY,PRODUCT_ID,ORDER_CODE) values ('OD729',3,'1023','ORD299');
Insert into CM.SALE_DETAILS (ORDER_DETAIL,QTY,PRODUCT_ID,ORDER_CODE) values ('OD730',2,'1042','ORD299');
Insert into CM.SALE_DETAILS (ORDER_DETAIL,QTY,PRODUCT_ID,ORDER_CODE) values ('OD731',1,'1047','ORD300');
Insert into CM.SALE_DETAILS (ORDER_DETAIL,QTY,PRODUCT_ID,ORDER_CODE) values ('OD732',1,'1013','ORD300');
Insert into CM.SALE_DETAILS (ORDER_DETAIL,QTY,PRODUCT_ID,ORDER_CODE) values ('OD733',3,'1021','ORD300');
Insert into CM.SALE_DETAILS (ORDER_DETAIL,QTY,PRODUCT_ID,ORDER_CODE) values ('SALE285908940534000',3,'1017','ORD1763018361770');
Insert into CM.SALE_DETAILS (ORDER_DETAIL,QTY,PRODUCT_ID,ORDER_CODE) values ('SALE717954454961000',12,'1010','ORD1763105152784');
Insert into CM.SALE_DETAILS (ORDER_DETAIL,QTY,PRODUCT_ID,ORDER_CODE) values ('SALE718193179775500',10,'1001','ORD1763105391509');
Insert into CM.SALE_DETAILS (ORDER_DETAIL,QTY,PRODUCT_ID,ORDER_CODE) values ('SALE718355129612800',30,'1010','ORD1763105553459');
Insert into CM.SALE_DETAILS (ORDER_DETAIL,QTY,PRODUCT_ID,ORDER_CODE) values ('SALE719093291576800',100,'1010','ORD1763106291620');
Insert into CM.SALE_DETAILS (ORDER_DETAIL,QTY,PRODUCT_ID,ORDER_CODE) values ('SALE719620870355600',100,'1010','ORD1763106819199');
Insert into CM.SALE_DETAILS (ORDER_DETAIL,QTY,PRODUCT_ID,ORDER_CODE) values ('SALE114749633072800',2,'1001','ORD1763106864442');
Insert into CM.SALE_DETAILS (ORDER_DETAIL,QTY,PRODUCT_ID,ORDER_CODE) values ('SALE376761446670100',1,'1010','ORD1763367920814');
Insert into CM.SALE_DETAILS (ORDER_DETAIL,QTY,PRODUCT_ID,ORDER_CODE) values ('OD559',1,'1001','ORD224');
Insert into CM.SALE_DETAILS (ORDER_DETAIL,QTY,PRODUCT_ID,ORDER_CODE) values ('OD560',1,'1005','ORD224');
Insert into CM.SALE_DETAILS (ORDER_DETAIL,QTY,PRODUCT_ID,ORDER_CODE) values ('OD561',3,'1010','ORD225');
Insert into CM.SALE_DETAILS (ORDER_DETAIL,QTY,PRODUCT_ID,ORDER_CODE) values ('OD562',3,'1043','ORD226');
Insert into CM.SALE_DETAILS (ORDER_DETAIL,QTY,PRODUCT_ID,ORDER_CODE) values ('OD563',2,'1041','ORD226');
Insert into CM.SALE_DETAILS (ORDER_DETAIL,QTY,PRODUCT_ID,ORDER_CODE) values ('OD564',2,'1047','ORD227');
Insert into CM.SALE_DETAILS (ORDER_DETAIL,QTY,PRODUCT_ID,ORDER_CODE) values ('OD565',3,'1030','ORD227');
Insert into CM.SALE_DETAILS (ORDER_DETAIL,QTY,PRODUCT_ID,ORDER_CODE) values ('OD566',2,'1011','ORD227');
Insert into CM.SALE_DETAILS (ORDER_DETAIL,QTY,PRODUCT_ID,ORDER_CODE) values ('OD567',2,'1044','ORD227');
Insert into CM.SALE_DETAILS (ORDER_DETAIL,QTY,PRODUCT_ID,ORDER_CODE) values ('OD568',3,'1023','ORD228');
Insert into CM.SALE_DETAILS (ORDER_DETAIL,QTY,PRODUCT_ID,ORDER_CODE) values ('OD569',1,'1041','ORD229');
Insert into CM.SALE_DETAILS (ORDER_DETAIL,QTY,PRODUCT_ID,ORDER_CODE) values ('OD570',2,'1002','ORD230');
Insert into CM.SALE_DETAILS (ORDER_DETAIL,QTY,PRODUCT_ID,ORDER_CODE) values ('OD571',2,'1016','ORD231');
Insert into CM.SALE_DETAILS (ORDER_DETAIL,QTY,PRODUCT_ID,ORDER_CODE) values ('OD572',2,'1024','ORD231');
Insert into CM.SALE_DETAILS (ORDER_DETAIL,QTY,PRODUCT_ID,ORDER_CODE) values ('OD573',1,'1040','ORD231');
Insert into CM.SALE_DETAILS (ORDER_DETAIL,QTY,PRODUCT_ID,ORDER_CODE) values ('OD574',2,'1049','ORD231');
Insert into CM.SALE_DETAILS (ORDER_DETAIL,QTY,PRODUCT_ID,ORDER_CODE) values ('OD575',1,'1029','ORD232');
Insert into CM.SALE_DETAILS (ORDER_DETAIL,QTY,PRODUCT_ID,ORDER_CODE) values ('OD576',1,'1023','ORD233');
Insert into CM.SALE_DETAILS (ORDER_DETAIL,QTY,PRODUCT_ID,ORDER_CODE) values ('OD577',1,'1045','ORD233');
Insert into CM.SALE_DETAILS (ORDER_DETAIL,QTY,PRODUCT_ID,ORDER_CODE) values ('OD578',3,'1004','ORD233');
Insert into CM.SALE_DETAILS (ORDER_DETAIL,QTY,PRODUCT_ID,ORDER_CODE) values ('OD579',3,'1014','ORD234');
Insert into CM.SALE_DETAILS (ORDER_DETAIL,QTY,PRODUCT_ID,ORDER_CODE) values ('OD580',3,'1033','ORD234');
Insert into CM.SALE_DETAILS (ORDER_DETAIL,QTY,PRODUCT_ID,ORDER_CODE) values ('OD581',1,'1019','ORD235');
Insert into CM.SALE_DETAILS (ORDER_DETAIL,QTY,PRODUCT_ID,ORDER_CODE) values ('OD582',1,'1042','ORD235');
Insert into CM.SALE_DETAILS (ORDER_DETAIL,QTY,PRODUCT_ID,ORDER_CODE) values ('OD583',1,'1006','ORD236');
Insert into CM.SALE_DETAILS (ORDER_DETAIL,QTY,PRODUCT_ID,ORDER_CODE) values ('OD584',2,'1025','ORD236');
Insert into CM.SALE_DETAILS (ORDER_DETAIL,QTY,PRODUCT_ID,ORDER_CODE) values ('OD585',2,'1049','ORD236');
Insert into CM.SALE_DETAILS (ORDER_DETAIL,QTY,PRODUCT_ID,ORDER_CODE) values ('OD586',1,'1018','ORD237');
Insert into CM.SALE_DETAILS (ORDER_DETAIL,QTY,PRODUCT_ID,ORDER_CODE) values ('OD587',3,'1004','ORD238');
Insert into CM.SALE_DETAILS (ORDER_DETAIL,QTY,PRODUCT_ID,ORDER_CODE) values ('OD588',2,'1047','ORD238');
Insert into CM.SALE_DETAILS (ORDER_DETAIL,QTY,PRODUCT_ID,ORDER_CODE) values ('OD589',1,'1023','ORD239');
Insert into CM.SALE_DETAILS (ORDER_DETAIL,QTY,PRODUCT_ID,ORDER_CODE) values ('OD590',1,'1047','ORD239');
Insert into CM.SALE_DETAILS (ORDER_DETAIL,QTY,PRODUCT_ID,ORDER_CODE) values ('OD591',1,'1001','ORD240');
Insert into CM.SALE_DETAILS (ORDER_DETAIL,QTY,PRODUCT_ID,ORDER_CODE) values ('OD592',2,'1018','ORD241');
Insert into CM.SALE_DETAILS (ORDER_DETAIL,QTY,PRODUCT_ID,ORDER_CODE) values ('OD593',1,'1050','ORD241');
Insert into CM.SALE_DETAILS (ORDER_DETAIL,QTY,PRODUCT_ID,ORDER_CODE) values ('OD594',3,'1005','ORD241');
Insert into CM.SALE_DETAILS (ORDER_DETAIL,QTY,PRODUCT_ID,ORDER_CODE) values ('OD595',2,'1032','ORD241');
Insert into CM.SALE_DETAILS (ORDER_DETAIL,QTY,PRODUCT_ID,ORDER_CODE) values ('OD596',1,'1040','ORD242');
Insert into CM.SALE_DETAILS (ORDER_DETAIL,QTY,PRODUCT_ID,ORDER_CODE) values ('OD597',3,'1046','ORD242');
Insert into CM.SALE_DETAILS (ORDER_DETAIL,QTY,PRODUCT_ID,ORDER_CODE) values ('OD598',2,'1045','ORD242');
Insert into CM.SALE_DETAILS (ORDER_DETAIL,QTY,PRODUCT_ID,ORDER_CODE) values ('OD599',3,'1014','ORD243');
Insert into CM.SALE_DETAILS (ORDER_DETAIL,QTY,PRODUCT_ID,ORDER_CODE) values ('OD600',1,'1019','ORD243');
Insert into CM.SALE_DETAILS (ORDER_DETAIL,QTY,PRODUCT_ID,ORDER_CODE) values ('OD601',2,'1011','ORD243');
Insert into CM.SALE_DETAILS (ORDER_DETAIL,QTY,PRODUCT_ID,ORDER_CODE) values ('OD602',3,'1017','ORD243');
Insert into CM.SALE_DETAILS (ORDER_DETAIL,QTY,PRODUCT_ID,ORDER_CODE) values ('OD603',1,'1038','ORD244');
Insert into CM.SALE_DETAILS (ORDER_DETAIL,QTY,PRODUCT_ID,ORDER_CODE) values ('OD604',1,'1023','ORD245');
Insert into CM.SALE_DETAILS (ORDER_DETAIL,QTY,PRODUCT_ID,ORDER_CODE) values ('OD605',2,'1001','ORD246');
Insert into CM.SALE_DETAILS (ORDER_DETAIL,QTY,PRODUCT_ID,ORDER_CODE) values ('OD606',1,'1004','ORD246');
Insert into CM.SALE_DETAILS (ORDER_DETAIL,QTY,PRODUCT_ID,ORDER_CODE) values ('OD607',1,'1028','ORD247');
Insert into CM.SALE_DETAILS (ORDER_DETAIL,QTY,PRODUCT_ID,ORDER_CODE) values ('OD608',2,'1007','ORD247');
Insert into CM.SALE_DETAILS (ORDER_DETAIL,QTY,PRODUCT_ID,ORDER_CODE) values ('OD609',3,'1032','ORD248');
Insert into CM.SALE_DETAILS (ORDER_DETAIL,QTY,PRODUCT_ID,ORDER_CODE) values ('OD610',1,'1047','ORD248');
Insert into CM.SALE_DETAILS (ORDER_DETAIL,QTY,PRODUCT_ID,ORDER_CODE) values ('OD611',1,'1050','ORD248');
Insert into CM.SALE_DETAILS (ORDER_DETAIL,QTY,PRODUCT_ID,ORDER_CODE) values ('OD612',2,'1024','ORD248');
Insert into CM.SALE_DETAILS (ORDER_DETAIL,QTY,PRODUCT_ID,ORDER_CODE) values ('OD613',3,'1047','ORD249');
Insert into CM.SALE_DETAILS (ORDER_DETAIL,QTY,PRODUCT_ID,ORDER_CODE) values ('OD614',2,'1003','ORD249');
Insert into CM.SALE_DETAILS (ORDER_DETAIL,QTY,PRODUCT_ID,ORDER_CODE) values ('OD615',1,'1016','ORD249');
Insert into CM.SALE_DETAILS (ORDER_DETAIL,QTY,PRODUCT_ID,ORDER_CODE) values ('OD616',1,'1012','ORD250');
Insert into CM.SALE_DETAILS (ORDER_DETAIL,QTY,PRODUCT_ID,ORDER_CODE) values ('OD617',3,'1023','ORD250');
Insert into CM.SALE_DETAILS (ORDER_DETAIL,QTY,PRODUCT_ID,ORDER_CODE) values ('OD618',3,'1001','ORD250');
Insert into CM.SALE_DETAILS (ORDER_DETAIL,QTY,PRODUCT_ID,ORDER_CODE) values ('OD619',2,'1012','ORD251');
Insert into CM.SALE_DETAILS (ORDER_DETAIL,QTY,PRODUCT_ID,ORDER_CODE) values ('OD620',1,'1016','ORD252');
Insert into CM.SALE_DETAILS (ORDER_DETAIL,QTY,PRODUCT_ID,ORDER_CODE) values ('OD621',2,'1033','ORD252');
Insert into CM.SALE_DETAILS (ORDER_DETAIL,QTY,PRODUCT_ID,ORDER_CODE) values ('OD622',3,'1034','ORD253');
Insert into CM.SALE_DETAILS (ORDER_DETAIL,QTY,PRODUCT_ID,ORDER_CODE) values ('OD623',3,'1027','ORD254');
Insert into CM.SALE_DETAILS (ORDER_DETAIL,QTY,PRODUCT_ID,ORDER_CODE) values ('OD624',1,'1008','ORD254');
Insert into CM.SALE_DETAILS (ORDER_DETAIL,QTY,PRODUCT_ID,ORDER_CODE) values ('OD625',2,'1043','ORD255');
Insert into CM.SALE_DETAILS (ORDER_DETAIL,QTY,PRODUCT_ID,ORDER_CODE) values ('OD626',3,'1029','ORD256');
Insert into CM.SALE_DETAILS (ORDER_DETAIL,QTY,PRODUCT_ID,ORDER_CODE) values ('OD627',3,'1004','ORD257');
Insert into CM.SALE_DETAILS (ORDER_DETAIL,QTY,PRODUCT_ID,ORDER_CODE) values ('OD628',2,'1033','ORD257');
Insert into CM.SALE_DETAILS (ORDER_DETAIL,QTY,PRODUCT_ID,ORDER_CODE) values ('OD629',2,'1043','ORD257');
Insert into CM.SALE_DETAILS (ORDER_DETAIL,QTY,PRODUCT_ID,ORDER_CODE) values ('OD630',3,'1040','ORD258');
Insert into CM.SALE_DETAILS (ORDER_DETAIL,QTY,PRODUCT_ID,ORDER_CODE) values ('OD631',1,'1046','ORD258');
Insert into CM.SALE_DETAILS (ORDER_DETAIL,QTY,PRODUCT_ID,ORDER_CODE) values ('OD632',3,'1039','ORD258');
Insert into CM.SALE_DETAILS (ORDER_DETAIL,QTY,PRODUCT_ID,ORDER_CODE) values ('OD633',3,'1037','ORD259');
Insert into CM.SALE_DETAILS (ORDER_DETAIL,QTY,PRODUCT_ID,ORDER_CODE) values ('OD634',3,'1050','ORD260');
Insert into CM.SALE_DETAILS (ORDER_DETAIL,QTY,PRODUCT_ID,ORDER_CODE) values ('OD635',2,'1038','ORD260');
Insert into CM.SALE_DETAILS (ORDER_DETAIL,QTY,PRODUCT_ID,ORDER_CODE) values ('OD636',3,'1013','ORD260');
Insert into CM.SALE_DETAILS (ORDER_DETAIL,QTY,PRODUCT_ID,ORDER_CODE) values ('OD637',3,'1027','ORD260');
Insert into CM.SALE_DETAILS (ORDER_DETAIL,QTY,PRODUCT_ID,ORDER_CODE) values ('OD638',1,'1005','ORD261');
Insert into CM.SALE_DETAILS (ORDER_DETAIL,QTY,PRODUCT_ID,ORDER_CODE) values ('OD639',3,'1027','ORD261');
Insert into CM.SALE_DETAILS (ORDER_DETAIL,QTY,PRODUCT_ID,ORDER_CODE) values ('OD640',1,'1047','ORD262');
Insert into CM.SALE_DETAILS (ORDER_DETAIL,QTY,PRODUCT_ID,ORDER_CODE) values ('OD641',3,'1027','ORD263');
Insert into CM.SALE_DETAILS (ORDER_DETAIL,QTY,PRODUCT_ID,ORDER_CODE) values ('OD642',1,'1006','ORD263');
Insert into CM.SALE_DETAILS (ORDER_DETAIL,QTY,PRODUCT_ID,ORDER_CODE) values ('OD643',2,'1023','ORD263');
Insert into CM.SALE_DETAILS (ORDER_DETAIL,QTY,PRODUCT_ID,ORDER_CODE) values ('OD644',1,'1042','ORD264');
Insert into CM.SALE_DETAILS (ORDER_DETAIL,QTY,PRODUCT_ID,ORDER_CODE) values ('OD645',3,'1018','ORD264');
Insert into CM.SALE_DETAILS (ORDER_DETAIL,QTY,PRODUCT_ID,ORDER_CODE) values ('OD646',3,'1022','ORD264');
Insert into CM.SALE_DETAILS (ORDER_DETAIL,QTY,PRODUCT_ID,ORDER_CODE) values ('OD647',1,'1041','ORD264');
Insert into CM.SALE_DETAILS (ORDER_DETAIL,QTY,PRODUCT_ID,ORDER_CODE) values ('OD648',2,'1027','ORD265');
Insert into CM.SALE_DETAILS (ORDER_DETAIL,QTY,PRODUCT_ID,ORDER_CODE) values ('OD649',3,'1036','ORD266');
Insert into CM.SALE_DETAILS (ORDER_DETAIL,QTY,PRODUCT_ID,ORDER_CODE) values ('OD650',2,'1046','ORD267');
Insert into CM.SALE_DETAILS (ORDER_DETAIL,QTY,PRODUCT_ID,ORDER_CODE) values ('OD651',3,'1040','ORD268');
Insert into CM.SALE_DETAILS (ORDER_DETAIL,QTY,PRODUCT_ID,ORDER_CODE) values ('OD652',2,'1044','ORD268');
Insert into CM.SALE_DETAILS (ORDER_DETAIL,QTY,PRODUCT_ID,ORDER_CODE) values ('OD653',1,'1049','ORD269');
Insert into CM.SALE_DETAILS (ORDER_DETAIL,QTY,PRODUCT_ID,ORDER_CODE) values ('OD654',3,'1028','ORD269');
Insert into CM.SALE_DETAILS (ORDER_DETAIL,QTY,PRODUCT_ID,ORDER_CODE) values ('OD655',2,'1020','ORD269');
Insert into CM.SALE_DETAILS (ORDER_DETAIL,QTY,PRODUCT_ID,ORDER_CODE) values ('OD656',3,'1049','ORD269');
Insert into CM.SALE_DETAILS (ORDER_DETAIL,QTY,PRODUCT_ID,ORDER_CODE) values ('OD657',2,'1024','ORD270');
Insert into CM.SALE_DETAILS (ORDER_DETAIL,QTY,PRODUCT_ID,ORDER_CODE) values ('OD658',2,'1039','ORD270');
Insert into CM.SALE_DETAILS (ORDER_DETAIL,QTY,PRODUCT_ID,ORDER_CODE) values ('OD659',3,'1033','ORD271');
Insert into CM.SALE_DETAILS (ORDER_DETAIL,QTY,PRODUCT_ID,ORDER_CODE) values ('OD660',3,'1001','ORD272');
Insert into CM.SALE_DETAILS (ORDER_DETAIL,QTY,PRODUCT_ID,ORDER_CODE) values ('OD661',2,'1040','ORD272');
Insert into CM.SALE_DETAILS (ORDER_DETAIL,QTY,PRODUCT_ID,ORDER_CODE) values ('OD662',2,'1050','ORD272');
REM INSERTING into CM.VW_PENDING_CONSULTATION
SET DEFINE OFF;
Insert into CM.VW_PENDING_CONSULTATION (CUS_ID,INQUIRY_ID,INQUIRY_DATE,CONTENT,STATUS,ANSWER,ANS_DATE,ADM_ID) values ('CUS062','I0002',to_date('25/10/11','RR/MM/DD'),'비밀번호를 분실했습니다.','진행중','.',to_date('25/11/18','RR/MM/DD'),'ADMIN2');
Insert into CM.VW_PENDING_CONSULTATION (CUS_ID,INQUIRY_ID,INQUIRY_DATE,CONTENT,STATUS,ANSWER,ANS_DATE,ADM_ID) values ('CUS134','I0003',to_date('25/10/11','RR/MM/DD'),'결제 내역이 보이지 않습니다.','대기',null,null,'담당자 미정');
Insert into CM.VW_PENDING_CONSULTATION (CUS_ID,INQUIRY_ID,INQUIRY_DATE,CONTENT,STATUS,ANSWER,ANS_DATE,ADM_ID) values ('CUS105','I0004',to_date('25/11/01','RR/MM/DD'),'상품 환불 절차가 궁금합니다.','대기',null,null,'담당자 미정');
Insert into CM.VW_PENDING_CONSULTATION (CUS_ID,INQUIRY_ID,INQUIRY_DATE,CONTENT,STATUS,ANSWER,ANS_DATE,ADM_ID) values ('CUS111','I0005',to_date('25/11/01','RR/MM/DD'),'배송 주소를 변경하고 싶어요.','대기',null,null,'담당자 미정');
--------------------------------------------------------
--  DDL for Index PK_ADMIN
--------------------------------------------------------

  CREATE UNIQUE INDEX "CM"."PK_ADMIN" ON "CM"."ADMIN_TAB" ("ADM_ID") 
  PCTFREE 10 INITRANS 2 MAXTRANS 255 COMPUTE STATISTICS 
  STORAGE(INITIAL 65536 NEXT 1048576 MINEXTENTS 1 MAXEXTENTS 2147483645
  PCTINCREASE 0 FREELISTS 1 FREELIST GROUPS 1
  BUFFER_POOL DEFAULT FLASH_CACHE DEFAULT CELL_FLASH_CACHE DEFAULT)
  TABLESPACE "USERS" ;
--------------------------------------------------------
--  DDL for Index PK_CUSTOMER
--------------------------------------------------------

  CREATE UNIQUE INDEX "CM"."PK_CUSTOMER" ON "CM"."CUSTOMER" ("CUS_ID") 
  PCTFREE 10 INITRANS 2 MAXTRANS 255 COMPUTE STATISTICS 
  STORAGE(INITIAL 65536 NEXT 1048576 MINEXTENTS 1 MAXEXTENTS 2147483645
  PCTINCREASE 0 FREELISTS 1 FREELIST GROUPS 1
  BUFFER_POOL DEFAULT FLASH_CACHE DEFAULT CELL_FLASH_CACHE DEFAULT)
  TABLESPACE "USERS" ;
--------------------------------------------------------
--  DDL for Index PK_CUSTOMER_CLASS
--------------------------------------------------------

  CREATE UNIQUE INDEX "CM"."PK_CUSTOMER_CLASS" ON "CM"."CUSTOMER_CLASS" ("CLASS_ID") 
  PCTFREE 10 INITRANS 2 MAXTRANS 255 COMPUTE STATISTICS 
  STORAGE(INITIAL 65536 NEXT 1048576 MINEXTENTS 1 MAXEXTENTS 2147483645
  PCTINCREASE 0 FREELISTS 1 FREELIST GROUPS 1
  BUFFER_POOL DEFAULT FLASH_CACHE DEFAULT CELL_FLASH_CACHE DEFAULT)
  TABLESPACE "USERS" ;
--------------------------------------------------------
--  DDL for Index PK_CUSTOMER_LOGINRECORD
--------------------------------------------------------

  CREATE UNIQUE INDEX "CM"."PK_CUSTOMER_LOGINRECORD" ON "CM"."CUSTOMER_LOGINRECORD" ("LOGIN_ID") 
  PCTFREE 10 INITRANS 2 MAXTRANS 255 COMPUTE STATISTICS 
  STORAGE(INITIAL 65536 NEXT 1048576 MINEXTENTS 1 MAXEXTENTS 2147483645
  PCTINCREASE 0 FREELISTS 1 FREELIST GROUPS 1
  BUFFER_POOL DEFAULT FLASH_CACHE DEFAULT CELL_FLASH_CACHE DEFAULT)
  TABLESPACE "USERS" ;
--------------------------------------------------------
--  DDL for Index PK_CUSTOMER_MILEAGE
--------------------------------------------------------

  CREATE UNIQUE INDEX "CM"."PK_CUSTOMER_MILEAGE" ON "CM"."CUSTOMER_MILEAGE" ("MILEAGE_ID") 
  PCTFREE 10 INITRANS 2 MAXTRANS 255 COMPUTE STATISTICS 
  STORAGE(INITIAL 65536 NEXT 1048576 MINEXTENTS 1 MAXEXTENTS 2147483645
  PCTINCREASE 0 FREELISTS 1 FREELIST GROUPS 1
  BUFFER_POOL DEFAULT FLASH_CACHE DEFAULT CELL_FLASH_CACHE DEFAULT)
  TABLESPACE "USERS" ;
--------------------------------------------------------
--  DDL for Index PK_ORDER_DETAILS
--------------------------------------------------------

  CREATE UNIQUE INDEX "CM"."PK_ORDER_DETAILS" ON "CM"."ORDER_DETAILS" ("ORDER_CODE") 
  PCTFREE 10 INITRANS 2 MAXTRANS 255 COMPUTE STATISTICS 
  STORAGE(INITIAL 65536 NEXT 1048576 MINEXTENTS 1 MAXEXTENTS 2147483645
  PCTINCREASE 0 FREELISTS 1 FREELIST GROUPS 1
  BUFFER_POOL DEFAULT FLASH_CACHE DEFAULT CELL_FLASH_CACHE DEFAULT)
  TABLESPACE "USERS" ;
--------------------------------------------------------
--  DDL for Index PK_PRODUCT_CLASS_ID
--------------------------------------------------------

  CREATE UNIQUE INDEX "CM"."PK_PRODUCT_CLASS_ID" ON "CM"."PRODUCT_CLASS" ("PRODUCT_CLASS_ID") 
  PCTFREE 10 INITRANS 2 MAXTRANS 255 COMPUTE STATISTICS 
  STORAGE(INITIAL 65536 NEXT 1048576 MINEXTENTS 1 MAXEXTENTS 2147483645
  PCTINCREASE 0 FREELISTS 1 FREELIST GROUPS 1
  BUFFER_POOL DEFAULT FLASH_CACHE DEFAULT CELL_FLASH_CACHE DEFAULT)
  TABLESPACE "USERS" ;
--------------------------------------------------------
--  DDL for Index PK_PRODUCT_ID
--------------------------------------------------------

  CREATE UNIQUE INDEX "CM"."PK_PRODUCT_ID" ON "CM"."PRODUCT_TAB" ("PRODUCT_ID") 
  PCTFREE 10 INITRANS 2 MAXTRANS 255 COMPUTE STATISTICS 
  STORAGE(INITIAL 65536 NEXT 1048576 MINEXTENTS 1 MAXEXTENTS 2147483645
  PCTINCREASE 0 FREELISTS 1 FREELIST GROUPS 1
  BUFFER_POOL DEFAULT FLASH_CACHE DEFAULT CELL_FLASH_CACHE DEFAULT)
  TABLESPACE "USERS" ;
--------------------------------------------------------
--  DDL for Index PK_SALE_DETAILS
--------------------------------------------------------

  CREATE UNIQUE INDEX "CM"."PK_SALE_DETAILS" ON "CM"."SALE_DETAILS" ("ORDER_DETAIL") 
  PCTFREE 10 INITRANS 2 MAXTRANS 255 COMPUTE STATISTICS 
  STORAGE(INITIAL 65536 NEXT 1048576 MINEXTENTS 1 MAXEXTENTS 2147483645
  PCTINCREASE 0 FREELISTS 1 FREELIST GROUPS 1
  BUFFER_POOL DEFAULT FLASH_CACHE DEFAULT CELL_FLASH_CACHE DEFAULT)
  TABLESPACE "USERS" ;
--------------------------------------------------------
--  DDL for Index PK_ADMIN
--------------------------------------------------------

  CREATE UNIQUE INDEX "CM"."PK_ADMIN" ON "CM"."ADMIN_TAB" ("ADM_ID") 
  PCTFREE 10 INITRANS 2 MAXTRANS 255 COMPUTE STATISTICS 
  STORAGE(INITIAL 65536 NEXT 1048576 MINEXTENTS 1 MAXEXTENTS 2147483645
  PCTINCREASE 0 FREELISTS 1 FREELIST GROUPS 1
  BUFFER_POOL DEFAULT FLASH_CACHE DEFAULT CELL_FLASH_CACHE DEFAULT)
  TABLESPACE "USERS" ;
--------------------------------------------------------
--  DDL for Index PK_CUSTOMER
--------------------------------------------------------

  CREATE UNIQUE INDEX "CM"."PK_CUSTOMER" ON "CM"."CUSTOMER" ("CUS_ID") 
  PCTFREE 10 INITRANS 2 MAXTRANS 255 COMPUTE STATISTICS 
  STORAGE(INITIAL 65536 NEXT 1048576 MINEXTENTS 1 MAXEXTENTS 2147483645
  PCTINCREASE 0 FREELISTS 1 FREELIST GROUPS 1
  BUFFER_POOL DEFAULT FLASH_CACHE DEFAULT CELL_FLASH_CACHE DEFAULT)
  TABLESPACE "USERS" ;
--------------------------------------------------------
--  DDL for Index PK_CUSTOMER_CLASS
--------------------------------------------------------

  CREATE UNIQUE INDEX "CM"."PK_CUSTOMER_CLASS" ON "CM"."CUSTOMER_CLASS" ("CLASS_ID") 
  PCTFREE 10 INITRANS 2 MAXTRANS 255 COMPUTE STATISTICS 
  STORAGE(INITIAL 65536 NEXT 1048576 MINEXTENTS 1 MAXEXTENTS 2147483645
  PCTINCREASE 0 FREELISTS 1 FREELIST GROUPS 1
  BUFFER_POOL DEFAULT FLASH_CACHE DEFAULT CELL_FLASH_CACHE DEFAULT)
  TABLESPACE "USERS" ;
--------------------------------------------------------
--  DDL for Index PK_CUSTOMER_LOGINRECORD
--------------------------------------------------------

  CREATE UNIQUE INDEX "CM"."PK_CUSTOMER_LOGINRECORD" ON "CM"."CUSTOMER_LOGINRECORD" ("LOGIN_ID") 
  PCTFREE 10 INITRANS 2 MAXTRANS 255 COMPUTE STATISTICS 
  STORAGE(INITIAL 65536 NEXT 1048576 MINEXTENTS 1 MAXEXTENTS 2147483645
  PCTINCREASE 0 FREELISTS 1 FREELIST GROUPS 1
  BUFFER_POOL DEFAULT FLASH_CACHE DEFAULT CELL_FLASH_CACHE DEFAULT)
  TABLESPACE "USERS" ;
--------------------------------------------------------
--  DDL for Index PK_CUSTOMER_MILEAGE
--------------------------------------------------------

  CREATE UNIQUE INDEX "CM"."PK_CUSTOMER_MILEAGE" ON "CM"."CUSTOMER_MILEAGE" ("MILEAGE_ID") 
  PCTFREE 10 INITRANS 2 MAXTRANS 255 COMPUTE STATISTICS 
  STORAGE(INITIAL 65536 NEXT 1048576 MINEXTENTS 1 MAXEXTENTS 2147483645
  PCTINCREASE 0 FREELISTS 1 FREELIST GROUPS 1
  BUFFER_POOL DEFAULT FLASH_CACHE DEFAULT CELL_FLASH_CACHE DEFAULT)
  TABLESPACE "USERS" ;
--------------------------------------------------------
--  DDL for Index PK_ORDER_DETAILS
--------------------------------------------------------

  CREATE UNIQUE INDEX "CM"."PK_ORDER_DETAILS" ON "CM"."ORDER_DETAILS" ("ORDER_CODE") 
  PCTFREE 10 INITRANS 2 MAXTRANS 255 COMPUTE STATISTICS 
  STORAGE(INITIAL 65536 NEXT 1048576 MINEXTENTS 1 MAXEXTENTS 2147483645
  PCTINCREASE 0 FREELISTS 1 FREELIST GROUPS 1
  BUFFER_POOL DEFAULT FLASH_CACHE DEFAULT CELL_FLASH_CACHE DEFAULT)
  TABLESPACE "USERS" ;
--------------------------------------------------------
--  DDL for Index PK_PRODUCT_CLASS_ID
--------------------------------------------------------

  CREATE UNIQUE INDEX "CM"."PK_PRODUCT_CLASS_ID" ON "CM"."PRODUCT_CLASS" ("PRODUCT_CLASS_ID") 
  PCTFREE 10 INITRANS 2 MAXTRANS 255 COMPUTE STATISTICS 
  STORAGE(INITIAL 65536 NEXT 1048576 MINEXTENTS 1 MAXEXTENTS 2147483645
  PCTINCREASE 0 FREELISTS 1 FREELIST GROUPS 1
  BUFFER_POOL DEFAULT FLASH_CACHE DEFAULT CELL_FLASH_CACHE DEFAULT)
  TABLESPACE "USERS" ;
--------------------------------------------------------
--  DDL for Index PK_PRODUCT_ID
--------------------------------------------------------

  CREATE UNIQUE INDEX "CM"."PK_PRODUCT_ID" ON "CM"."PRODUCT_TAB" ("PRODUCT_ID") 
  PCTFREE 10 INITRANS 2 MAXTRANS 255 COMPUTE STATISTICS 
  STORAGE(INITIAL 65536 NEXT 1048576 MINEXTENTS 1 MAXEXTENTS 2147483645
  PCTINCREASE 0 FREELISTS 1 FREELIST GROUPS 1
  BUFFER_POOL DEFAULT FLASH_CACHE DEFAULT CELL_FLASH_CACHE DEFAULT)
  TABLESPACE "USERS" ;
--------------------------------------------------------
--  DDL for Index PK_SALE_DETAILS
--------------------------------------------------------

  CREATE UNIQUE INDEX "CM"."PK_SALE_DETAILS" ON "CM"."SALE_DETAILS" ("ORDER_DETAIL") 
  PCTFREE 10 INITRANS 2 MAXTRANS 255 COMPUTE STATISTICS 
  STORAGE(INITIAL 65536 NEXT 1048576 MINEXTENTS 1 MAXEXTENTS 2147483645
  PCTINCREASE 0 FREELISTS 1 FREELIST GROUPS 1
  BUFFER_POOL DEFAULT FLASH_CACHE DEFAULT CELL_FLASH_CACHE DEFAULT)
  TABLESPACE "USERS" ;
--------------------------------------------------------
--  Constraints for Table ADMIN_TAB
--------------------------------------------------------

  ALTER TABLE "CM"."ADMIN_TAB" ADD CONSTRAINT "PK_ADMIN" PRIMARY KEY ("ADM_ID")
  USING INDEX PCTFREE 10 INITRANS 2 MAXTRANS 255 COMPUTE STATISTICS 
  STORAGE(INITIAL 65536 NEXT 1048576 MINEXTENTS 1 MAXEXTENTS 2147483645
  PCTINCREASE 0 FREELISTS 1 FREELIST GROUPS 1
  BUFFER_POOL DEFAULT FLASH_CACHE DEFAULT CELL_FLASH_CACHE DEFAULT)
  TABLESPACE "USERS"  ENABLE;
  ALTER TABLE "CM"."ADMIN_TAB" MODIFY ("ADM_ID" NOT NULL ENABLE);
  ALTER TABLE "CM"."ADMIN_TAB" MODIFY ("ADM_PWD" NOT NULL ENABLE);
--------------------------------------------------------
--  Constraints for Table CONSULTATION
--------------------------------------------------------

  ALTER TABLE "CM"."CONSULTATION" MODIFY ("CUS_ID" NOT NULL ENABLE);
  ALTER TABLE "CM"."CONSULTATION" MODIFY ("INQUIRY_ID" NOT NULL ENABLE);
  ALTER TABLE "CM"."CONSULTATION" MODIFY ("INQUIRY_DATE" NOT NULL ENABLE);
  ALTER TABLE "CM"."CONSULTATION" MODIFY ("STATUS" NOT NULL ENABLE);
  ALTER TABLE "CM"."CONSULTATION" MODIFY ("ADM_ID" NOT NULL ENABLE);
  ALTER TABLE "CM"."CONSULTATION" ADD CONSTRAINT "CHK_STATUS" CHECK (STATUS IN ('대기', '진행중', '완료')) ENABLE;
--------------------------------------------------------
--  Constraints for Table CONSULTATION_LOG_BAK
--------------------------------------------------------

  ALTER TABLE "CM"."CONSULTATION_LOG_BAK" MODIFY ("INQUIRY_ID" NOT NULL ENABLE);
  ALTER TABLE "CM"."CONSULTATION_LOG_BAK" MODIFY ("CUS_ID" NOT NULL ENABLE);
  ALTER TABLE "CM"."CONSULTATION_LOG_BAK" MODIFY ("INQUIRY_DATE" NOT NULL ENABLE);
  ALTER TABLE "CM"."CONSULTATION_LOG_BAK" MODIFY ("STATUS" NOT NULL ENABLE);
  ALTER TABLE "CM"."CONSULTATION_LOG_BAK" MODIFY ("ADM_ID" NOT NULL ENABLE);
--------------------------------------------------------
--  Constraints for Table CUSTOMER
--------------------------------------------------------

  ALTER TABLE "CM"."CUSTOMER" ADD CONSTRAINT "PK_CUSTOMER" PRIMARY KEY ("CUS_ID")
  USING INDEX PCTFREE 10 INITRANS 2 MAXTRANS 255 COMPUTE STATISTICS 
  STORAGE(INITIAL 65536 NEXT 1048576 MINEXTENTS 1 MAXEXTENTS 2147483645
  PCTINCREASE 0 FREELISTS 1 FREELIST GROUPS 1
  BUFFER_POOL DEFAULT FLASH_CACHE DEFAULT CELL_FLASH_CACHE DEFAULT)
  TABLESPACE "USERS"  ENABLE;
  ALTER TABLE "CM"."CUSTOMER" MODIFY ("CUS_ID" NOT NULL ENABLE);
  ALTER TABLE "CM"."CUSTOMER" MODIFY ("PWD" NOT NULL ENABLE);
  ALTER TABLE "CM"."CUSTOMER" MODIFY ("NAME" NOT NULL ENABLE);
  ALTER TABLE "CM"."CUSTOMER" MODIFY ("REG" NOT NULL ENABLE);
  ALTER TABLE "CM"."CUSTOMER" MODIFY ("RRN" NOT NULL ENABLE);
  ALTER TABLE "CM"."CUSTOMER" MODIFY ("CLASS_ID" NOT NULL ENABLE);
  ALTER TABLE "CM"."CUSTOMER" MODIFY ("DORMANCY" NOT NULL ENABLE);
--------------------------------------------------------
--  Constraints for Table CUSTOMER_CLASS
--------------------------------------------------------

  ALTER TABLE "CM"."CUSTOMER_CLASS" ADD CONSTRAINT "PK_CUSTOMER_CLASS" PRIMARY KEY ("CLASS_ID")
  USING INDEX PCTFREE 10 INITRANS 2 MAXTRANS 255 COMPUTE STATISTICS 
  STORAGE(INITIAL 65536 NEXT 1048576 MINEXTENTS 1 MAXEXTENTS 2147483645
  PCTINCREASE 0 FREELISTS 1 FREELIST GROUPS 1
  BUFFER_POOL DEFAULT FLASH_CACHE DEFAULT CELL_FLASH_CACHE DEFAULT)
  TABLESPACE "USERS"  ENABLE;
  ALTER TABLE "CM"."CUSTOMER_CLASS" MODIFY ("CLASS_ID" NOT NULL ENABLE);
  ALTER TABLE "CM"."CUSTOMER_CLASS" MODIFY ("CLASS_LEVEL" NOT NULL ENABLE);
--------------------------------------------------------
--  Constraints for Table CUSTOMER_LOGINRECORD
--------------------------------------------------------

  ALTER TABLE "CM"."CUSTOMER_LOGINRECORD" MODIFY ("LOGIN_ID" NOT NULL ENABLE);
  ALTER TABLE "CM"."CUSTOMER_LOGINRECORD" MODIFY ("LOGIN_DATE" NOT NULL ENABLE);
  ALTER TABLE "CM"."CUSTOMER_LOGINRECORD" MODIFY ("CUS_ID" NOT NULL ENABLE);
  ALTER TABLE "CM"."CUSTOMER_LOGINRECORD" ADD CONSTRAINT "PK_CUSTOMER_LOGINRECORD" PRIMARY KEY ("LOGIN_ID")
  USING INDEX PCTFREE 10 INITRANS 2 MAXTRANS 255 COMPUTE STATISTICS 
  STORAGE(INITIAL 65536 NEXT 1048576 MINEXTENTS 1 MAXEXTENTS 2147483645
  PCTINCREASE 0 FREELISTS 1 FREELIST GROUPS 1
  BUFFER_POOL DEFAULT FLASH_CACHE DEFAULT CELL_FLASH_CACHE DEFAULT)
  TABLESPACE "USERS"  ENABLE;
--------------------------------------------------------
--  Constraints for Table CUSTOMER_MILEAGE
--------------------------------------------------------

  ALTER TABLE "CM"."CUSTOMER_MILEAGE" MODIFY ("MILEAGE_ID" NOT NULL ENABLE);
  ALTER TABLE "CM"."CUSTOMER_MILEAGE" MODIFY ("CUS_ID" NOT NULL ENABLE);
  ALTER TABLE "CM"."CUSTOMER_MILEAGE" ADD CONSTRAINT "PK_CUSTOMER_MILEAGE" PRIMARY KEY ("MILEAGE_ID")
  USING INDEX PCTFREE 10 INITRANS 2 MAXTRANS 255 COMPUTE STATISTICS 
  STORAGE(INITIAL 65536 NEXT 1048576 MINEXTENTS 1 MAXEXTENTS 2147483645
  PCTINCREASE 0 FREELISTS 1 FREELIST GROUPS 1
  BUFFER_POOL DEFAULT FLASH_CACHE DEFAULT CELL_FLASH_CACHE DEFAULT)
  TABLESPACE "USERS"  ENABLE;
--------------------------------------------------------
--  Constraints for Table ORDER_DETAILS
--------------------------------------------------------

  ALTER TABLE "CM"."ORDER_DETAILS" ADD CONSTRAINT "PK_ORDER_DETAILS" PRIMARY KEY ("ORDER_CODE")
  USING INDEX PCTFREE 10 INITRANS 2 MAXTRANS 255 COMPUTE STATISTICS 
  STORAGE(INITIAL 65536 NEXT 1048576 MINEXTENTS 1 MAXEXTENTS 2147483645
  PCTINCREASE 0 FREELISTS 1 FREELIST GROUPS 1
  BUFFER_POOL DEFAULT FLASH_CACHE DEFAULT CELL_FLASH_CACHE DEFAULT)
  TABLESPACE "USERS"  ENABLE;
  ALTER TABLE "CM"."ORDER_DETAILS" MODIFY ("ORDER_CODE" NOT NULL ENABLE);
  ALTER TABLE "CM"."ORDER_DETAILS" MODIFY ("ORDER_PRICE" NOT NULL ENABLE);
  ALTER TABLE "CM"."ORDER_DETAILS" MODIFY ("ORDER_DATE" NOT NULL ENABLE);
  ALTER TABLE "CM"."ORDER_DETAILS" MODIFY ("TOTAL_COST" NOT NULL ENABLE);
  ALTER TABLE "CM"."ORDER_DETAILS" MODIFY ("CUS_ID" NOT NULL ENABLE);
--------------------------------------------------------
--  Constraints for Table PRODUCT_CLASS
--------------------------------------------------------

  ALTER TABLE "CM"."PRODUCT_CLASS" MODIFY ("PRODUCT_CLASS_ID" NOT NULL ENABLE);
  ALTER TABLE "CM"."PRODUCT_CLASS" MODIFY ("PRODUCT_CLASS_NAME" NOT NULL ENABLE);
  ALTER TABLE "CM"."PRODUCT_CLASS" ADD CONSTRAINT "PK_PRODUCT_CLASS_ID" PRIMARY KEY ("PRODUCT_CLASS_ID")
  USING INDEX PCTFREE 10 INITRANS 2 MAXTRANS 255 COMPUTE STATISTICS 
  STORAGE(INITIAL 65536 NEXT 1048576 MINEXTENTS 1 MAXEXTENTS 2147483645
  PCTINCREASE 0 FREELISTS 1 FREELIST GROUPS 1
  BUFFER_POOL DEFAULT FLASH_CACHE DEFAULT CELL_FLASH_CACHE DEFAULT)
  TABLESPACE "USERS"  ENABLE;
--------------------------------------------------------
--  Constraints for Table PRODUCT_TAB
--------------------------------------------------------

  ALTER TABLE "CM"."PRODUCT_TAB" ADD CONSTRAINT "PK_PRODUCT_ID" PRIMARY KEY ("PRODUCT_ID")
  USING INDEX PCTFREE 10 INITRANS 2 MAXTRANS 255 COMPUTE STATISTICS 
  STORAGE(INITIAL 65536 NEXT 1048576 MINEXTENTS 1 MAXEXTENTS 2147483645
  PCTINCREASE 0 FREELISTS 1 FREELIST GROUPS 1
  BUFFER_POOL DEFAULT FLASH_CACHE DEFAULT CELL_FLASH_CACHE DEFAULT)
  TABLESPACE "USERS"  ENABLE;
  ALTER TABLE "CM"."PRODUCT_TAB" MODIFY ("PRODUCT_ID" NOT NULL ENABLE);
  ALTER TABLE "CM"."PRODUCT_TAB" MODIFY ("PRODUCT_CLASS_ID" NOT NULL ENABLE);
--------------------------------------------------------
--  Constraints for Table SALE_DETAILS
--------------------------------------------------------

  ALTER TABLE "CM"."SALE_DETAILS" ADD CONSTRAINT "PK_SALE_DETAILS" PRIMARY KEY ("ORDER_DETAIL")
  USING INDEX PCTFREE 10 INITRANS 2 MAXTRANS 255 COMPUTE STATISTICS 
  STORAGE(INITIAL 65536 NEXT 1048576 MINEXTENTS 1 MAXEXTENTS 2147483645
  PCTINCREASE 0 FREELISTS 1 FREELIST GROUPS 1
  BUFFER_POOL DEFAULT FLASH_CACHE DEFAULT CELL_FLASH_CACHE DEFAULT)
  TABLESPACE "USERS"  ENABLE;
  ALTER TABLE "CM"."SALE_DETAILS" MODIFY ("ORDER_DETAIL" NOT NULL ENABLE);
  ALTER TABLE "CM"."SALE_DETAILS" MODIFY ("PRODUCT_ID" NOT NULL ENABLE);
  ALTER TABLE "CM"."SALE_DETAILS" MODIFY ("ORDER_CODE" NOT NULL ENABLE);
--------------------------------------------------------
--  Ref Constraints for Table CUSTOMER
--------------------------------------------------------

  ALTER TABLE "CM"."CUSTOMER" ADD CONSTRAINT "FK_CUSTOMER_CLASS_CLASS_ID" FOREIGN KEY ("CLASS_ID")
	  REFERENCES "CM"."CUSTOMER_CLASS" ("CLASS_ID") ENABLE;
--------------------------------------------------------
--  Ref Constraints for Table CUSTOMER_LOGINRECORD
--------------------------------------------------------

  ALTER TABLE "CM"."CUSTOMER_LOGINRECORD" ADD CONSTRAINT "FK_CUSTOMER_LOGINRECORD_CUS_ID" FOREIGN KEY ("CUS_ID")
	  REFERENCES "CM"."CUSTOMER" ("CUS_ID") ENABLE;
--------------------------------------------------------
--  Ref Constraints for Table CUSTOMER_MILEAGE
--------------------------------------------------------

  ALTER TABLE "CM"."CUSTOMER_MILEAGE" ADD CONSTRAINT "FK_CUSTOMER_MILEAGE_ORDERCODE" FOREIGN KEY ("ORDER_CODE")
	  REFERENCES "CM"."ORDER_DETAILS" ("ORDER_CODE") ENABLE;
  ALTER TABLE "CM"."CUSTOMER_MILEAGE" ADD CONSTRAINT "FK_CUSTOMER_MILEAGE" FOREIGN KEY ("CUS_ID")
	  REFERENCES "CM"."CUSTOMER" ("CUS_ID") ENABLE;
--------------------------------------------------------
--  Ref Constraints for Table ORDER_DETAILS
--------------------------------------------------------

  ALTER TABLE "CM"."ORDER_DETAILS" ADD CONSTRAINT "FK_ORDER_DETAILS_CUS_ID" FOREIGN KEY ("CUS_ID")
	  REFERENCES "CM"."CUSTOMER" ("CUS_ID") ENABLE;
--------------------------------------------------------
--  Ref Constraints for Table PRODUCT_TAB
--------------------------------------------------------

  ALTER TABLE "CM"."PRODUCT_TAB" ADD CONSTRAINT "FK_PRODUCT_TAB_ID" FOREIGN KEY ("PRODUCT_CLASS_ID")
	  REFERENCES "CM"."PRODUCT_CLASS" ("PRODUCT_CLASS_ID") ENABLE;
--------------------------------------------------------
--  Ref Constraints for Table SALE_DETAILS
--------------------------------------------------------

  ALTER TABLE "CM"."SALE_DETAILS" ADD CONSTRAINT "FK_SALE_DETAILS_ORDER_CODE" FOREIGN KEY ("ORDER_CODE")
	  REFERENCES "CM"."ORDER_DETAILS" ("ORDER_CODE") ENABLE;
  ALTER TABLE "CM"."SALE_DETAILS" ADD CONSTRAINT "FK_SALE_DETAILS_PRODUCT_ID" FOREIGN KEY ("PRODUCT_ID")
	  REFERENCES "CM"."PRODUCT_TAB" ("PRODUCT_ID") ENABLE;
